PROMEDIO_SIETE;NOTA_FGEP;NOTA_HIST;NOTA_CCON;NOTA_L_DOS;NOTA_AIELEC;NOTA_SUBEL;VECES_SUBEL;VECES_FGEP;VECES_L_DOS;VECES_HIST;NOTA_L_UNO;RENDIMIENTO_OCHO
34;42;43;45;47;34;31;1;1;1;1;44;2
36;45;45;45;46;35;36;1;1;1;1;46;3
38;41;48;43;44;42;32;2;1;1;2;46;2
38;32;42;47;44;38;32;1;1;1;1;46;2
34;43;44;48;45;32;36;1;1;1;1;42;3
32;42;48;39;42;37;35;1;1;1;1;42;2
34;32;48;47;47;36;38;1;1;1;1;35;3
37;34;44;50;37;34;33;2;1;1;1;43;2
34;44;46;45;34;38;30;2;1;1;1;46;2
37;44;46;46;45;35;38;1;1;1;1;41;2
35;34;47;45;42;42;30;1;1;1;1;49;2
36;33;47;45;35;36;30;1;1;1;1;34;2
37;37;45;46;39;33;38;3;1;1;1;43;2
38;44;42;46;42;35;31;1;1;1;1;44;2
41;40;48;38;44;41;41;1;1;1;1;46;3
33;48;46;43;41;34;36;1;1;1;1;44;3
36;39;44;47;42;39;34;1;1;1;1;47;2
38;44;42;42;36;38;41;1;1;1;1;40;3
38;40;43;44;45;39;34;1;1;1;1;46;3
35;36;33;45;41;34;33;2;1;1;1;45;2
38;30;37;47;40;36;30;2;1;1;1;36;2
34;35;48;44;47;32;33;2;1;1;1;47;2
34;45;45;44;46;34;34;1;1;1;1;48;3
34;39;42;44;38;33;34;1;1;1;1;35;2
37;41;43;45;38;33;35;3;1;1;1;46;2
35;39;48;48;45;34;35;1;1;1;1;43;3
36;37;43;43;42;32;30;1;1;1;1;42;2
35;40;45;34;42;38;35;1;1;1;1;43;3
34;39;30;35;35;34;32;1;1;1;1;37;2
35;37;45;41;41;34;35;2;1;1;1;42;2
39;35;32;39;41;35;34;2;1;1;1;47;2
35;38;47;42;46;33;38;1;1;1;1;43;3
36;43;46;44;43;37;33;1;1;1;1;42;3
35;31;48;47;38;30;34;1;1;1;1;40;2
37;33;45;42;44;34;32;2;1;1;1;46;2
42;39;44;43;45;35;33;1;1;1;1;43;2
41;32;44;47;41;0;0;0;1;1;1;41;3
34;35;42;40;35;37;30;1;1;1;1;43;2
36;45;47;47;46;35;38;1;1;1;1;47;3
35;40;44;49;42;30;30;1;1;1;1;42;2
31;0;0;0;0;32;0;0;0;0;0;0;2
36;41;38;45;48;35;35;2;2;1;1;42;2
36;39;43;43;37;35;30;2;2;1;1;44;2
37;40;46;46;42;33;37;3;1;1;1;44;2
37;40;42;45;44;37;43;2;1;1;1;41;3
36;36;39;42;48;33;37;1;1;1;2;43;2
33;47;50;47;37;34;30;1;1;1;1;44;2
33;34;45;42;46;34;30;3;1;1;1;40;2
34;42;45;43;39;35;35;3;1;1;1;35;2
34;47;50;46;42;31;30;1;1;1;1;50;3
35;37;44;45;50;37;37;2;1;1;1;40;2
34;32;42;37;44;30;31;2;1;1;1;41;2
42;49;45;46;36;30;30;2;1;1;1;47;2
38;34;47;40;45;32;37;1;1;1;1;50;2
36;38;42;47;44;36;30;2;1;1;1;48;2
35;33;42;45;45;39;32;1;1;1;1;40;2
36;48;45;49;48;39;31;2;1;1;1;48;3
36;38;44;38;42;32;34;1;1;1;1;43;2
39;40;47;39;48;38;30;2;1;1;1;44;2
35;45;43;47;36;34;36;4;1;1;1;41;2
35;44;41;36;42;40;17;4;1;1;1;50;2
28;34;44;0;33;0;0;0;2;1;1;45;2
36;46;47;45;46;37;35;1;1;1;1;46;3
38;47;41;41;50;35;30;1;1;1;1;50;3
17;12;41;0;31;0;0;0;1;1;1;39;2
34;33;34;36;43;32;34;2;1;1;1;50;2
24;0;0;41;31;0;0;0;0;1;0;40;2
33;33;42;43;40;30;38;3;1;1;1;40;2
33;32;46;47;37;32;37;3;1;1;1;42;2
37;47;45;38;44;33;10;2;1;1;1;50;2
36;34;45;44;48;33;33;1;1;1;1;48;2
37;31;44;47;31;39;35;2;1;1;1;35;2
39;0;30;0;41;0;0;0;0;1;1;39;2
37;37;44;47;49;35;35;2;1;1;1;50;2
36;37;39;30;40;30;30;3;2;1;1;42;2
37;30;30;35;48;31;38;3;1;1;1;50;2
33;47;40;43;39;34;30;1;1;1;1;42;2
37;37;47;37;34;36;36;2;1;1;1;40;2
34;35;40;47;37;34;32;3;1;1;1;48;2
36;46;41;47;45;34;35;2;1;1;1;50;3
34;44;33;35;42;30;41;2;1;1;1;41;2
37;47;47;43;43;33;36;1;1;1;1;40;3
31;32;42;41;46;28;0;0;1;1;1;44;2
34;37;44;48;46;38;30;2;1;1;1;48;2
34;42;33;37;36;34;32;1;2;1;1;33;2
40;30;46;37;42;37;36;1;1;1;1;46;2
33;38;38;44;42;31;30;1;1;1;1;38;2
35;44;41;47;40;30;32;1;1;1;1;45;2
36;44;47;50;38;37;32;2;1;1;1;42;2
35;45;31;46;42;35;31;1;1;1;1;50;2
50;0;0;30;0;0;0;0;0;0;0;50;1
32;44;41;38;39;30;33;1;1;1;1;42;2
33;42;44;43;43;32;30;2;2;1;1;40;2
22;47;31;0;35;0;0;0;1;1;1;31;2
35;33;42;46;44;38;34;1;1;1;1;40;2
33;48;38;43;42;36;30;1;1;2;2;35;2
36;32;32;46;39;30;30;2;1;1;1;47;2
33;48;30;47;45;38;36;2;1;1;1;47;2
33;47;43;44;47;35;34;1;1;1;1;44;3
33;35;45;44;43;35;0;0;2;1;1;46;2
31;44;41;48;49;36;31;1;1;1;1;37;3
31;40;41;42;43;0;0;0;1;1;1;50;3
34;47;34;42;32;30;34;3;1;1;1;35;2
33;37;30;40;40;32;34;2;1;1;1;43;2
34;44;43;41;35;30;0;0;1;1;1;46;2
18;36;0;0;0;0;0;0;1;0;0;36;2
37;33;45;43;47;36;39;2;1;1;1;45;3
34;33;44;40;32;34;30;1;1;1;1;38;2
41;45;48;45;38;35;32;1;1;1;1;49;2
38;47;33;43;0;32;37;1;1;0;1;43;2
26;0;30;39;0;31;0;0;0;0;1;44;2
35;43;43;44;41;32;36;2;1;1;1;41;2
35;44;36;44;34;37;36;2;1;1;1;42;2
33;38;44;40;36;32;36;2;1;1;1;38;2
36;47;45;44;40;33;30;1;1;1;1;48;2
34;46;34;44;40;37;34;2;1;1;1;37;2
33;48;43;46;44;31;32;1;1;1;1;35;2
36;35;46;42;35;38;32;1;1;1;1;39;2
31;35;46;43;32;32;33;2;1;1;1;32;2
35;40;44;45;46;34;42;2;1;1;1;43;3
35;39;46;42;43;33;30;2;1;1;1;43;2
37;43;33;35;45;33;33;1;1;1;1;44;2
33;41;44;44;30;31;34;1;1;1;1;40;2
37;45;39;47;41;33;43;2;1;2;1;37;3
32;30;41;39;33;32;36;2;1;1;2;34;2
35;48;44;43;37;34;42;3;1;1;1;38;3
38;46;41;42;50;31;39;3;1;1;1;50;3
35;45;43;44;43;31;34;1;1;1;1;40;2
32;47;43;44;40;37;33;2;1;1;1;31;2
41;0;44;0;0;0;0;0;0;0;3;41;3
37;43;42;47;44;34;30;2;1;1;1;45;2
36;32;48;44;40;32;35;1;1;1;1;43;2
35;30;39;43;31;41;31;1;1;1;1;41;2
40;0;44;35;35;0;0;0;0;1;1;40;2
42;48;37;43;40;33;30;1;1;1;1;43;2
35;34;49;47;39;39;42;3;1;1;1;44;3
39;45;39;40;34;35;35;2;1;1;1;35;2
45;44;45;45;42;37;36;1;1;1;1;48;3
37;39;48;46;41;37;38;2;1;1;1;43;3
16;43;38;46;0;0;0;0;1;0;1;33;3
40;37;46;41;41;36;36;1;1;1;1;48;2
32;46;30;46;36;31;31;3;1;1;1;41;2
38;48;48;46;40;37;34;1;1;1;1;49;3
38;47;45;47;43;45;34;1;1;1;1;46;3
21;32;42;46;41;0;0;0;1;1;1;38;2
37;41;42;49;41;39;31;2;1;2;1;45;2
34;33;32;39;30;35;37;2;1;1;1;44;2
32;44;48;47;0;40;31;1;1;0;1;39;3
36;36;44;46;0;33;35;2;1;0;1;43;2
33;39;39;43;31;31;30;2;1;1;1;35;2
34;41;43;45;42;40;30;1;1;1;1;50;2
36;34;39;40;42;30;38;2;1;1;1;36;2
32;46;46;47;35;44;36;2;1;1;1;35;3
35;48;44;47;37;42;34;1;1;1;1;50;3
35;34;47;43;45;34;30;2;1;1;1;47;2
15;0;38;0;0;0;0;0;0;0;1;31;2
19;37;36;42;36;0;0;0;1;1;1;38;2
19;0;44;44;37;0;0;0;0;1;1;39;3
17;0;0;0;32;0;0;0;0;1;0;34;2
36;36;45;39;46;36;43;1;1;1;1;40;3
40;43;36;44;40;41;31;2;1;1;1;41;2
36;41;42;47;39;30;37;2;1;1;1;44;2
38;35;48;38;30;35;30;1;1;1;1;31;2
32;0;37;0;0;0;0;0;0;0;1;32;2
15;0;41;0;0;0;0;0;0;0;1;31;3
36;34;48;40;30;33;32;1;1;1;1;45;2
39;48;44;47;41;37;30;1;1;1;1;45;2
40;45;49;45;45;34;30;1;1;1;1;50;3
37;44;49;43;38;41;33;1;1;1;1;40;3
21;36;45;0;0;0;0;0;1;0;1;47;3
37;46;48;45;44;34;32;1;1;1;1;50;3
41;42;37;47;47;35;37;2;1;1;1;48;2
39;42;45;32;41;33;39;1;1;1;1;44;2
0;0;43;45;0;0;0;0;0;0;1;0;3
37;32;47;43;39;31;30;2;1;1;1;49;2
27;0;39;0;0;0;0;0;0;0;2;27;2
38;42;32;44;36;39;38;2;1;1;1;41;2
44;45;45;48;41;39;32;1;1;1;1;44;3
39;37;48;44;41;33;32;1;1;1;1;50;2
41;37;46;44;41;30;34;1;1;1;1;47;2
42;41;43;50;42;38;30;1;1;1;1;42;2
45;49;45;42;38;37;34;1;1;1;1;50;3
39;34;48;48;42;35;34;1;1;1;1;49;2
37;37;38;45;41;39;33;1;1;2;1;41;2
38;33;45;45;38;31;31;1;1;1;2;39;2
39;33;44;45;33;40;35;1;1;1;1;42;2
43;45;46;46;42;37;35;1;1;1;1;43;3
38;34;39;48;40;39;33;2;1;1;1;41;2
17;0;41;0;0;0;0;0;0;0;1;34;3
39;39;46;45;43;35;35;2;1;1;1;50;2
40;36;38;45;45;33;31;2;1;1;1;39;2
21;10;42;16;36;0;0;0;1;1;1;43;1
18;47;36;48;36;0;0;0;1;1;1;37;3
22;0;0;40;0;0;0;0;0;0;0;44;2
0;0;38;42;0;0;0;0;0;0;1;0;2
38;41;45;42;37;31;34;2;1;1;1;44;2
18;0;22;37;0;0;0;0;0;0;1;37;1
40;45;47;45;39;33;31;2;1;1;1;39;2
37;36;47;36;49;33;39;1;1;1;1;41;3
0;0;39;47;0;0;0;0;0;0;1;0;3
19;0;46;44;38;0;0;0;0;1;1;38;3
37;48;45;32;40;38;34;2;1;2;1;40;2
39;41;45;49;35;37;30;2;2;1;1;40;2
40;48;41;49;30;40;35;2;1;1;1;44;2
38;0;36;33;0;0;0;0;0;0;1;38;2
0;0;44;46;0;0;0;0;0;0;1;0;3
32;36;39;33;45;35;22;1;1;1;1;40;2
38;41;45;47;39;41;32;1;1;1;1;37;2
24;0;46;31;31;0;0;0;0;1;1;48;2
22;0;0;30;0;0;0;0;0;0;0;45;1
43;40;44;40;39;41;33;1;1;1;1;45;2
40;40;45;46;49;41;36;3;1;1;1;44;3
39;42;46;49;47;38;30;2;1;1;1;48;3
33;41;47;39;42;36;31;2;1;1;1;45;2
40;33;47;49;41;41;35;2;1;1;1;42;2
34;35;45;40;38;38;30;1;1;1;1;36;2
34;34;44;37;39;34;0;0;1;1;1;39;2
18;0;30;31;44;0;0;0;0;1;1;36;2
37;40;42;41;45;38;30;1;1;1;1;40;2
34;32;45;47;39;35;30;2;1;1;1;45;2
32;48;46;38;31;34;35;1;1;1;2;32;2
32;35;46;45;41;30;20;1;1;1;1;41;2
18;0;45;44;45;0;0;0;0;1;1;42;3
36;34;31;48;0;37;30;2;1;0;2;39;2
33;34;41;41;32;31;22;2;1;1;1;35;2
32;32;41;40;34;34;30;2;1;1;1;30;2
0;0;43;33;0;0;0;0;0;0;1;0;2
32;32;31;42;22;36;0;0;1;2;1;30;2
33;41;34;38;43;36;30;1;1;1;1;40;2
40;35;44;41;46;36;34;1;1;1;1;45;2
32;34;46;42;39;36;30;1;1;1;1;30;2
36;40;36;46;31;35;33;1;1;2;1;44;2
37;43;44;49;37;41;33;1;1;1;1;45;2
40;35;44;43;38;36;32;1;1;1;1;45;2
38;0;44;44;39;0;0;0;0;2;1;38;3
36;37;46;38;45;0;0;0;1;1;1;42;3
37;37;45;43;35;38;35;1;1;1;1;32;2
19;50;40;41;30;0;0;0;1;1;1;38;3
19;0;43;0;0;0;0;0;0;0;1;38;3
34;32;45;33;39;36;30;1;1;1;1;37;2
38;36;42;45;41;35;40;2;1;1;1;36;2
33;38;34;42;36;36;35;2;1;1;1;39;2
36;38;44;36;44;33;30;1;2;1;1;39;2
36;38;46;44;48;41;37;2;1;1;1;39;3
33;47;41;36;34;33;32;1;1;1;1;31;2
37;42;45;47;37;41;31;1;1;1;1;48;2
38;40;47;33;46;36;30;2;1;1;1;46;2
16;47;33;32;39;0;0;0;1;1;1;32;2
19;32;48;41;39;31;0;0;1;1;1;39;2
33;34;43;44;41;34;32;2;1;1;1;40;2
36;37;44;45;40;38;30;2;1;1;1;46;2
34;38;30;31;40;41;35;2;2;2;2;34;2
38;39;37;49;41;36;32;2;1;1;1;36;2
35;0;30;0;0;0;0;0;0;0;1;35;1
37;47;36;45;46;38;34;1;1;1;1;48;3
35;36;46;42;44;41;41;1;1;1;1;44;3
36;41;33;39;38;37;33;1;1;1;1;39;2
33;49;37;42;38;38;31;1;1;1;1;33;2
34;0;0;47;0;0;0;0;0;0;0;34;4
41;44;46;47;40;34;30;1;1;1;1;37;2
34;30;38;42;36;38;37;2;1;1;1;37;2
37;34;44;47;44;39;30;2;1;1;1;47;2
38;50;43;37;8;37;31;2;1;2;2;41;2
0;0;41;45;0;0;0;0;0;0;1;0;3
37;36;45;36;44;36;30;2;1;1;1;41;2
36;0;47;0;38;0;0;0;0;1;1;36;3
41;47;47;48;42;42;31;1;1;1;1;43;3
41;39;44;43;40;43;39;1;1;1;1;38;3
35;47;40;45;48;34;34;1;1;1;1;37;3
35;39;44;37;44;34;30;2;1;1;1;39;2
0;0;45;32;0;0;0;0;0;0;1;0;3
23;42;42;47;38;31;0;0;1;1;1;40;2
28;37;46;38;50;0;0;0;1;1;1;46;3
7;0;45;43;0;0;0;0;0;0;1;15;3
36;50;42;35;40;34;32;1;1;1;1;41;2
35;34;38;40;33;34;31;1;1;1;1;42;2
40;47;42;46;35;42;30;1;1;1;1;41;2
34;50;35;40;40;38;34;1;1;1;1;46;2
36;0;0;42;20;0;0;0;0;1;0;36;1
33;38;45;39;0;30;30;2;1;0;1;42;2
45;0;0;32;42;0;0;0;0;1;0;45;2
36;0;43;39;35;0;0;0;0;1;1;36;2
34;36;42;42;42;38;31;1;1;1;1;39;2
32;0;38;43;0;0;0;0;0;0;1;35;2
37;41;48;39;42;38;31;1;1;1;1;41;2
39;41;49;37;42;40;39;1;1;1;1;37;3
21;0;41;0;16;0;0;0;0;1;1;43;1
43;40;48;47;43;40;34;2;1;1;1;50;3
20;0;47;48;33;0;0;0;0;1;1;40;3
34;41;38;36;47;33;0;0;1;1;1;45;2
36;42;44;46;43;40;36;1;1;1;1;44;3
36;35;38;30;42;36;31;1;1;1;1;40;2
40;48;44;42;0;39;30;1;1;0;1;44;2
35;33;38;46;47;39;0;0;1;1;1;44;2
35;50;42;38;40;30;30;1;1;1;1;36;2
15;0;46;43;0;0;0;0;0;0;1;31;3
32;31;35;47;41;0;0;0;1;1;1;45;2
20;0;45;0;0;0;0;0;0;0;1;40;3
35;39;32;45;31;34;31;1;1;1;1;42;2
19;0;41;41;0;0;0;0;0;0;1;38;3
12;0;44;0;0;0;0;0;0;0;1;0;3
39;36;44;44;43;41;30;1;1;1;1;36;2
38;0;30;40;0;0;0;0;0;0;1;38;2
36;50;45;45;41;42;30;1;1;1;1;39;3
42;0;32;0;0;0;0;0;0;0;1;42;2
20;0;39;31;33;0;0;0;0;2;1;41;2
38;0;35;44;0;0;0;0;0;0;1;38;2
32;39;45;44;42;32;22;1;1;1;1;41;2
37;33;38;43;40;36;0;0;1;1;1;45;2
32;30;30;38;34;37;24;1;1;1;1;40;2
34;35;45;47;40;30;35;1;1;1;1;38;2
36;36;37;36;35;36;30;1;1;1;1;37;2
33;33;34;49;41;30;0;0;1;1;1;41;2
36;37;42;39;0;31;31;1;1;0;1;47;2
35;36;43;31;36;0;0;0;1;1;1;46;2
36;41;48;48;48;39;30;2;1;1;1;49;3
34;41;44;41;45;37;34;1;1;1;1;46;2
47;0;0;36;42;0;0;0;0;1;0;47;2
38;42;37;48;43;42;32;1;1;1;1;45;2
38;42;46;39;37;35;30;1;1;1;1;39;2
41;36;37;48;49;42;32;1;1;1;1;39;2
34;35;41;48;39;34;0;0;1;1;1;43;2
26;35;43;40;39;30;0;0;1;1;1;43;2
30;30;30;32;46;26;0;0;1;1;1;38;2
35;35;43;44;41;31;20;1;1;1;1;48;2
26;33;42;48;38;31;0;0;1;1;1;39;2
17;0;39;37;43;0;0;0;0;1;1;34;3
36;41;47;42;46;36;18;2;1;1;1;35;2
36;38;48;44;42;30;30;2;1;1;1;46;2
23;33;46;48;35;30;0;0;1;1;1;47;2
22;37;37;34;46;16;0;0;1;1;1;35;2
38;36;34;41;38;38;34;1;1;1;1;39;2
31;30;36;36;40;27;0;0;1;1;1;50;2
33;36;35;39;37;37;26;1;1;1;1;35;2
35;30;36;48;43;34;35;1;1;1;1;32;2
34;0;37;41;0;0;0;0;0;0;2;34;2
34;33;47;47;38;36;31;1;1;1;1;36;2
44;44;44;44;46;40;36;1;1;1;1;50;3
36;42;45;35;43;38;31;1;1;1;1;44;2
44;0;0;0;41;0;0;0;0;1;0;44;3
32;37;37;43;42;33;21;1;2;1;2;31;2
41;32;35;46;34;38;34;1;1;1;1;49;2
38;0;0;0;34;0;0;0;0;1;0;38;2
37;40;28;40;40;31;30;1;2;1;1;39;2
35;42;41;42;43;32;31;1;1;1;1;36;2
38;43;47;47;0;36;31;1;1;0;1;0;2
20;0;41;15;0;0;0;0;0;0;1;41;2
33;39;49;45;41;37;0;0;1;1;1;41;3
0;0;30;44;0;0;0;0;0;0;1;0;2
35;38;33;45;36;37;30;1;1;1;1;42;2
35;34;34;48;30;30;17;1;2;1;1;42;1
32;36;35;42;39;34;30;1;1;1;1;46;2
33;42;44;45;45;30;31;1;1;1;1;45;2
22;0;34;46;0;0;0;0;0;0;1;45;2
19;0;0;46;0;0;0;0;0;0;0;46;4
36;44;47;47;40;37;37;1;1;1;2;30;3
28;29;47;35;35;0;0;0;1;1;1;46;2
38;49;43;39;43;35;18;2;1;1;1;43;2
37;37;46;44;47;37;36;1;1;1;1;46;3
46;0;9;0;32;0;0;0;0;1;1;46;1
22;0;38;0;44;0;0;0;0;1;1;44;3
22;39;42;0;42;0;0;0;1;1;1;45;3
37;39;46;41;45;40;34;1;1;1;1;47;3
40;48;44;46;43;41;33;1;1;1;1;42;3
0;0;47;44;0;0;0;0;0;0;1;0;4
37;0;44;30;31;0;25;1;0;1;1;49;2
17;0;42;45;0;0;0;0;0;0;1;35;3
22;32;45;42;40;0;0;0;2;1;1;44;2
36;44;43;44;49;39;33;1;1;1;1;48;3
36;49;40;48;41;40;32;1;1;1;1;43;3
27;46;33;44;32;32;0;0;2;1;2;30;2
31;30;33;47;42;33;11;1;1;1;1;33;1
37;45;43;47;49;45;33;1;1;1;1;43;3
23;0;44;48;43;0;0;0;0;1;1;47;3
43;0;47;0;40;0;0;0;0;1;1;43;3
38;0;24;44;44;0;0;0;0;1;2;38;2
35;33;0;48;41;0;0;0;1;1;0;42;2
36;0;42;48;36;0;0;0;0;1;1;41;3
35;45;39;39;43;34;18;2;1;1;1;45;2
44;0;0;0;41;0;0;0;0;1;0;44;3
35;36;43;48;35;33;27;1;1;1;1;41;2
39;39;35;36;40;0;0;0;1;1;1;43;2
30;30;42;43;44;36;27;1;2;1;1;37;2
27;37;39;47;41;0;0;0;2;1;1;38;3
38;33;0;48;42;0;0;0;1;1;0;43;2
19;0;38;48;0;0;0;0;0;0;1;38;3
28;45;38;34;37;0;0;0;1;1;1;40;2
34;34;46;48;31;0;31;1;1;1;1;40;2
42;0;45;30;0;0;0;0;0;0;1;42;2
34;0;42;47;42;0;0;0;0;1;2;34;3
35;40;45;48;36;42;33;1;1;1;1;42;2
18;0;41;32;0;0;0;0;0;0;1;36;2
18;28;43;43;0;0;0;0;1;0;1;38;2
23;0;39;39;35;30;0;0;0;1;1;43;2
44;0;0;30;0;0;0;0;0;0;0;44;1
19;0;33;0;0;0;0;0;0;0;1;38;2
39;49;43;46;43;38;30;1;1;1;1;42;3
25;0;45;39;38;0;0;0;0;1;1;50;3
36;39;44;44;37;37;0;0;1;2;1;47;2
32;0;44;47;38;0;0;0;0;1;2;50;3
17;0;34;36;36;0;0;0;0;1;1;35;2
35;37;45;41;39;35;23;1;1;2;2;37;2
35;41;49;44;39;0;20;1;1;1;1;49;2
44;0;43;48;45;0;0;0;0;1;1;44;3
35;37;47;46;43;39;33;2;1;1;1;47;2
0;0;45;46;0;0;0;0;0;0;1;0;4
33;33;45;46;39;0;30;1;1;1;1;43;2
37;41;47;48;0;38;0;0;2;0;1;0;3
41;40;0;45;40;32;0;0;1;1;0;45;2
33;42;43;40;39;30;23;1;2;2;1;44;2
35;37;43;45;0;41;19;1;1;0;1;41;2
39;34;40;41;37;30;14;1;1;1;1;43;2
21;0;32;0;36;0;0;0;0;1;1;43;2
35;36;42;45;0;31;31;1;1;0;1;33;2
37;0;35;0;0;0;0;0;0;0;1;37;2
18;0;30;40;0;0;0;0;0;0;1;37;2
40;0;40;46;23;0;0;0;0;1;1;40;2
20;0;0;33;0;0;0;0;0;0;1;41;1
0;0;42;38;0;0;0;0;0;0;1;0;3
34;35;42;44;46;31;34;1;1;1;1;42;2
35;36;44;45;0;0;0;0;1;0;1;39;3
21;0;46;48;0;0;0;0;0;0;1;43;4
40;35;44;45;48;32;32;2;2;1;1;48;2
38;35;39;39;39;0;0;0;1;1;1;46;2
34;42;45;48;48;45;34;1;1;1;1;36;3
20;0;36;23;5;0;0;0;0;1;1;40;1
7;0;43;43;0;0;0;0;0;0;1;14;3
33;0;0;46;0;0;0;0;0;0;0;0;4
38;38;32;46;43;31;30;1;1;1;1;43;2
0;0;43;47;0;0;0;0;0;0;1;0;3
35;41;41;43;39;43;19;1;1;1;1;35;2
40;50;46;48;47;33;33;1;1;1;1;45;3
37;34;45;39;36;0;18;1;1;1;1;45;2
38;39;34;49;50;37;11;1;1;1;1;50;2
42;48;35;43;44;41;35;1;1;1;1;40;3
9;0;0;46;0;0;0;0;0;0;0;19;4
37;0;43;48;47;0;0;0;0;1;1;43;4
16;0;42;36;35;0;0;0;0;1;1;33;2
38;30;48;47;46;41;31;2;1;1;1;43;2
37;48;45;32;34;30;0;0;1;1;1;43;2
15;26;44;44;0;0;0;0;1;0;1;0;2
23;0;45;48;0;0;0;0;0;0;1;46;4
20;0;45;46;39;0;0;0;0;1;2;41;3
34;48;39;34;43;35;0;0;1;1;1;44;3
19;0;41;36;15;0;0;0;0;1;1;39;1
36;34;45;47;0;37;34;1;1;0;1;48;2
36;32;46;44;41;33;0;0;1;1;1;43;2
42;0;0;0;36;0;0;0;0;1;0;42;2
48;0;44;0;0;0;0;0;0;0;1;48;3
35;38;36;48;42;36;0;0;1;1;1;46;2
0;0;40;48;0;0;0;0;0;0;1;0;3
33;35;46;41;40;45;37;1;1;1;1;41;3
22;0;47;0;0;0;0;0;0;0;1;44;4
37;0;42;38;0;30;0;0;0;0;2;46;2
17;0;37;44;30;0;0;0;0;1;2;35;2
15;0;44;42;28;0;0;0;0;1;1;30;2
37;0;43;43;38;0;0;0;0;1;1;42;3
20;0;37;46;40;0;0;0;0;1;1;40;2
35;37;34;47;42;38;30;1;1;1;1;45;2
35;36;45;38;44;31;30;1;1;1;1;45;2
37;38;42;43;32;33;40;1;1;1;1;43;2
38;0;0;47;0;0;0;0;0;0;0;38;4
38;39;43;44;0;0;0;0;1;0;1;0;3
0;0;39;27;0;0;0;0;0;0;1;0;2
0;0;47;47;0;0;0;0;0;0;1;0;4
36;0;43;48;0;30;0;0;0;0;2;42;2
0;0;30;37;0;0;0;0;0;0;1;0;2
20;0;47;47;0;0;0;0;0;0;1;40;4
21;34;43;38;42;0;0;0;1;1;1;43;2
15;33;30;45;0;34;0;0;1;0;1;0;2
20;48;46;45;44;0;0;0;1;1;3;38;4
21;0;0;43;0;30;0;0;0;0;0;42;2
16;0;0;43;0;0;0;0;0;0;0;33;3
21;27;42;46;42;22;0;0;1;1;1;47;2
35;0;45;44;0;0;0;0;0;0;1;33;3
12;0;38;44;0;0;0;0;0;0;2;24;2
41;0;18;47;28;0;0;0;0;2;1;41;1
38;38;41;44;41;31;18;1;1;1;1;47;2
39;0;0;31;32;0;0;0;0;1;0;39;2
35;0;49;43;50;33;23;1;0;1;1;50;2
21;0;42;36;0;30;0;0;0;0;1;42;2
17;0;42;39;0;35;0;0;0;0;1;0;2
21;0;41;39;33;0;0;0;0;1;1;43;2
30;0;35;33;0;0;0;0;0;0;1;0;2
39;0;44;44;41;0;0;0;0;1;1;39;3
40;0;0;41;0;0;0;0;0;0;0;40;3
22;7;31;45;38;0;0;0;1;1;1;44;1
11;39;43;36;0;0;0;0;2;0;1;0;2
34;0;40;39;0;0;0;0;0;0;1;0;2
37;0;34;0;0;0;0;0;0;0;1;37;2
0;0;30;35;0;0;0;0;0;0;1;0;2
21;0;40;35;40;0;0;0;0;1;2;43;2
42;0;0;44;38;0;0;0;0;1;0;42;2
38;39;0;44;37;38;0;0;1;1;0;47;2
22;30;34;37;40;0;0;0;1;1;1;44;2
38;39;35;39;46;31;24;1;1;1;1;45;2
45;0;0;40;22;0;0;0;0;1;0;45;1
0;0;43;42;0;0;0;0;0;0;1;0;3
23;0;35;0;45;0;0;0;0;1;1;46;2
34;0;0;48;38;0;0;0;0;2;0;34;3
36;44;49;39;0;0;30;1;1;0;1;49;2
25;35;0;35;43;35;0;0;1;1;0;37;2
37;0;45;38;40;0;0;0;0;1;2;37;3
32;0;41;0;0;0;0;0;0;0;1;0;3
37;36;40;43;42;37;0;0;1;1;1;39;2
22;0;41;48;0;0;0;0;0;0;1;44;3
38;0;0;0;39;0;0;0;0;1;0;38;2
36;0;0;43;36;0;0;0;0;1;0;36;2
35;0;32;44;33;0;0;0;0;1;1;35;2
35;31;35;0;39;42;32;1;1;1;1;36;2
39;34;0;45;43;33;30;1;1;1;0;48;2
19;0;33;45;0;0;0;0;0;0;1;38;2
19;0;0;33;40;0;0;0;0;1;0;38;2
0;0;46;37;0;0;0;0;0;0;1;0;3
18;36;43;40;40;0;0;0;2;1;1;37;2
24;0;40;37;41;0;0;0;0;1;1;48;2
0;0;46;31;0;0;0;0;0;0;1;0;3
22;47;42;40;0;0;0;0;1;0;1;45;3
36;30;33;36;40;34;24;1;1;1;1;37;2
37;0;0;30;0;0;0;0;0;0;1;37;1
19;34;44;45;41;0;0;0;1;1;1;38;3
20;0;0;32;0;0;0;0;0;0;0;41;2
0;0;42;40;0;0;0;0;0;0;1;0;3
21;0;0;33;44;0;0;0;0;1;0;43;3
23;47;39;33;40;38;0;0;1;1;1;46;3
11;33;46;34;0;0;0;0;1;0;1;0;2
22;38;38;44;38;0;0;0;1;1;1;45;2
36;0;39;44;0;0;0;0;0;0;2;49;3
0;28;42;43;0;0;0;0;2;0;1;0;2
0;0;42;36;0;0;0;0;0;0;2;0;2
33;0;47;41;0;0;20;1;0;0;1;44;2
18;18;30;40;37;0;0;0;1;1;1;37;1
20;0;0;0;35;0;0;0;0;1;0;40;2
18;0;47;41;35;0;0;0;0;1;1;37;3
19;0;0;38;36;0;0;0;0;1;0;39;2
34;0;41;0;0;43;31;1;0;0;1;49;2
15;0;32;45;0;0;0;0;0;0;1;31;2
0;0;44;41;0;0;0;0;0;0;1;0;3
47;0;0;47;43;0;0;0;0;1;0;47;3
0;0;39;44;0;0;0;0;0;0;1;0;3
36;48;46;47;34;31;23;1;1;1;1;0;2
17;44;46;45;0;0;0;0;1;0;1;34;3
19;0;41;36;38;0;0;0;0;1;1;39;2
20;0;0;37;43;0;0;0;0;1;0;40;3
35;0;33;47;44;0;0;0;0;1;1;46;3
36;0;0;36;0;0;0;0;0;0;0;46;2
36;48;39;46;47;0;0;0;1;1;1;45;3
0;0;30;47;0;0;0;0;0;0;1;0;2
45;0;34;48;0;0;0;0;0;0;1;45;2
44;0;0;0;48;0;0;0;0;1;0;44;4
24;0;42;35;0;0;0;0;0;0;1;48;2
45;48;46;39;48;0;0;0;1;1;2;45;4
35;0;0;0;0;0;0;0;0;0;0;43;0
40;0;45;38;33;0;0;0;0;1;1;40;2
38;0;40;35;38;0;0;0;0;1;1;39;2
36;0;37;49;48;0;0;0;0;1;1;40;3
23;0;0;45;0;0;0;0;0;0;0;46;3
21;0;37;40;36;0;0;0;0;1;1;43;2
0;0;37;29;0;0;0;0;0;0;1;0;2
21;0;39;40;43;0;0;0;0;1;1;42;3
17;0;43;48;41;0;0;0;0;1;1;35;3
22;0;41;48;43;0;0;0;0;1;1;45;3
21;0;39;40;46;0;0;0;0;1;1;42;3
45;0;0;44;37;0;0;0;0;1;0;45;2
37;0;45;48;38;0;0;0;0;1;1;41;3
18;0;42;49;33;0;0;0;0;1;1;37;2
26;44;31;0;0;32;0;0;1;0;1;0;2
22;0;40;45;45;0;0;0;0;1;1;45;3
19;0;38;31;0;0;0;0;0;0;1;39;2
45;0;0;38;0;0;0;0;0;1;0;45;1
35;0;41;44;42;0;0;0;0;1;1;37;3
25;0;45;47;43;0;0;0;0;1;1;44;3
37;38;37;47;40;33;0;0;1;1;1;45;2
32;0;0;35;45;0;0;0;0;1;0;34;3
49;0;47;47;0;0;0;0;0;0;1;49;4
0;0;31;42;0;0;0;0;0;0;1;0;2
42;0;43;44;0;0;0;0;0;0;1;42;3
19;0;43;48;42;0;0;0;0;1;1;39;3
21;0;36;38;0;0;0;0;0;0;1;34;2
29;0;0;46;39;0;0;0;0;1;0;37;3
0;0;44;38;0;0;0;0;0;0;1;0;3
35;0;0;44;43;0;0;0;0;1;0;35;3
22;44;46;31;38;33;0;0;1;1;1;45;2
21;0;39;46;43;0;0;0;0;1;1;43;3
0;0;44;45;0;0;0;0;0;0;1;0;3
17;0;38;34;45;0;0;0;0;1;1;34;2
0;0;45;38;0;0;0;0;0;0;1;0;3
35;0;44;35;40;0;0;0;0;1;1;44;3
0;0;44;43;0;0;0;0;0;0;1;0;3
0;0;43;44;0;0;0;0;0;0;1;0;3
19;36;36;47;44;0;0;0;1;1;1;44;2
41;0;41;42;45;0;0;0;0;1;1;41;3
23;0;46;37;43;0;0;0;0;1;1;47;3
15;0;35;46;0;0;0;0;0;0;2;15;2
29;0;47;38;40;0;0;0;0;1;1;44;3
35;0;0;36;34;0;0;0;0;1;0;35;2
0;0;35;45;0;0;0;0;0;0;1;0;2
0;0;32;36;0;0;0;0;0;0;1;0;2
18;0;45;30;0;0;0;0;0;0;1;37;2
0;0;33;47;0;0;0;0;0;0;1;0;2
0;0;35;45;0;0;0;0;0;0;1;0;2
22;0;35;37;0;0;0;0;0;0;1;22;2
0;0;34;48;0;0;0;0;0;0;1;0;2
20;0;46;47;43;0;0;0;0;1;1;41;3
0;0;43;38;0;0;0;0;0;0;1;0;3
22;0;45;48;43;0;0;0;0;1;1;45;3
0;0;35;36;0;0;0;0;0;0;1;0;2
18;0;38;41;42;0;0;0;0;1;1;37;3
9;0;46;38;0;0;0;0;0;0;2;9;3
0;0;38;48;0;0;0;0;0;0;1;0;3
0;0;43;36;0;0;0;0;0;0;1;0;3
0;0;36;48;0;0;0;0;0;0;1;0;2
33;0;42;37;0;0;0;0;0;0;1;0;3
34;0;0;46;0;0;0;0;0;0;0;34;4
31;0;40;30;0;0;0;0;0;0;1;31;2
14;0;43;45;0;0;0;0;0;0;1;29;3
0;0;36;34;0;0;0;0;0;0;2;0;2
21;0;0;40;0;0;0;0;0;0;0;42;2
0;0;34;40;0;0;0;0;0;0;1;0;2
43;0;0;35;42;0;0;0;0;1;0;43;2
18;0;0;40;0;0;0;0;0;0;0;37;2
0;0;44;39;0;0;0;0;0;0;1;0;3
38;0;36;38;0;0;0;0;0;0;1;38;2
0;0;46;40;0;0;0;0;0;0;1;0;3
0;0;30;39;0;0;0;0;0;0;1;0;2
45;0;44;0;0;0;0;0;0;0;1;45;3
0;0;39;49;0;0;0;0;0;0;1;0;3
44;0;43;38;0;0;0;0;0;0;1;44;3
35;0;0;36;0;0;0;0;0;0;0;35;2
22;0;50;48;43;0;0;0;0;1;1;45;4
35;0;0;0;42;0;0;0;0;1;0;35;3
19;0;31;45;0;0;0;0;0;0;1;39;2
22;0;0;45;45;0;0;0;0;1;0;45;3
46;0;35;48;0;0;0;0;0;0;1;46;2
16;0;0;45;37;0;0;0;0;1;0;33;2
15;0;40;35;0;0;0;0;0;0;1;31;2
24;0;46;0;47;0;0;0;0;1;1;48;4
17;0;0;38;0;0;0;0;0;0;0;34;2
44;0;46;42;44;0;0;0;0;1;1;44;3
24;0;0;48;45;0;0;0;0;1;0;48;4
20;0;47;45;0;0;0;0;0;0;1;40;4
24;48;0;48;0;0;0;0;1;0;0;49;4
49;0;0;48;47;0;0;0;0;1;0;49;4
0;0;41;48;0;0;0;0;0;0;1;0;3
23;0;34;48;0;0;0;0;0;0;1;46;2
48;0;46;44;41;0;0;0;0;1;1;48;3
0;0;39;48;0;0;0;0;0;0;1;0;3
41;0;47;45;0;0;0;0;0;0;1;41;4
42;0;38;47;37;0;0;0;0;1;1;42;2
19;0;0;43;38;0;0;0;0;1;0;39;2
40;0;0;47;0;0;0;0;0;0;0;40;4
20;0;33;48;0;0;0;0;0;0;1;41;2
39;0;0;48;0;0;0;0;0;0;0;39;4
37;0;41;0;0;0;0;0;0;0;1;37;3
33;0;44;38;40;0;0;0;0;1;1;33;3
41;0;0;35;37;0;0;0;0;1;0;41;2
22;0;38;48;0;0;0;0;0;0;1;44;3
0;0;37;47;0;0;0;0;0;0;1;0;3
42;0;0;47;0;0;0;0;0;0;0;42;4
0;0;42;30;0;0;0;0;0;0;1;0;2
22;0;42;48;46;0;0;0;0;1;1;44;3
20;0;39;0;41;0;0;0;0;1;1;40;2
22;0;30;0;0;0;0;0;0;0;2;45;1
0;0;45;46;0;0;0;0;0;0;1;0;4
41;0;40;49;0;0;0;0;0;0;1;41;3
30;0;25;11;0;0;0;0;0;0;1;30;1
0;0;43;48;0;0;0;0;0;0;1;0;3
0;0;30;0;40;0;0;0;0;1;1;0;2
0;0;40;48;0;0;0;0;0;0;1;0;3
0;0;41;48;0;0;0;0;0;0;1;0;3
20;0;45;44;0;0;0;0;0;0;1;40;3
0;0;35;34;0;0;0;0;0;0;1;0;2
0;0;43;45;0;0;0;0;0;0;1;0;3
41;0;0;48;0;0;0;0;0;0;0;41;4
0;0;42;35;0;0;0;0;0;0;1;0;2
0;24;36;45;0;0;0;0;3;0;1;0;2
40;0;42;34;0;0;0;0;0;0;1;40;2
0;0;47;45;0;0;0;0;0;0;1;0;4
0;0;0;0;0;34;32;1;0;0;0;0;2
0;0;0;0;0;33;32;1;0;0;0;0;2
23;0;37;42;44;0;0;0;0;1;1;47;3
22;0;44;0;0;0;0;0;0;0;1;45;3
0;0;41;39;0;0;0;0;0;0;1;0;3
24;0;0;0;45;0;0;0;0;1;0;49;3
18;0;36;35;0;0;0;0;0;0;1;36;2
15;0;36;37;0;0;0;0;0;0;1;31;2
0;0;42;39;0;0;0;0;0;0;1;0;3
35;0;0;42;0;0;0;0;0;0;0;35;3
46;0;46;44;0;0;0;0;0;0;2;46;4
38;0;41;0;0;0;0;0;0;0;1;38;3
44;0;0;0;43;0;0;0;0;1;0;44;3
41;0;40;0;0;0;0;0;0;0;1;41;2
0;0;35;37;0;0;0;0;0;0;1;0;2
0;0;46;46;0;0;0;0;0;0;1;0;4
19;0;42;34;0;0;0;0;0;0;1;38;2
39;0;36;40;43;0;0;0;0;1;1;39;2
0;0;41;42;0;0;0;0;0;0;1;0;3
0;0;44;43;0;0;0;0;0;0;1;0;3
21;0;45;0;43;0;0;0;0;1;1;42;3
0;0;43;43;0;0;0;0;0;0;1;0;3
34;0;0;0;39;0;0;0;0;1;0;34;2
48;0;41;0;0;0;0;0;0;0;1;48;3
32;0;41;0;0;0;0;0;0;0;1;32;3
47;0;43;0;0;0;0;0;0;0;1;47;3
25;0;45;0;0;0;0;0;0;0;1;50;3
42;0;44;0;0;0;0;0;0;0;1;42;3
35;0;0;0;0;0;0;0;0;0;0;43;0
35;0;0;0;0;0;0;0;0;0;0;43;0
35;0;0;0;0;0;0;0;0;0;0;43;0
