NOTA_INGECO;NOTA_DDP;NOTA_CTRL;NOTA_CONEM;NOTA_TDE;VECES_INGECO;PROMEDIO_CUATRO;VECES_IO_DOS;VECES_DDP;NAC_CINCO;NOTAS_RDC;VECES_CTRL;VECES_RDC;NOTA_IO_DOS;VECES_CONEM;NOTA_EL_DOS;VECES_CEM;VECES_TDE;NCP_CINCO;NCC_CINCO;NOTA_GENH;EPA_CINCO;VECES_INSE;NOTA_ASD;NCA_CINCO;NAA_CINCO;NOTA_INSE;NOTA_IO_UNO;NOTA_IYM;PROMEDIO_CINCO;VECES_IYM;CAR_CINCO;NOTA_CEM;NAP_CINCO;CREDITOS_TDE;CREDITOS_IO_DOS;CREDITOS_INGECO;NOTA_EE_UNO;CREDITOS_CONEM;CREDITOS_RDC;CREDITOS_DDP;CREDITOS_CTRL;RENDIMIENTO_SEIS;PROMEDIO_SEIS
38;41;35;35;44;1;38.23529411764706;1;1;7;36;2;1;41;1;35;1;1;0.0;17.0;50;2;1;42;17.0;7;35;35;40;40.411764705882355;1;0;35;0;3;2;2;46;3;2;3;2;2.0;38.8235294117647
38;43;36;33;41;1;39.411764705882355;1;1;7;38;1;1;37;1;35;1;1;0.0;17.0;50;2;1;43;17.0;7;40;45;40;43.0;1;0;35;0;3;2;2;50;3;2;3;2;2.0;38.1764705882353
32;43;30;36;31;1;35.05882352941177;1;1;7;32;3;2;40;1;33;4;1;0.0;17.0;30;2;1;36;17.0;7;30;40;45;36.8235294117647;1;1;32;0;3;2;2;41;3;2;3;2;2.0;35.1764705882353
0;42;0;0;0;0;26.384615384615383;0;1;1;0;0;0;0;0;34;0;0;0.0;3.0;0;2;0;0;3.0;1;0;0;30;30.0;1;0;0;0;3;2;2;0;3;2;3;2;3.0;42.0
34;42;50;38;33;1;35.35294117647059;1;1;7;39;1;1;38;1;30;1;1;0.0;17.0;32;2;1;40;17.0;7;39;30;42;36.705882352941174;1;0;31;0;3;2;2;41;3;2;3;2;2.0;38.88235294117647
31;42;6;0;0;1;34.23529411764706;1;1;6;33;2;1;30;0;35;3;0;3.0;14.0;33;2;1;36;11.0;5;43;35;50;36.0;1;1;20;1;3;2;2;0;3;2;3;2;1.0;29.636363636363637
39;50;32;39;36;1;37.94117647058823;1;1;7;40;1;1;43;1;35;1;1;0.0;17.0;50;2;1;44;17.0;7;45;45;45;44.588235294117645;1;0;35;0;3;2;2;50;3;2;3;2;3.0;40.1764705882353
42;44;37;34;41;1;34.411764705882355;1;1;7;42;1;1;43;1;30;1;1;0.0;17.0;50;2;1;45;17.0;7;44;31;43;40.8235294117647;1;0;30;0;3;2;2;45;3;2;3;2;3.0;40.294117647058826
33;43;32;45;37;1;36.64705882352941;1;1;7;38;1;1;44;1;30;1;1;0.0;17.0;50;2;1;43;17.0;7;40;45;45;45.470588235294116;1;0;45;0;3;2;2;49;3;2;3;2;2.0;39.35294117647059
31;44;31;37;36;1;35.470588235294116;1;1;7;39;1;1;30;3;36;2;1;0.0;17.0;30;2;1;34;17.0;7;33;32;32;34.588235294117645;1;1;33;0;3;2;2;45;3;2;3;2;2.0;36.05882352941177
49;47;32;44;32;1;35.470588235294116;1;1;7;43;2;1;30;1;30;2;1;0.0;17.0;33;2;1;31;17.0;7;32;39;42;36.1764705882353;1;1;33;0;3;2;2;40;3;2;3;2;2.0;39.8235294117647
39;50;41;36;35;1;40.88235294117647;1;1;7;38;1;1;41;1;35;1;1;0.0;17.0;50;2;1;43;17.0;7;45;45;45;42.88235294117647;1;0;35;0;3;2;2;41;3;2;3;2;3.0;40.05882352941177
0;27;0;0;0;0;32.6;0;1;2;0;0;0;0;0;0;2;0;3.0;6.0;0;1;0;0;3.0;1;0;0;0;29.0;0;1;16;1;3;2;2;42;3;2;3;2;1.0;27.0
30;43;31;37;37;1;35.8235294117647;1;1;7;43;3;1;31;1;39;3;1;0.0;17.0;34;2;1;35;17.0;7;30;35;44;35.1764705882353;1;1;30;0;3;2;2;36;3;2;3;2;2.0;36.529411764705884
31;44;30;32;33;2;33.88235294117647;1;1;7;37;3;1;35;2;41;3;1;0.0;17.0;30;2;1;38;17.0;7;33;30;40;35.705882352941174;1;1;35;0;3;2;2;40;3;2;3;2;2.0;34.88235294117647
40;41;46;39;46;1;40.529411764705884;1;1;7;38;1;1;41;1;32;1;1;0.0;17.0;40;2;1;39;17.0;7;32;33;33;35.11764705882353;1;0;30;0;3;2;2;40;3;2;3;2;3.0;41.64705882352941
31;37;30;0;0;1;36.35294117647059;1;1;7;0;1;0;11;0;34;5;0;3.0;17.0;32;2;1;43;14.0;6;35;33;40;36.05882352941177;1;2;27;1;3;2;2;42;3;2;3;2;1.0;28.333333333333332
30;40;31;37;33;1;35.64705882352941;1;1;7;33;2;2;43;1;38;4;1;0.0;17.0;32;2;1;34;17.0;7;40;39;47;38.411764705882355;1;1;32;0;3;2;2;42;3;2;3;2;2.0;35.529411764705884
45;50;45;46;39;1;43.23529411764706;1;1;7;44;1;1;46;1;40;1;1;0.0;17.0;50;2;1;46;17.0;7;40;50;45;44.8235294117647;1;0;45;0;3;2;2;40;3;2;3;2;3.0;45.0
30;44;30;36;33;1;38.0;1;1;7;41;1;1;30;1;32;2;1;0.0;17.0;35;2;1;42;17.0;7;35;37;41;36.588235294117645;1;1;30;0;3;2;2;37;3;2;3;2;2.0;35.35294117647059
35;50;33;38;37;1;40.88235294117647;1;1;7;40;1;1;41;1;35;1;1;0.0;17.0;50;2;1;43;17.0;7;35;45;40;42.94117647058823;1;0;45;0;3;2;2;43;3;2;3;2;2.0;39.588235294117645
45;50;43;39;41;1;41.76470588235294;1;1;7;42;1;1;47;1;40;1;1;0.0;17.0;42;2;1;43;17.0;7;40;48;40;42.411764705882355;1;0;35;0;3;2;2;50;3;2;3;2;3.0;43.76470588235294
30;0;0;0;0;3;34.84615384615385;0;0;1;0;0;0;0;0;27;0;0;2.0;2.0;0;1;0;20;0.0;0;0;0;0;20.0;0;0;0;1;3;2;2;0;3;2;3;2;1.0;30.0
48;50;45;33;37;1;39.76470588235294;1;1;7;41;1;1;46;1;38;1;1;0.0;17.0;31;2;1;42;17.0;7;43;45;44;39.411764705882355;1;0;30;0;3;2;2;42;3;2;3;2;3.0;42.35294117647059
31;40;45;44;34;1;35.705882352941174;2;1;7;39;1;1;38;2;35;3;1;0.0;17.0;34;2;1;40;17.0;7;30;34;36;36.1764705882353;1;2;34;0;3;2;2;43;3;2;3;2;2.0;38.8235294117647
30;42;30;32;43;2;32.76470588235294;1;1;7;38;1;1;37;1;32;4;1;0.0;17.0;32;2;1;32;17.0;7;34;36;45;36.76470588235294;1;1;30;0;3;2;2;44;3;2;3;2;2.0;36.529411764705884
30;0;0;0;0;1;28.933333333333334;0;0;5;0;0;0;0;0;34;3;0;3.0;12.0;33;2;1;0;9.0;4;33;37;32;32.416666666666664;1;1;29;1;3;2;2;0;3;2;3;2;1.0;30.0
30;46;34;30;36;1;37.529411764705884;1;1;7;44;1;1;33;1;34;3;1;0.0;17.0;32;2;1;40;17.0;7;37;38;39;36.529411764705884;1;1;30;0;3;2;2;40;3;2;3;2;2.0;36.35294117647059
38;47;46;41;42;1;37.8235294117647;1;1;7;43;1;1;37;1;34;2;1;0.0;17.0;34;2;1;44;17.0;7;41;35;47;41.05882352941177;1;1;33;0;3;2;2;50;3;2;3;2;3.0;42.23529411764706
30;42;40;33;39;1;35.23529411764706;1;1;7;38;1;1;37;2;30;3;2;0.0;17.0;36;2;1;36;17.0;7;38;42;42;37.64705882352941;1;1;30;0;3;2;2;40;3;2;3;2;2.0;37.1764705882353
38;50;37;30;39;1;36.11764705882353;1;1;7;41;1;1;37;1;31;1;2;0.0;17.0;35;2;1;34;17.0;7;40;39;34;36.11764705882353;1;0;32;0;3;2;2;40;3;2;3;2;2.0;39.0
35;50;44;43;41;1;40.76470588235294;1;1;7;44;1;1;47;1;30;1;1;0.0;17.0;50;2;1;35;17.0;7;44;37;48;43.88235294117647;1;0;40;0;3;2;2;50;3;2;3;2;3.0;43.64705882352941
30;45;40;39;39;1;41.588235294117645;1;1;7;41;1;1;46;1;35;1;1;0.0;17.0;50;2;1;40;17.0;7;43;32;46;39.88235294117647;1;0;30;0;3;2;2;40;3;2;3;2;3.0;40.1764705882353
35;50;43;37;38;1;39.411764705882355;1;1;7;42;1;1;42;1;30;1;1;0.0;17.0;50;2;1;43;17.0;7;45;42;45;43.23529411764706;1;0;30;0;3;2;2;50;3;2;3;2;3.0;41.11764705882353
30;40;33;47;44;1;36.294117647058826;1;1;7;41;1;1;31;2;30;2;1;0.0;17.0;50;2;1;39;17.0;7;36;41;50;42.8235294117647;1;1;32;0;3;2;2;50;3;2;3;2;2.0;39.0
36;49;31;39;41;1;36.294117647058826;1;1;7;42;1;1;40;2;30;1;1;0.0;17.0;30;2;1;45;17.0;7;39;35;43;39.23529411764706;1;0;30;0;3;2;2;50;3;2;3;2;3.0;40.294117647058826
36;40;43;43;34;1;37.529411764705884;1;1;7;42;1;1;33;1;36;1;1;0.0;17.0;31;2;1;43;17.0;7;38;41;41;37.588235294117645;1;0;31;0;3;2;2;39;3;2;3;2;2.0;38.76470588235294
37;50;35;35;35;1;35.88235294117647;1;1;7;39;1;1;41;1;30;1;1;0.0;17.0;50;2;1;45;17.0;7;40;35;40;39.76470588235294;1;0;35;0;3;2;2;37;3;2;3;2;2.0;39.05882352941177
37;44;43;40;43;1;39.294117647058826;1;1;7;41;1;1;34;2;34;2;1;0.0;17.0;41;2;1;39;17.0;7;43;43;43;40.1764705882353;1;1;30;0;3;2;2;44;3;2;3;2;3.0;40.64705882352941
35;45;38;37;32;1;34.1764705882353;2;1;7;42;2;1;41;1;38;3;1;0.0;17.0;34;2;1;37;17.0;7;34;34;38;38.05882352941177;1;2;42;0;3;2;2;43;3;2;3;2;2.0;38.470588235294116
35;47;37;34;42;1;37.76470588235294;1;1;7;39;1;1;41;1;35;2;1;0.0;17.0;31;2;1;43;17.0;7;37;33;45;37.23529411764706;1;1;30;0;3;2;2;40;3;2;3;2;2.0;39.588235294117645
33;50;38;35;35;1;37.35294117647059;1;1;6;42;1;1;38;1;30;1;1;0.0;14.0;50;2;1;45;14.0;6;40;45;40;41.785714285714285;1;0;35;0;3;2;2;0;3;2;3;2;2.0;38.94117647058823
31;0;0;0;0;1;35.333333333333336;0;0;4;0;0;0;0;0;31;2;0;0.0;11.0;30;2;0;0;11.0;4;0;0;41;38.72727272727273;2;2;41;0;3;2;2;40;3;2;3;2;2.0;31.0
36;40;37;34;36;2;34.588235294117645;1;1;7;40;2;1;36;1;33;1;1;0.0;17.0;50;2;1;36;17.0;7;36;32;30;35.94117647058823;1;0;30;0;3;2;2;41;3;2;3;2;2.0;36.94117647058823
38;49;41;36;39;1;36.05882352941177;1;1;7;40;1;1;43;1;35;1;1;0.0;17.0;50;2;1;40;17.0;7;43;40;46;41.705882352941174;1;0;35;0;3;2;2;40;3;2;3;2;3.0;40.94117647058823
36;42;35;31;40;1;36.588235294117645;1;1;7;34;1;1;31;2;33;4;1;0.0;17.0;33;2;1;37;17.0;7;40;35;39;37.1764705882353;1;1;36;0;3;2;2;39;3;2;3;2;2.0;35.94117647058823
37;41;33;41;35;3;33.76470588235294;2;1;4;0;1;0;33;3;37;3;2;0.0;9.0;38;2;1;32;9.0;4;33;0;0;32.888888888888886;0;3;30;0;3;2;2;0;3;2;3;2;2.0;37.13333333333333
44;46;31;40;37;1;37.23529411764706;1;1;7;39;1;1;31;1;38;1;2;0.0;17.0;50;2;3;34;17.0;7;33;35;44;38.529411764705884;2;2;30;0;3;2;2;43;3;2;3;2;2.0;38.76470588235294
0;25;0;0;0;0;26.0;0;1;1;0;0;0;0;0;21;0;0;0.0;3.0;0;2;0;0;3.0;1;0;0;0;35.0;0;0;0;0;3;2;2;35;3;2;3;2;1.0;25.0
18;33;0;0;0;1;33.857142857142854;0;1;1;0;0;0;0;0;0;0;0;0.0;3.0;0;2;0;0;3.0;1;0;0;0;40.0;0;0;0;0;3;2;2;40;3;2;3;2;1.0;27.0
38;33;36;33;43;2;34.529411764705884;1;1;7;39;1;1;38;1;41;3;2;0.0;17.0;30;2;1;39;17.0;7;35;32;36;36.294117647058826;3;2;33;0;3;2;2;46;3;2;3;2;2.0;37.0
50;49;40;32;40;2;37.470588235294116;1;1;7;37;1;1;36;1;35;1;1;0.0;17.0;50;2;1;32;17.0;7;38;32;43;39.588235294117645;1;0;30;0;3;2;2;50;3;2;3;2;3.0;40.529411764705884
0;33;0;0;0;0;29.7;0;1;2;0;0;0;0;0;0;2;0;3.0;6.0;0;1;0;0;3.0;1;0;0;0;21.5;0;1;13;1;3;2;2;30;3;2;3;2;2.0;33.0
0;0;0;0;0;0;28.636363636363637;0;0;4;0;0;0;0;0;34;1;0;8.0;11.0;0;1;0;10;3.0;1;0;0;26;22.0;1;0;4;3;3;2;2;44;3;2;3;2;0.0;0.0
41;47;43;38;43;1;39.23529411764706;1;1;7;44;1;1;39;1;44;1;1;0.0;17.0;33;2;1;40;17.0;7;40;39;40;38.529411764705884;1;0;36;0;3;2;2;41;3;2;3;2;3.0;42.23529411764706
0;0;0;0;0;0;32.88235294117647;0;0;1;0;0;0;0;0;37;0;0;0.0;2.0;0;2;1;0;2.0;1;45;0;0;45.0;0;0;0;0;3;2;2;0;3;2;3;2;0.0;0.0
33;47;37;32;42;2;35.0;1;1;7;37;1;1;38;1;37;2;1;0.0;17.0;33;2;1;33;17.0;7;36;30;40;35.11764705882353;1;1;34;0;3;2;2;37;3;2;3;2;2.0;38.411764705882355
42;50;36;38;41;1;37.11764705882353;1;1;7;30;1;1;45;1;39;1;1;0.0;17.0;37;2;1;44;17.0;7;35;43;47;40.23529411764706;1;0;32;0;3;2;2;43;3;2;3;2;3.0;40.76470588235294
35;47;32;30;40;1;38.294117647058826;1;1;7;42;1;1;32;1;42;2;1;0.0;17.0;39;2;1;30;17.0;7;41;31;44;38.294117647058826;1;1;30;0;3;2;2;49;3;2;3;2;2.0;37.23529411764706
38;42;30;30;38;2;38.8235294117647;1;1;7;40;1;1;36;2;34;1;1;0.0;17.0;31;2;1;42;17.0;7;37;35;44;37.35294117647059;1;0;32;0;3;2;2;39;3;2;3;2;2.0;36.35294117647059
39;50;35;42;41;1;40.294117647058826;1;1;7;43;1;1;42;1;42;1;1;0.0;17.0;36;2;1;43;17.0;7;35;44;47;40.11764705882353;1;0;32;0;3;2;2;43;3;2;3;2;3.0;42.1764705882353
40;47;40;33;38;1;36.470588235294116;1;1;7;37;1;1;38;1;36;2;1;0.0;17.0;38;2;1;38;17.0;7;39;39;37;38.05882352941177;1;1;35;0;3;2;2;41;3;2;3;2;2.0;39.05882352941177
32;41;30;31;36;1;32.94117647058823;1;1;7;39;3;1;36;3;30;1;1;0.0;17.0;30;2;1;35;17.0;7;35;40;30;33.23529411764706;1;1;30;0;3;2;2;35;3;2;3;2;2.0;35.1764705882353
30;42;30;37;42;1;38.76470588235294;1;1;7;41;1;1;38;2;31;4;1;0.0;17.0;32;2;1;43;17.0;7;35;36;46;40.294117647058826;1;1;35;0;3;2;2;50;3;2;3;2;2.0;37.705882352941174
33;42;41;43;45;1;35.88235294117647;1;1;7;43;1;1;34;1;32;1;1;0.0;17.0;38;2;1;46;17.0;7;38;39;47;41.35294117647059;1;0;33;0;3;2;2;47;3;2;3;2;3.0;40.705882352941174
38;42;43;30;40;3;38.1764705882353;1;1;7;42;1;1;30;1;35;3;1;0.0;17.0;37;2;1;40;17.0;7;38;47;50;42.0;1;1;30;0;3;2;2;50;3;2;3;2;2.0;37.76470588235294
49;47;35;49;37;1;34.64705882352941;1;1;6;42;1;1;30;2;34;3;1;0.0;14.0;35;2;1;37;14.0;6;39;31;40;35.92857142857143;1;1;33;0;3;2;2;0;3;2;3;2;3.0;41.8235294117647
45;42;34;31;38;1;38.588235294117645;1;1;7;40;1;1;40;1;32;2;1;0.0;17.0;34;2;1;41;17.0;7;36;36;50;40.23529411764706;1;1;30;0;3;2;2;50;3;2;3;2;2.0;38.294117647058826
38;46;45;36;39;1;40.588235294117645;1;1;7;40;1;1;41;1;35;1;1;0.0;17.0;34;2;1;42;17.0;7;42;41;46;41.11764705882353;1;0;31;0;3;2;2;50;3;2;3;2;3.0;40.64705882352941
40;47;31;39;40;1;38.294117647058826;1;1;7;41;1;1;36;1;35;2;1;0.0;17.0;33;2;1;30;17.0;7;40;37;46;37.64705882352941;1;1;32;0;3;2;2;42;3;2;3;2;2.0;39.64705882352941
33;47;34;34;39;1;39.411764705882355;1;1;7;41;1;1;32;2;40;2;1;0.0;17.0;31;2;1;37;17.0;7;43;40;50;39.11764705882353;1;1;32;0;3;2;2;39;3;2;3;2;2.0;37.64705882352941
34;36;30;35;42;1;36.588235294117645;1;1;7;39;1;1;31;2;36;3;1;0.0;17.0;32;2;1;42;17.0;7;39;33;30;36.23529411764706;1;2;32;0;3;2;2;46;3;2;3;2;2.0;35.705882352941174
35;50;30;0;0;1;35.294117647058826;0;2;5;38;1;1;0;0;34;2;0;3.0;12.0;50;2;1;40;9.0;4;39;0;39;34.0;1;1;11;1;3;2;2;0;3;2;3;2;2.0;39.55555555555556
42;46;44;40;41;1;44.705882352941174;1;1;7;43;1;1;39;1;45;1;1;0.0;17.0;33;2;1;41;17.0;7;41;39;48;39.64705882352941;1;0;33;0;3;2;2;41;3;2;3;2;3.0;42.1764705882353
39;46;42;30;43;1;35.94117647058823;1;1;7;41;1;1;36;1;36;2;1;0.0;17.0;34;2;1;42;17.0;7;41;41;50;41.0;1;1;30;0;3;2;2;47;3;2;3;2;2.0;39.588235294117645
38;30;12;21;18;1;34.1764705882353;1;2;6;38;1;1;45;1;32;3;1;0.0;14.0;36;2;2;30;14.0;6;35;33;33;32.857142857142854;1;2;31;0;3;2;2;0;3;2;3;2;1.0;27.823529411764707
36;41;30;30;31;2;34.76470588235294;1;1;7;39;3;1;31;1;30;2;1;0.0;17.0;34;2;1;33;17.0;7;41;32;38;37.294117647058826;1;1;30;0;3;2;2;50;3;2;3;2;2.0;34.0
27;0;24;34;39;2;38.1764705882353;1;0;7;41;2;1;30;1;34;2;1;0.0;17.0;39;2;1;36;17.0;7;45;38;34;39.411764705882355;1;1;39;0;3;2;2;45;3;2;3;2;2.0;33.07142857142857
32;42;30;30;38;1;36.1764705882353;2;1;7;37;1;1;36;2;30;2;1;0.0;17.0;37;2;1;30;17.0;7;40;34;42;35.470588235294116;1;1;30;0;3;2;2;35;3;2;3;2;2.0;35.294117647058826
0;0;0;0;0;0;33.2;0;0;4;32;0;1;0;0;38;2;0;3.0;9.0;32;2;2;35;6.0;3;42;0;0;31.555555555555557;0;2;22;1;3;2;2;0;3;2;3;2;2.0;32.0
33;33;30;30;36;1;36.705882352941174;1;1;7;38;1;1;40;1;36;2;1;0.0;17.0;37;2;1;40;17.0;7;38;32;33;35.470588235294116;1;1;30;0;3;2;2;40;3;2;3;2;2.0;34.05882352941177
45;41;36;34;31;2;35.76470588235294;1;1;7;38;1;1;37;3;33;2;1;0.0;17.0;31;2;1;43;17.0;7;32;34;34;35.88235294117647;1;1;30;0;3;2;2;46;3;2;3;2;2.0;37.05882352941177
48;39;41;35;43;1;39.411764705882355;1;1;7;40;1;1;36;1;38;2;1;0.0;17.0;35;2;1;40;17.0;7;38;47;43;41.411764705882355;1;2;35;0;3;2;2;50;3;2;3;2;3.0;40.05882352941177
32;40;30;39;41;1;35.35294117647059;1;1;7;43;1;1;30;2;31;4;1;0.0;17.0;30;2;1;39;17.0;7;41;30;45;38.529411764705884;1;1;34;0;3;2;2;46;3;2;3;2;2.0;37.05882352941177
0;4;0;0;0;0;33.4;1;1;6;33;0;1;16;0;38;3;0;3.0;14.0;34;1;1;33;11.0;5;32;36;0;28.928571428571427;0;2;10;1;3;2;2;35;3;2;3;2;1.0;15.714285714285714
36;42;36;38;43;1;38.11764705882353;1;1;7;42;1;1;31;2;39;1;1;0.0;17.0;31;2;1;30;17.0;7;36;39;49;39.470588235294116;1;0;34;0;3;2;2;50;3;2;3;2;2.0;38.76470588235294
32;38;38;34;41;1;31.294117647058822;2;1;7;39;3;1;30;3;30;3;2;0.0;17.0;32;2;1;32;17.0;7;43;30;31;35.705882352941174;2;2;30;0;3;2;2;50;3;2;3;2;2.0;36.294117647058826
0;40;0;0;0;0;36.23076923076923;1;1;3;0;0;0;25;0;37;2;0;0.0;8.0;0;2;0;0;8.0;3;0;38;35;34.25;1;2;31;0;3;2;2;0;3;2;3;2;2.0;34.0
0;0;0;0;0;0;27.666666666666668;0;0;5;0;0;0;0;0;30;4;0;6.0;12.0;0;1;1;31;6.0;3;34;34;23;27.25;2;3;20;2;3;2;2;0;3;2;3;2;0.0;0.0
0;0;0;0;0;0;25.76923076923077;0;0;3;0;0;0;0;0;43;3;0;5.0;7.0;0;1;1;0;2.0;1;31;0;0;17.0;0;1;19;2;3;2;2;0;3;2;3;2;0.0;0.0
40;34;43;37;41;1;35.88235294117647;1;1;7;43;1;1;44;2;35;1;1;0.0;17.0;31;2;1;40;17.0;7;32;32;39;35.470588235294116;1;0;32;0;3;2;2;40;3;2;3;2;2.0;39.76470588235294
32;44;46;33;35;1;34.0;1;1;7;40;1;1;33;1;32;1;1;0.0;17.0;30;2;1;33;17.0;7;30;41;39;36.94117647058823;1;0;32;0;3;2;2;49;3;2;3;2;2.0;37.529411764705884
39;46;43;31;42;1;39.1764705882353;1;1;7;41;1;1;38;1;44;3;1;0.0;17.0;38;2;1;34;17.0;7;39;45;39;40.05882352941177;1;1;44;0;3;2;2;40;3;2;3;2;2.0;39.94117647058823
39;50;33;37;40;2;37.1764705882353;1;1;7;38;1;1;32;2;36;1;1;0.0;17.0;34;2;1;31;17.0;7;34;37;49;37.88235294117647;1;0;32;0;3;2;2;43;3;2;3;2;2.0;39.11764705882353
0;39;0;0;0;0;34.92307692307692;0;1;5;0;0;0;0;0;35;3;0;3.0;12.0;0;2;1;41;9.0;4;31;36;0;34.5;0;1;27;1;3;2;2;39;3;2;3;2;2.0;39.0
46;42;43;32;43;1;38.0;1;1;7;41;1;1;38;1;34;1;1;0.0;17.0;32;2;1;43;17.0;7;40;44;44;40.411764705882355;1;0;31;0;3;2;2;48;3;2;3;2;3.0;40.411764705882355
42;34;40;32;31;1;35.64705882352941;1;1;7;40;1;1;33;2;39;1;1;0.0;17.0;34;2;1;39;17.0;7;36;41;41;39.88235294117647;1;0;35;0;3;2;2;50;3;2;3;2;2.0;35.35294117647059
38;45;32;34;34;1;36.11764705882353;3;1;7;47;1;1;34;1;34;1;1;0.0;17.0;33;2;1;39;17.0;7;39;35;44;39.05882352941177;1;0;30;0;3;2;2;50;3;2;3;2;2.0;37.705882352941174
0;48;50;0;0;0;34.0;0;1;6;0;1;0;0;0;32;2;0;2.0;14.0;24;2;3;37;12.0;5;37;32;42;34.0;1;3;30;1;3;2;2;0;3;2;3;2;4.0;48.8
39;39;36;42;34;2;34.23529411764706;1;1;7;36;1;1;16;1;33;1;1;0.0;17.0;30;2;1;39;17.0;7;39;33;35;34.23529411764706;1;0;30;0;3;2;2;35;3;2;3;2;2.0;35.23529411764706
39;39;33;43;0;2;36.705882352941174;1;1;7;39;1;1;22;1;40;1;0;0.0;17.0;30;2;1;37;17.0;7;37;46;41;36.705882352941174;1;0;30;0;3;2;2;37;3;2;3;2;2.0;36.57142857142857
39;44;41;40;30;1;34.529411764705884;1;1;7;37;1;1;42;2;30;2;1;0.0;17.0;34;2;2;33;17.0;7;44;37;46;38.76470588235294;1;2;35;0;3;2;2;40;3;2;3;2;2.0;38.8235294117647
0;46;32;23;16;0;37.0;1;1;6;39;1;1;36;1;39;3;1;0.0;14.0;31;2;1;34;14.0;6;30;46;47;37.07142857142857;1;1;32;0;3;2;2;0;3;2;3;2;2.0;31.266666666666666
0;0;0;0;0;0;32.588235294117645;0;0;3;0;0;0;0;0;38;0;0;0.0;6.0;0;2;1;35;6.0;3;34;36;0;35.0;0;0;0;0;3;2;2;0;3;2;3;2;0.0;0.0
36;34;30;33;33;1;35.470588235294116;1;1;7;31;3;1;30;3;33;3;1;0.0;17.0;30;2;1;34;17.0;7;31;30;31;34.294117647058826;1;1;30;0;3;2;2;50;3;2;3;2;2.0;32.588235294117645
37;48;34;36;32;1;36.1764705882353;1;1;7;37;1;1;44;1;36;2;1;0.0;17.0;31;2;1;37;17.0;7;35;44;30;33.35294117647059;1;1;31;0;3;2;2;30;3;2;3;2;2.0;38.35294117647059
30;34;37;44;43;1;37.8235294117647;1;1;6;44;1;1;30;1;34;2;1;0.0;14.0;32;2;1;43;14.0;6;36;40;38;37.214285714285715;1;1;35;0;3;2;2;0;3;2;3;2;2.0;37.94117647058823
36;44;32;42;34;1;40.35294117647059;1;1;6;40;1;1;30;2;40;3;1;0.0;14.0;30;2;1;38;14.0;6;36;38;44;38.285714285714285;1;1;40;0;3;2;2;0;3;2;3;2;2.0;37.411764705882355
31;45;34;31;36;1;34.88235294117647;1;1;6;44;1;1;30;1;33;2;1;0.0;14.0;31;2;1;39;14.0;6;34;36;30;32.857142857142854;1;1;30;0;3;2;2;0;3;2;3;2;2.0;36.11764705882353
0;34;0;0;0;0;31.529411764705884;0;1;5;36;0;1;0;0;39;3;0;3.0;12.0;40;2;1;34;9.0;4;39;0;34;33.083333333333336;1;2;23;1;3;2;2;0;3;2;3;2;2.0;34.8
44;46;37;30;38;2;35.588235294117645;1;1;6;45;1;1;32;1;36;2;1;0.0;14.0;35;2;1;40;14.0;6;38;40;50;39.42857142857143;1;1;32;0;3;2;2;0;3;2;3;2;2.0;38.705882352941174
0;0;50;0;0;0;33.25;0;0;5;0;1;0;0;0;36;2;0;3.0;12.0;0;2;1;36;9.0;4;30;32;44;33.833333333333336;1;1;26;1;3;2;2;0;3;2;3;2;4.0;50.0
42;45;31;45;34;1;38.411764705882355;1;1;6;39;1;1;30;1;36;3;1;0.0;14.0;35;2;1;38;14.0;6;41;37;36;35.714285714285715;1;1;30;0;3;2;2;0;3;2;3;2;2.0;38.588235294117645
36;41;44;42;34;1;37.0;1;1;6;40;1;1;30;1;32;2;1;0.0;14.0;33;2;1;40;14.0;6;40;35;45;37.642857142857146;1;1;32;0;3;2;2;0;3;2;3;2;2.0;38.294117647058826
0;37;0;24;0;0;36.05882352941177;0;1;4;0;0;0;0;1;41;1;0;2.0;9.0;26;2;1;0;7.0;3;37;43;0;35.22222222222222;0;0;35;1;3;2;2;0;3;2;3;2;2.0;30.5
36;41;35;38;31;1;34.35294117647059;1;1;6;38;1;1;32;2;33;1;1;0.0;14.0;31;2;1;36;14.0;6;30;31;34;32.214285714285715;1;1;31;0;3;2;2;0;3;2;3;2;2.0;36.0
0;0;0;0;0;0;35.6;0;0;4;0;0;0;0;0;28;1;0;0.0;9.0;0;2;1;31;9.0;4;34;35;0;33.55555555555556;0;0;34;0;3;2;2;0;3;2;3;2;0.0;0.0
35;0;0;0;0;1;37.11764705882353;0;0;6;0;0;0;0;0;35;1;0;0.0;14.0;38;2;1;31;14.0;6;35;31;44;35.142857142857146;1;0;30;0;3;2;2;0;3;2;3;2;2.0;35.0
0;34;27;1;8;0;33.23529411764706;1;1;5;39;2;1;30;1;33;3;1;0.0;11.0;33;2;1;33;11.0;5;31;35;0;32.72727272727273;0;1;32;0;3;2;2;0;3;2;3;2;1.0;21.4
37;37;40;30;34;1;35.411764705882355;2;1;6;40;1;1;31;1;33;2;1;0.0;14.0;33;2;1;35;14.0;6;40;33;40;36.0;1;1;34;0;3;2;2;0;3;2;3;2;2.0;35.23529411764706
32;42;40;38;42;1;38.23529411764706;1;1;6;40;1;1;33;1;36;2;1;0.0;14.0;35;2;1;38;14.0;6;37;44;48;39.142857142857146;1;1;32;0;3;2;2;0;3;2;3;2;2.0;38.588235294117645
30;35;30;38;32;1;32.294117647058826;1;1;6;37;1;1;39;2;30;1;1;0.0;14.0;35;2;1;30;14.0;6;30;35;34;33.142857142857146;1;0;34;0;3;2;2;0;3;2;3;2;2.0;34.529411764705884
44;37;32;49;40;2;37.1764705882353;1;1;6;41;1;1;32;2;34;1;1;0.0;14.0;37;2;1;39;14.0;6;35;37;42;37.42857142857143;1;0;34;0;3;2;2;0;3;2;3;2;2.0;39.76470588235294
36;46;31;34;35;1;36.88235294117647;1;1;6;44;1;1;32;1;37;1;1;0.0;14.0;37;2;1;36;14.0;6;42;46;40;38.42857142857143;1;0;32;0;3;2;2;0;3;2;3;2;2.0;37.11764705882353
44;41;35;35;38;1;37.35294117647059;1;1;6;40;1;1;30;2;31;1;1;0.0;14.0;31;2;1;41;14.0;6;34;39;43;36.785714285714285;1;0;32;0;3;2;2;0;3;2;3;2;2.0;37.64705882352941
37;38;31;39;30;1;37.588235294117645;3;1;6;39;2;1;38;1;36;3;1;0.0;14.0;30;2;1;31;14.0;6;33;43;31;33.714285714285715;1;1;35;0;3;2;2;0;3;2;3;2;2.0;35.94117647058823
32;46;33;36;39;1;36.470588235294116;1;1;6;40;1;1;33;1;37;3;1;0.0;14.0;32;2;1;36;14.0;6;38;44;41;37.714285714285715;2;2;35;0;3;2;2;0;3;2;3;2;2.0;37.588235294117645
33;42;13;30;33;1;36.705882352941174;2;1;6;30;1;1;36;2;39;3;1;0.0;14.0;32;2;1;34;14.0;6;36;38;34;33.92857142857143;1;1;31;0;3;2;2;0;3;2;3;2;2.0;31.705882352941178
37;39;44;34;38;1;34.11764705882353;2;1;6;42;1;1;32;1;32;2;1;0.0;14.0;32;2;1;36;14.0;6;38;39;44;37.0;1;1;32;0;3;2;2;0;3;2;3;2;2.0;37.8235294117647
30;44;44;49;32;2;37.0;1;1;6;42;1;1;38;2;41;1;1;0.0;14.0;34;2;1;32;14.0;6;35;40;49;37.285714285714285;1;0;31;0;3;2;2;0;3;2;3;2;3.0;40.1764705882353
43;44;31;0;0;1;34.11764705882353;1;1;6;37;1;1;30;0;31;3;0;3.0;14.0;30;2;1;31;11.0;5;35;43;39;34.0;1;2;27;1;3;2;2;0;3;2;3;2;2.0;37.63636363636363
30;39;31;30;38;2;40.35294117647059;1;1;6;37;1;1;30;2;39;4;1;0.0;14.0;31;2;1;35;14.0;6;42;39;40;36.0;1;1;30;0;3;2;2;0;3;2;3;2;2.0;33.94117647058823
34;0;0;0;0;1;37.94117647058823;1;0;6;38;0;1;35;0;39;3;0;3.0;14.0;31;2;1;35;11.0;5;45;39;35;34.5;1;1;26;1;3;2;2;0;3;2;3;2;2.0;35.666666666666664
50;50;47;46;41;1;41.529411764705884;1;1;6;44;1;1;43;1;39;1;1;0.0;14.0;41;2;1;45;14.0;6;39;38;37;38.5;1;0;34;0;3;2;2;0;3;2;3;2;4.0;45.8235294117647
38;33;33;41;33;1;32.588235294117645;1;1;6;36;1;1;31;1;31;3;1;0.0;14.0;31;2;1;35;14.0;6;40;43;42;36.714285714285715;1;1;30;0;3;2;2;0;3;2;3;2;2.0;35.11764705882353
0;41;0;0;0;0;33.666666666666664;0;1;4;0;0;0;0;0;30;2;0;3.0;9.0;0;2;1;35;6.0;3;41;33;0;30.88888888888889;0;1;20;1;3;2;2;0;3;2;3;2;3.0;41.0
39;31;37;35;36;1;35.588235294117645;1;1;6;45;1;1;32;1;33;3;1;0.0;14.0;37;2;1;42;14.0;6;34;43;30;36.214285714285715;1;2;35;0;3;2;2;0;3;2;3;2;2.0;36.0
43;31;38;32;37;1;35.8235294117647;1;1;6;43;1;1;34;1;36;1;1;0.0;14.0;37;2;1;35;14.0;6;34;42;30;34.857142857142854;1;0;34;0;3;2;2;0;3;2;3;2;2.0;36.23529411764706
41;44;45;30;30;1;39.705882352941174;1;1;6;42;1;1;39;1;38;1;1;0.0;14.0;33;2;1;35;14.0;6;43;45;33;37.5;1;0;38;0;3;2;2;0;3;2;3;2;2.0;38.0
38;39;38;42;35;1;38.705882352941174;1;1;6;44;1;1;32;2;38;2;1;0.0;14.0;31;2;1;40;14.0;6;42;39;34;35.42857142857143;1;1;30;0;3;2;2;0;3;2;3;2;2.0;38.35294117647059
36;43;31;42;32;1;37.470588235294116;1;1;6;37;1;1;41;1;32;1;1;0.0;14.0;32;2;2;37;14.0;6;45;35;31;36.5;1;1;40;0;3;2;2;0;3;2;3;2;2.0;37.705882352941174
44;41;31;33;36;2;35.1764705882353;1;1;6;39;2;1;30;1;32;2;1;0.0;14.0;30;2;1;35;14.0;6;34;32;42;34.357142857142854;1;1;31;0;3;2;2;0;3;2;3;2;2.0;36.35294117647059
49;50;49;46;39;1;38.76470588235294;1;1;6;48;1;1;47;1;33;1;1;0.0;14.0;41;2;1;43;14.0;6;40;44;44;41.142857142857146;1;0;36;0;3;2;2;0;3;2;3;2;4.0;46.529411764705884
45;0;0;0;0;3;35.61538461538461;0;0;4;0;0;0;0;0;35;2;0;3.0;10.0;0;2;0;34;7.0;3;0;35;40;33.0;1;1;24;1;3;2;2;0;3;2;3;2;3.0;45.0
41;50;34;30;39;1;38.05882352941177;1;1;6;36;1;1;37;1;31;1;1;0.0;14.0;34;2;1;40;14.0;6;37;41;30;34.57142857142857;1;0;30;0;3;2;2;0;3;2;3;2;2.0;38.411764705882355
32;42;30;35;32;1;36.94117647058823;1;1;6;37;1;1;32;3;31;2;1;0.0;14.0;30;2;1;35;14.0;6;39;37;45;37.07142857142857;1;1;34;0;3;2;2;0;3;2;3;2;2.0;34.64705882352941
0;0;0;0;0;0;29.764705882352942;2;0;6;0;0;0;13;0;30;4;0;10.0;14.0;5;1;1;9;4.0;2;37;32;1;17.214285714285715;2;4;24;4;3;2;2;0;3;2;3;2;1.0;13.0
0;0;0;0;0;0;33.8;0;0;4;0;0;0;0;0;36;1;0;6.0;10.0;0;1;0;35;4.0;2;0;30;22;25.3;1;0;19;2;3;2;2;0;3;2;3;2;0.0;0.0
44;33;40;38;37;1;37.23529411764706;1;1;6;45;1;1;44;1;37;2;1;0.0;14.0;38;2;1;37;14.0;6;37;42;40;37.642857142857146;1;1;33;0;3;2;2;0;3;2;3;2;2.0;39.411764705882355
0;0;0;0;0;0;33.88235294117647;0;0;5;0;0;0;0;0;31;0;0;0.0;11.0;30;2;1;35;11.0;5;41;31;41;36.09090909090909;2;2;0;0;3;2;2;0;3;2;3;2;0.0;0.0
36;39;44;40;40;1;37.23529411764706;1;1;6;41;1;1;36;1;37;1;1;0.0;14.0;32;2;1;37;14.0;6;39;47;30;36.07142857142857;1;0;35;0;3;2;2;0;3;2;3;2;2.0;39.470588235294116
32;33;33;44;40;1;37.64705882352941;1;1;6;40;1;1;38;1;31;2;1;0.0;14.0;34;2;1;41;14.0;6;40;46;40;39.07142857142857;1;1;35;0;3;2;2;0;3;2;3;2;2.0;37.470588235294116
33;41;30;30;36;1;35.94117647058823;1;1;6;39;2;1;35;2;35;2;1;0.0;14.0;30;2;1;38;14.0;6;34;43;42;36.357142857142854;1;2;31;0;3;2;2;0;3;2;3;2;2.0;35.0
0;0;0;0;0;0;34.64705882352941;0;0;5;41;0;1;0;0;31;3;0;3.0;12.0;0;2;1;33;9.0;4;42;39;44;35.0;1;1;20;1;3;2;2;0;3;2;3;2;3.0;41.0
36;41;35;38;36;2;36.05882352941177;1;1;6;36;1;1;40;2;38;2;1;0.0;14.0;34;2;1;37;14.0;6;38;33;34;35.07142857142857;1;1;35;0;3;2;2;0;3;2;3;2;2.0;37.588235294117645
0;0;31;0;0;0;34.705882352941174;1;0;5;30;1;2;31;0;39;2;0;3.0;11.0;38;2;1;37;8.0;4;36;32;0;33.63636363636363;0;1;28;1;3;2;2;0;3;2;3;2;2.0;30.666666666666668
31;42;42;45;41;1;37.94117647058823;1;1;6;41;1;1;35;1;38;2;1;0.0;14.0;39;2;1;36;14.0;6;32;45;38;37.57142857142857;1;1;36;0;3;2;2;0;3;2;3;2;3.0;40.11764705882353
34;43;40;34;32;1;34.94117647058823;1;1;6;38;1;1;33;1;33;2;1;0.0;14.0;30;2;1;37;14.0;6;40;42;43;37.785714285714285;2;2;34;0;3;2;2;0;3;2;3;2;2.0;36.294117647058826
37;40;36;30;30;2;33.411764705882355;1;1;6;30;3;2;33;2;38;2;1;0.0;14.0;34;2;1;41;14.0;6;30;30;32;32.57142857142857;1;2;30;0;3;2;2;0;3;2;3;2;2.0;33.64705882352941
40;42;32;39;33;2;34.470588235294116;1;1;6;37;1;1;35;1;35;2;1;0.0;14.0;31;2;1;36;14.0;6;34;30;31;31.785714285714285;1;1;30;0;3;2;2;0;3;2;3;2;2.0;37.05882352941177
32;38;31;37;32;1;35.588235294117645;1;2;6;36;1;1;37;2;34;2;2;0.0;14.0;30;2;1;44;14.0;6;41;41;31;35.357142857142854;1;1;30;0;3;2;2;0;3;2;3;2;2.0;34.88235294117647
30;43;42;45;33;1;38.705882352941174;1;1;6;40;1;1;40;1;40;2;1;0.0;14.0;37;2;1;37;14.0;6;35;39;39;36.57142857142857;1;1;33;0;3;2;2;0;3;2;3;2;2.0;39.23529411764706
39;42;41;31;37;1;38.76470588235294;1;1;6;45;1;1;40;1;35;2;1;0.0;14.0;33;2;1;39;14.0;6;35;43;37;37.07142857142857;1;1;36;0;3;2;2;0;3;2;3;2;2.0;38.8235294117647
40;0;0;0;0;2;39.0;0;0;0;0;0;0;0;0;39;0;0;0.0;0.0;0;1;0;0;0.0;0;0;0;0;0.0;0;0;0;0;3;2;2;0;3;2;3;2;2.0;40.0
37;41;33;30;42;3;34.294117647058826;2;1;6;42;2;1;40;1;30;3;2;0.0;14.0;33;2;1;35;14.0;6;39;32;39;35.714285714285715;1;1;35;0;3;2;2;0;3;2;3;2;2.0;37.8235294117647
49;43;42;46;33;2;36.529411764705884;1;1;6;38;1;1;30;2;34;2;1;0.0;14.0;30;2;1;35;14.0;6;33;41;30;32.714285714285715;1;1;30;0;3;2;2;0;3;2;3;2;3.0;40.23529411764706
33;0;0;0;0;2;33.46153846153846;0;0;2;0;0;0;0;0;34;1;0;5.0;5.0;0;1;0;0;0.0;0;0;16;0;10.6;0;0;7;2;3;2;2;0;3;2;3;2;2.0;33.0
40;33;34;41;37;1;34.23529411764706;1;1;6;33;2;1;42;2;35;1;1;0.0;14.0;32;2;1;31;14.0;6;35;35;37;33.357142857142854;1;0;30;0;3;2;2;0;3;2;3;2;2.0;37.11764705882353
1;47;0;0;0;1;35.333333333333336;0;1;2;0;0;0;0;0;38;2;0;3.0;5.0;0;2;0;0;2.0;1;0;37;0;32.2;0;2;29;1;3;2;2;0;3;2;3;2;1.0;28.6
0;0;0;0;0;0;31.0;0;0;2;0;0;0;0;0;37;1;0;0.0;5.0;0;2;1;0;5.0;2;32;0;0;35.6;0;0;38;0;3;2;2;0;3;2;3;2;0.0;0.0
0;47;8;0;0;0;35.0;0;1;6;22;1;1;0;0;38;3;0;5.0;14.0;38;1;1;33;9.0;4;5;38;33;26.142857142857142;1;3;13;2;3;2;2;0;3;2;3;2;1.0;28.714285714285715
30;50;41;40;41;1;38.0;1;1;6;46;1;1;34;2;40;2;1;0.0;14.0;30;2;1;35;14.0;6;38;41;34;35.357142857142854;1;1;35;0;3;2;2;0;3;2;3;2;3.0;40.88235294117647
38;50;36;39;37;1;39.470588235294116;1;1;6;44;1;1;32;1;45;2;1;0.0;14.0;34;2;1;40;14.0;6;41;40;37;36.92857142857143;1;2;32;0;3;2;2;0;3;2;3;2;2.0;39.88235294117647
35;46;32;33;43;1;32.411764705882355;1;1;6;36;1;1;32;1;37;1;1;0.0;14.0;38;2;1;35;14.0;6;33;34;41;35.214285714285715;1;0;30;0;3;2;2;0;3;2;3;2;2.0;37.411764705882355
40;47;49;36;41;1;41.705882352941174;1;1;6;46;1;1;45;1;39;1;1;0.0;14.0;33;2;1;48;14.0;6;42;41;49;41.642857142857146;1;0;36;0;3;2;2;0;3;2;3;2;3.0;43.05882352941177
37;0;0;0;0;1;34.0;0;0;3;0;0;0;0;0;38;1;0;3.0;8.0;0;1;0;0;5.0;2;0;34;40;29.125;1;0;15;1;3;2;2;0;3;2;3;2;2.0;37.0
31;44;33;36;38;1;35.11764705882353;1;1;6;41;1;1;31;1;31;2;1;0.0;14.0;30;2;1;37;14.0;6;35;36;39;35.357142857142854;1;1;34;0;3;2;2;0;3;2;3;2;2.0;36.8235294117647
34;0;0;0;0;2;32.92307692307692;0;0;4;0;0;0;0;0;37;1;0;6.0;10.0;0;1;0;37;4.0;2;0;30;23;21.5;1;1;4;2;3;2;2;0;3;2;3;2;2.0;34.0
42;41;31;41;44;1;38.529411764705884;1;1;6;41;1;1;44;1;40;1;1;0.0;14.0;32;2;1;42;14.0;6;41;43;46;38.857142857142854;1;0;30;0;3;2;2;0;3;2;3;2;3.0;40.8235294117647
34;42;31;46;41;1;36.88235294117647;2;1;6;39;1;1;31;1;31;1;1;0.0;14.0;31;2;1;35;14.0;6;39;30;33;33.214285714285715;2;2;32;0;3;2;2;0;3;2;3;2;2.0;38.64705882352941
43;46;34;30;39;1;38.588235294117645;1;1;6;42;1;1;30;1;40;2;1;0.0;14.0;30;2;1;41;14.0;6;35;41;46;39.214285714285715;1;1;39;0;3;2;2;0;3;2;3;2;2.0;37.8235294117647
49;46;37;44;41;1;38.705882352941174;1;1;6;45;1;1;33;1;41;1;1;0.0;14.0;36;2;1;41;14.0;6;39;39;46;39.714285714285715;1;0;36;0;3;2;2;0;3;2;3;2;3.0;42.411764705882355
32;47;31;0;0;1;35.470588235294116;0;2;5;38;1;1;0;0;36;2;0;3.0;12.0;30;2;1;34;9.0;4;42;0;34;30.916666666666668;1;1;19;1;3;2;2;0;3;2;3;2;2.0;38.111111111111114
42;34;33;33;36;1;35.11764705882353;2;1;6;42;1;1;45;1;37;1;2;0.0;14.0;30;2;1;36;14.0;6;33;37;46;35.714285714285715;1;0;30;0;3;2;2;0;3;2;3;2;2.0;37.23529411764706
41;45;33;32;41;1;36.11764705882353;1;1;6;40;1;1;38;1;34;2;1;0.0;14.0;34;2;1;30;14.0;6;39;43;47;38.0;1;1;33;0;3;2;2;0;3;2;3;2;2.0;38.705882352941174
47;46;36;39;37;1;37.705882352941174;2;1;6;40;1;1;33;2;39;2;1;0.0;14.0;32;2;1;42;14.0;6;38;37;46;39.07142857142857;1;1;37;0;3;2;2;0;3;2;3;2;2.0;39.88235294117647
44;47;42;40;38;1;37.23529411764706;1;2;6;43;1;1;35;1;36;1;1;0.0;14.0;33;2;1;42;14.0;6;42;40;30;36.57142857142857;1;0;36;0;3;2;2;0;3;2;3;2;3.0;41.35294117647059
43;46;32;32;33;1;36.11764705882353;2;1;6;41;1;1;31;1;38;2;1;0.0;14.0;33;2;1;44;14.0;6;40;46;36;39.357142857142854;1;1;39;0;3;2;2;0;3;2;3;2;2.0;36.88235294117647
45;48;40;33;32;1;41.94117647058823;1;1;6;41;1;1;38;1;41;1;1;0.0;14.0;40;2;1;49;14.0;6;43;37;41;42.142857142857146;1;0;43;0;3;2;2;0;3;2;3;2;2.0;39.23529411764706
37;31;30;35;33;1;33.1764705882353;1;1;6;38;1;1;35;1;33;3;1;0.0;14.0;34;2;1;39;14.0;6;40;44;45;40.214285714285715;1;2;38;0;3;2;2;0;3;2;3;2;2.0;33.94117647058823
44;46;35;35;34;1;36.35294117647059;1;1;6;42;1;1;32;2;35;2;1;0.0;14.0;35;2;1;41;14.0;6;42;31;46;38.857142857142854;1;1;36;0;3;2;2;0;3;2;3;2;2.0;38.294117647058826
38;47;34;38;31;1;35.23529411764706;1;1;6;44;1;1;30;1;30;1;1;0.0;14.0;31;2;1;41;14.0;6;33;39;39;35.57142857142857;1;0;31;0;3;2;2;0;3;2;3;2;2.0;37.64705882352941
37;36;40;38;37;1;40.1764705882353;1;1;6;36;2;1;36;1;36;1;1;0.0;14.0;38;2;1;33;14.0;6;42;39;37;36.07142857142857;1;0;30;0;3;2;2;0;3;2;3;2;2.0;37.11764705882353
26;0;0;0;0;2;23.8;0;0;2;0;0;0;0;0;0;3;0;3.0;5.0;0;1;0;0;2.0;1;0;30;0;28.2;0;1;27;1;3;2;2;0;3;2;3;2;1.0;26.0
31;49;35;0;0;1;34.411764705882355;1;1;6;42;1;1;31;0;39;1;0;3.0;14.0;34;1;2;37;11.0;5;35;32;30;29.785714285714285;1;2;17;1;3;2;2;0;3;2;3;2;2.0;38.63636363636363
30;40;30;41;36;1;35.88235294117647;1;1;6;37;1;1;43;1;37;1;1;0.0;14.0;34;2;1;41;14.0;6;32;43;43;37.92857142857143;1;0;34;0;3;2;2;0;3;2;3;2;2.0;37.11764705882353
0;44;23;22;0;0;35.76470588235294;1;1;6;0;1;0;31;1;33;3;0;0.0;14.0;31;2;2;33;14.0;6;36;43;34;34.57142857142857;1;2;32;0;3;2;2;0;3;2;3;2;2.0;30.6
38;46;40;36;44;1;36.88235294117647;1;1;6;38;1;1;38;1;39;3;1;0.0;14.0;37;2;1;32;14.0;6;40;38;45;37.714285714285715;1;1;33;0;3;2;2;0;3;2;3;2;3.0;40.35294117647059
43;48;38;33;44;2;39.0;1;1;6;44;1;1;35;2;39;1;1;0.0;14.0;38;2;1;35;14.0;6;41;41;34;36.92857142857143;1;0;35;0;3;2;2;0;3;2;3;2;3.0;40.88235294117647
40;41;36;46;36;1;35.05882352941177;1;1;6;40;2;1;32;1;30;2;1;0.0;14.0;36;2;1;32;14.0;6;38;44;38;37.714285714285715;1;1;38;0;3;2;2;0;3;2;3;2;2.0;39.11764705882353
32;44;0;0;0;3;29.23076923076923;0;1;1;0;0;0;0;0;22;0;0;0.0;2.0;0;2;0;0;2.0;1;0;37;0;37.0;0;0;0;0;3;2;2;0;3;2;3;2;2.0;39.2
44;44;30;43;36;1;34.8235294117647;1;1;6;40;1;1;31;1;35;2;1;0.0;14.0;30;2;1;42;14.0;6;44;40;38;37.92857142857143;1;1;35;0;3;2;2;0;3;2;3;2;2.0;38.76470588235294
38;0;0;0;0;2;31.88235294117647;0;0;4;0;0;0;0;0;38;1;0;5.0;9.0;0;1;1;21;4.0;2;40;37;0;21.77777777777778;0;1;0;2;3;2;2;0;3;2;3;2;2.0;38.0
30;36;35;42;36;1;37.88235294117647;1;1;6;44;1;1;44;2;38;1;1;0.0;14.0;34;2;1;38;14.0;6;35;45;36;36.285714285714285;1;0;32;0;3;2;2;0;3;2;3;2;2.0;38.11764705882353
0;0;0;0;0;0;34.6;0;0;3;0;0;0;0;0;41;1;0;5.0;7.0;0;1;1;9;2.0;1;40;0;0;16.142857142857142;0;0;5;2;3;2;2;0;3;2;3;2;0.0;0.0
39;42;30;43;44;2;35.588235294117645;1;1;6;40;1;1;31;2;38;1;1;0.0;14.0;35;2;1;36;14.0;6;41;39;35;36.142857142857146;1;0;33;0;3;2;2;0;3;2;3;2;2.0;39.23529411764706
37;50;35;44;40;1;42.1764705882353;1;1;6;44;1;1;35;1;48;1;1;0.0;14.0;36;2;1;35;14.0;6;43;49;47;40.214285714285715;1;0;32;0;3;2;2;0;3;2;3;2;3.0;41.411764705882355
31;0;0;0;0;2;33.35294117647059;1;0;6;42;0;1;31;0;31;2;0;3.0;14.0;31;2;1;33;11.0;5;30;36;45;32.07142857142857;2;2;18;1;3;2;2;0;3;2;3;2;2.0;34.666666666666664
34;46;35;47;38;1;39.0;1;1;6;45;1;1;32;1;43;1;1;0.0;14.0;34;2;1;38;14.0;6;43;32;46;37.714285714285715;1;0;32;0;3;2;2;0;3;2;3;2;3.0;40.294117647058826
45;37;39;31;32;1;39.705882352941174;1;1;6;40;1;1;35;1;46;1;1;0.0;14.0;42;2;1;43;14.0;6;40;40;34;38.142857142857146;1;0;34;0;3;2;2;0;3;2;3;2;2.0;36.35294117647059
40;47;30;36;37;1;38.1764705882353;1;1;6;31;1;1;37;2;43;1;1;0.0;14.0;35;2;1;37;14.0;6;41;44;33;38.5;1;0;42;0;3;2;2;0;3;2;3;2;2.0;37.411764705882355
0;40;27;0;0;0;34.470588235294116;2;1;6;30;1;2;31;0;36;2;0;5.0;14.0;24;1;1;32;9.0;4;33;36;30;27.928571428571427;2;3;17;2;3;2;2;0;3;2;3;2;2.0;32.888888888888886
42;45;43;32;36;1;38.705882352941174;1;1;6;40;1;1;43;1;37;1;1;0.0;14.0;33;2;1;36;14.0;6;36;45;39;37.714285714285715;1;0;37;0;3;2;2;0;3;2;3;2;2.0;39.705882352941174
30;46;34;33;37;1;38.470588235294116;1;1;6;31;1;1;45;1;43;1;1;0.0;14.0;38;2;1;47;14.0;6;41;40;42;41.285714285714285;1;0;40;0;3;2;2;0;3;2;3;2;2.0;36.94117647058823
50;50;46;33;34;1;42.05882352941177;1;1;6;39;1;1;48;1;43;1;1;0.0;14.0;35;2;1;47;14.0;6;40;48;45;43.142857142857146;1;0;43;0;3;2;2;0;3;2;3;2;3.0;42.1764705882353
30;50;33;35;36;1;37.8235294117647;1;1;6;44;1;1;38;2;31;1;1;0.0;14.0;32;2;1;41;14.0;6;41;39;42;37.92857142857143;1;0;33;0;3;2;2;0;3;2;3;2;2.0;38.411764705882355
43;40;31;37;43;1;36.05882352941177;1;1;6;32;1;1;35;2;41;2;1;0.0;14.0;35;2;1;39;14.0;6;42;42;46;39.285714285714285;1;1;32;0;3;2;2;0;3;2;3;2;2.0;37.76470588235294
40;41;41;33;35;1;41.529411764705884;1;1;6;38;1;1;48;1;44;1;1;0.0;14.0;33;2;1;43;14.0;6;40;47;38;39.142857142857146;1;0;36;0;3;2;2;0;3;2;3;2;2.0;38.88235294117647
40;38;38;37;34;1;41.23529411764706;1;1;6;41;1;1;48;1;44;1;1;0.0;14.0;38;2;1;44;14.0;6;36;43;44;40.357142857142854;1;0;37;0;3;2;2;0;3;2;3;2;2.0;38.88235294117647
44;48;36;30;37;1;39.05882352941177;1;1;6;43;1;1;32;1;40;1;1;0.0;14.0;38;2;1;46;14.0;6;37;42;49;42.142857142857146;1;0;39;0;3;2;2;0;3;2;3;2;2.0;38.529411764705884
32;35;32;0;0;2;38.94117647058823;0;1;6;40;1;1;0;0;39;1;0;3.0;14.0;38;2;1;41;11.0;5;36;32;43;35.57142857142857;1;0;25;1;3;2;2;0;3;2;3;2;2.0;34.77777777777778
47;50;30;36;44;1;38.470588235294116;1;1;6;42;1;1;33;1;39;1;1;0.0;14.0;35;2;1;39;14.0;6;40;42;39;39.0;1;0;39;0;3;2;2;0;3;2;3;2;3.0;40.8235294117647
34;40;35;35;44;1;37.529411764705884;1;1;6;30;2;1;37;1;48;2;1;0.0;14.0;31;2;1;44;14.0;6;39;34;32;34.42857142857143;1;1;30;0;3;2;2;0;3;2;3;2;2.0;37.0
40;42;30;31;32;2;35.1764705882353;1;1;6;43;1;1;33;1;37;1;1;0.0;14.0;37;2;1;34;14.0;6;32;33;45;36.785714285714285;1;0;36;0;3;2;2;0;3;2;3;2;2.0;35.705882352941174
43;48;41;41;34;1;42.588235294117645;1;1;6;43;1;1;43;1;40;1;1;0.0;14.0;40;2;1;48;14.0;6;46;48;45;44.0;1;0;39;0;3;2;2;0;3;2;3;2;3.0;41.705882352941174
32;47;36;36;41;1;37.64705882352941;1;1;6;43;1;2;35;2;34;1;1;0.0;14.0;38;2;1;39;14.0;6;41;43;31;36.07142857142857;2;1;30;0;3;2;2;0;3;2;3;2;2.0;39.05882352941177
39;49;34;34;38;1;37.05882352941177;1;1;6;40;1;1;31;1;39;2;1;0.0;14.0;33;2;1;38;14.0;6;38;32;45;36.214285714285715;1;2;30;0;3;2;2;0;3;2;3;2;2.0;38.294117647058826
35;41;30;44;38;1;35.76470588235294;1;1;6;30;1;1;35;1;40;2;1;0.0;14.0;37;2;1;38;14.0;6;33;34;47;38.92857142857143;1;1;40;0;3;2;2;0;3;2;3;2;2.0;37.0
31;44;2;0;0;1;36.35294117647059;1;1;6;14;1;1;36;0;37;1;0;3.0;14.0;37;1;1;31;11.0;5;38;31;32;26.857142857142858;1;0;2;1;3;2;2;0;3;2;3;2;1.0;27.09090909090909
45;41;0;0;0;2;34.588235294117645;2;1;5;0;0;0;34;0;30;3;0;4.0;12.0;0;2;1;19;8.0;3;26;31;30;30.916666666666668;1;1;43;2;3;2;2;0;3;2;3;2;3.0;40.142857142857146
30;34;26;20;38;2;37.07142857142857;0;1;5;30;1;1;0;1;36;1;1;0.0;12.0;34;2;1;35;12.0;5;38;0;35;35.583333333333336;1;0;36;0;3;2;2;0;3;2;3;2;1.0;29.866666666666667
32;40;37;37;41;1;37.411764705882355;1;1;6;43;1;1;37;2;42;1;1;0.0;14.0;35;2;1;33;14.0;6;34;35;34;33.285714285714285;2;1;30;0;3;2;2;0;3;2;3;2;2.0;38.35294117647059
32;40;30;40;38;1;35.588235294117645;1;1;6;42;1;1;37;1;36;3;1;0.0;14.0;30;2;1;30;14.0;6;30;30;43;32.785714285714285;1;2;30;0;3;2;2;0;3;2;3;2;2.0;37.411764705882355
30;43;40;36;41;2;37.0;1;1;6;40;1;1;40;1;42;1;1;0.0;14.0;33;2;1;43;14.0;6;32;48;42;39.214285714285715;1;0;37;0;3;2;2;0;3;2;3;2;2.0;38.8235294117647
33;45;0;0;0;2;32.0;0;1;3;0;0;0;0;0;37;0;0;2.0;7.0;0;2;0;26;5.0;2;0;34;42;35.142857142857146;2;1;0;1;3;2;2;0;3;2;3;2;3.0;40.2
37;36;0;0;0;1;37.23529411764706;0;1;6;0;0;0;0;0;34;2;0;7.0;14.0;21;1;1;13;7.0;3;30;39;11;25.0;1;1;37;3;3;2;2;0;3;2;3;2;2.0;36.4
39;47;44;38;39;1;39.1764705882353;1;1;6;37;1;1;40;1;39;2;1;0.0;14.0;41;2;1;30;14.0;6;33;40;39;39.214285714285715;2;2;48;0;3;2;2;0;3;2;3;2;3.0;40.705882352941174
39;50;35;44;41;1;36.529411764705884;1;1;6;39;1;1;32;2;32;1;1;0.0;14.0;39;2;1;30;14.0;6;36;36;30;33.42857142857143;1;0;32;0;3;2;2;0;3;2;3;2;3.0;40.88235294117647
39;50;40;37;40;1;39.23529411764706;1;1;6;40;1;1;42;1;34;2;1;0.0;14.0;34;2;1;37;14.0;6;31;43;33;37.642857142857146;1;1;46;0;3;2;2;0;3;2;3;2;3.0;41.35294117647059
0;47;0;0;0;0;34.15384615384615;1;1;5;0;0;0;33;0;36;1;0;0.0;12.0;0;2;1;34;12.0;5;33;31;30;33.333333333333336;1;0;38;0;3;2;2;0;3;2;3;2;3.0;41.4
30;46;31;30;36;1;35.8235294117647;1;1;6;42;3;1;36;3;38;2;1;0.0;14.0;31;2;1;34;14.0;6;30;31;31;34.285714285714285;1;1;45;0;3;2;2;0;3;2;3;2;2.0;36.11764705882353
45;45;42;36;39;1;39.0;1;1;6;36;1;1;37;1;40;2;1;0.0;14.0;30;2;1;34;14.0;6;39;37;46;40.57142857142857;1;1;50;0;3;2;2;0;3;2;3;2;2.0;40.0
21;0;0;13;10;2;33.411764705882355;0;0;6;0;0;0;0;1;39;3;1;2.0;14.0;30;2;1;17;12.0;5;30;30;32;30.071428571428573;1;3;37;1;3;2;2;0;3;2;3;2;1.0;13.875
43;50;44;37;41;1;39.1764705882353;1;1;6;45;1;1;38;1;40;1;1;0.0;14.0;36;2;1;39;14.0;6;39;40;42;38.07142857142857;1;0;33;0;3;2;2;0;3;2;3;2;3.0;42.588235294117645
40;50;40;33;40;1;39.0;1;1;6;37;1;1;40;1;39;2;1;0.0;14.0;35;2;1;44;14.0;6;36;46;48;41.857142857142854;1;1;40;0;3;2;2;0;3;2;3;2;3.0;40.1764705882353
45;42;32;41;40;1;39.294117647058826;1;1;6;39;1;1;37;1;40;2;1;0.0;14.0;38;2;1;44;14.0;6;32;37;37;38.714285714285715;1;1;43;0;3;2;2;0;3;2;3;2;2.0;39.705882352941174
47;50;30;37;39;1;36.11764705882353;1;1;6;43;1;1;34;1;40;2;1;0.0;14.0;32;2;1;31;14.0;6;39;33;37;34.714285714285715;2;3;35;0;3;2;2;0;3;2;3;2;3.0;40.35294117647059
30;50;37;41;40;1;36.94117647058823;1;1;6;31;1;1;34;1;39;2;1;0.0;14.0;36;2;1;41;14.0;6;35;41;35;38.357142857142854;1;1;42;0;3;2;2;0;3;2;3;2;2.0;38.64705882352941
37;44;32;36;40;1;33.64705882352941;1;1;6;45;1;1;35;2;32;1;1;0.0;14.0;39;2;1;35;14.0;6;30;42;32;34.142857142857146;2;2;30;0;3;2;2;0;3;2;3;2;2.0;38.705882352941174
38;40;32;36;43;2;40.76470588235294;2;1;6;34;1;1;34;2;39;2;1;0.0;14.0;30;2;1;36;14.0;6;35;38;47;36.785714285714285;1;2;32;0;3;2;2;0;3;2;3;2;2.0;37.23529411764706
21;0;0;0;0;1;35.23076923076923;0;0;1;0;0;0;0;0;41;0;0;0.0;2.0;0;2;0;0;2.0;1;0;45;0;45.0;0;0;0;0;3;2;2;0;3;2;3;2;1.0;21.0
45;47;34;37;45;1;39.8235294117647;1;1;6;45;1;1;37;1;39;2;1;0.0;14.0;37;2;1;39;14.0;6;31;32;33;37.0;1;1;47;0;3;2;2;0;3;2;3;2;3.0;41.705882352941174
39;47;30;50;39;1;35.76470588235294;1;1;6;42;2;1;36;2;33;1;2;0.0;14.0;33;2;1;30;14.0;6;30;45;30;34.714285714285715;1;0;40;0;3;2;2;0;3;2;3;2;3.0;41.294117647058826
34;50;40;30;42;1;32.411764705882355;1;1;6;38;2;1;34;1;36;2;1;0.0;14.0;32;2;1;39;14.0;6;33;43;37;35.57142857142857;1;1;31;0;3;2;2;0;3;2;3;2;2.0;38.705882352941174
31;43;32;32;40;1;34.588235294117645;1;1;6;41;1;1;32;1;32;2;2;0.0;14.0;30;2;2;37;14.0;6;35;34;41;34.642857142857146;1;2;30;0;3;2;2;0;3;2;3;2;2.0;36.294117647058826
39;43;30;40;28;1;32.76470588235294;0;1;6;43;1;1;0;1;32;1;1;0.0;14.0;32;2;2;30;14.0;6;36;34;36;33.214285714285715;1;1;31;0;3;2;2;0;3;2;3;2;2.0;37.13333333333333
32;43;40;30;42;1;37.8235294117647;2;1;6;35;1;1;42;1;41;1;1;0.0;14.0;33;2;1;34;14.0;6;39;35;33;34.92857142857143;1;0;36;0;3;2;2;0;3;2;3;2;2.0;37.8235294117647
31;50;24;40;32;1;32.35294117647059;1;1;6;42;1;1;37;2;33;2;1;0.0;14.0;34;2;1;31;14.0;6;30;43;42;36.642857142857146;1;1;37;0;3;2;2;0;3;2;3;2;2.0;37.294117647058826
30;44;37;31;41;2;35.11764705882353;1;1;6;42;3;1;31;2;36;3;1;0.0;14.0;31;2;1;31;14.0;6;30;30;34;31.142857142857142;1;1;30;0;3;2;2;0;3;2;3;2;2.0;36.94117647058823
9;35;9;11;38;2;34.705882352941174;2;1;6;35;2;1;33;2;33;3;1;0.0;14.0;32;2;2;34;14.0;6;31;37;34;34.785714285714285;1;3;39;0;3;2;2;0;3;2;3;2;1.0;24.941176470588236
30;45;31;30;30;1;36.529411764705884;2;1;6;30;1;1;34;1;32;3;1;0.0;14.0;36;2;1;34;14.0;6;30;30;33;33.57142857142857;1;3;37;0;3;2;2;0;3;2;3;2;2.0;33.23529411764706
35;50;40;31;44;1;39.705882352941174;1;1;6;36;1;1;37;1;39;1;1;0.0;14.0;31;2;1;44;14.0;6;32;46;32;36.214285714285715;1;0;35;0;3;2;2;0;3;2;3;2;2.0;39.470588235294116
43;49;48;44;42;1;35.64705882352941;1;1;6;39;1;1;35;1;37;2;1;0.0;14.0;40;2;1;36;14.0;6;40;38;34;35.92857142857143;1;1;31;0;3;2;2;0;3;2;3;2;3.0;43.23529411764706
35;43;39;35;37;2;33.8235294117647;1;1;6;41;1;1;32;1;36;3;1;0.0;14.0;32;2;1;32;14.0;6;30;34;39;33.5;1;1;32;0;3;2;2;0;3;2;3;2;2.0;37.588235294117645
48;43;30;41;35;1;34.35294117647059;2;1;6;43;1;1;35;1;41;3;1;0.0;14.0;30;2;1;36;14.0;6;33;33;33;32.57142857142857;1;2;31;0;3;2;2;0;3;2;3;2;2.0;39.35294117647059
39;50;30;37;45;1;36.88235294117647;1;1;6;41;1;1;39;1;32;3;1;0.0;14.0;39;2;1;31;14.0;6;36;42;32;37.42857142857143;1;1;44;0;3;2;2;0;3;2;3;2;3.0;40.8235294117647
42;49;43;48;42;1;36.11764705882353;1;1;6;37;1;1;37;1;47;1;1;0.0;14.0;39;2;1;35;14.0;6;40;38;39;36.5;1;0;30;0;3;2;2;0;3;2;3;2;3.0;43.23529411764706
3;0;0;0;0;1;29.235294117647058;0;0;2;0;0;0;0;0;31;0;0;0.0;4.0;0;2;1;0;4.0;2;33;32;0;32.5;0;0;0;0;3;2;2;0;3;2;3;2;1.0;3.0
35;38;32;30;33;2;37.64705882352941;1;1;6;32;2;1;36;2;39;1;3;0.0;14.0;30;2;1;34;14.0;6;32;35;34;33.07142857142857;1;1;33;0;3;2;2;0;3;2;3;2;2.0;33.705882352941174
43;43;44;38;39;2;35.529411764705884;1;1;6;41;1;1;33;1;39;1;1;0.0;14.0;31;2;1;42;14.0;6;40;30;43;38.42857142857143;1;0;41;0;3;2;2;0;3;2;3;2;3.0;40.11764705882353
48;40;43;41;39;1;36.529411764705884;1;2;6;42;2;1;30;2;41;1;1;0.0;14.0;37;2;1;31;14.0;6;35;31;35;33.5;1;1;32;0;3;2;2;0;3;2;3;2;3.0;40.35294117647059
30;48;33;36;35;2;33.76470588235294;1;1;6;41;1;1;40;1;37;2;1;0.0;14.0;41;2;1;34;14.0;6;33;36;37;37.285714285714285;2;2;41;0;3;2;2;0;3;2;3;2;2.0;37.94117647058823
32;46;36;36;37;2;34.1764705882353;1;1;6;42;1;1;32;2;31;2;1;0.0;14.0;42;2;1;37;14.0;6;32;37;40;38.92857142857143;1;1;43;0;3;2;2;0;3;2;3;2;2.0;37.705882352941174
39;42;34;30;41;2;37.588235294117645;1;1;6;43;1;1;44;2;40;1;1;0.0;14.0;39;2;1;38;14.0;6;44;38;36;36.857142857142854;1;0;30;0;3;2;2;0;3;2;3;2;2.0;38.76470588235294
32;42;35;31;44;1;40.35294117647059;1;1;6;48;1;1;34;1;41;1;1;0.0;14.0;41;2;1;41;14.0;6;39;35;34;36.0;1;0;30;0;3;2;2;0;3;2;3;2;2.0;38.1764705882353
34;41;34;36;33;1;35.64705882352941;1;1;6;41;3;1;35;1;37;1;1;0.0;14.0;36;2;1;33;14.0;6;34;39;37;36.785714285714285;1;0;40;0;3;2;2;0;3;2;3;2;2.0;36.35294117647059
48;30;42;30;39;1;38.05882352941177;2;1;6;42;1;1;44;1;40;1;1;0.0;14.0;36;2;1;39;14.0;6;39;33;32;35.142857142857146;1;0;34;0;3;2;2;0;3;2;3;2;2.0;38.1764705882353
39;50;38;38;36;2;39.94117647058823;1;1;6;38;1;2;34;2;41;2;1;0.0;14.0;35;2;1;36;14.0;6;47;30;31;38.5;2;2;50;0;3;2;2;0;3;2;3;2;2.0;39.411764705882355
30;39;0;13;0;3;35.05882352941177;1;1;6;30;0;1;35;1;35;2;0;0.0;14.0;30;2;1;39;14.0;6;35;44;35;37.642857142857146;2;3;42;0;3;2;2;0;3;2;3;2;1.0;28.833333333333332
33;49;0;34;32;1;35.411764705882355;2;1;6;0;0;0;42;3;30;2;1;0.0;14.0;36;2;2;33;14.0;6;35;34;42;35.142857142857146;1;3;30;0;3;2;2;0;3;2;3;2;2.0;38.07692307692308
30;43;28;35;34;1;33.64705882352941;1;1;6;31;3;1;40;1;35;1;1;0.0;14.0;36;2;1;33;14.0;6;32;44;42;40.0;1;0;48;0;3;2;2;0;3;2;3;2;2.0;34.94117647058823
39;44;30;33;36;1;33.1764705882353;1;1;6;38;3;1;32;1;36;2;1;0.0;14.0;37;2;1;35;14.0;6;30;44;34;38.0;1;2;46;0;3;2;2;0;3;2;3;2;2.0;36.294117647058826
43;41;34;42;42;1;35.64705882352941;1;1;6;42;1;1;35;1;41;3;1;0.0;14.0;32;2;1;40;14.0;6;39;48;39;39.214285714285715;1;2;38;0;3;2;2;0;3;2;3;2;3.0;40.1764705882353
44;46;32;37;41;2;38.88235294117647;2;1;6;45;1;1;33;1;47;2;1;0.0;14.0;32;2;1;31;14.0;6;39;37;41;35.07142857142857;1;1;30;0;3;2;2;0;3;2;3;2;2.0;40.0
31;0;0;30;0;1;34.23529411764706;0;0;5;0;0;0;0;1;39;1;0;3.0;12.0;0;2;1;36;9.0;4;35;44;28;37.666666666666664;1;0;46;1;3;2;2;0;3;2;3;2;2.0;30.4
33;45;30;31;39;1;37.0;1;1;6;42;1;1;35;1;42;2;1;0.0;14.0;33;2;1;42;14.0;6;34;49;42;40.785714285714285;1;1;43;0;3;2;2;0;3;2;3;2;2.0;36.76470588235294
34;40;40;39;41;1;39.64705882352941;1;1;6;38;1;1;37;1;40;2;1;0.0;14.0;36;2;1;48;14.0;6;44;45;36;39.5;1;1;33;0;3;2;2;0;3;2;3;2;2.0;38.705882352941174
31;43;42;30;39;3;36.294117647058826;2;1;6;44;1;1;36;2;40;2;1;0.0;14.0;32;2;1;45;14.0;6;38;33;37;35.5;2;3;30;0;3;2;2;0;3;2;3;2;2.0;37.76470588235294
34;43;31;35;36;1;37.705882352941174;2;1;6;45;1;1;30;1;40;3;1;0.0;14.0;35;2;1;42;14.0;6;30;38;30;37.214285714285715;1;1;47;0;3;2;2;0;3;2;3;2;2.0;36.588235294117645
33;42;0;0;0;2;31.23076923076923;0;1;2;0;0;0;0;0;30;1;0;0.0;5.0;0;2;0;0;5.0;2;0;42;0;43.8;0;0;45;0;3;2;2;0;3;2;3;2;2.0;38.4
30;42;31;43;44;1;37.8235294117647;1;1;6;42;1;1;33;2;39;1;1;0.0;14.0;38;2;1;33;14.0;6;39;43;47;38.785714285714285;1;0;32;0;3;2;2;0;3;2;3;2;2.0;38.76470588235294
46;49;39;46;40;1;37.588235294117645;1;1;6;43;1;1;32;1;47;3;1;0.0;14.0;35;2;1;42;14.0;6;38;31;36;37.785714285714285;1;2;43;0;3;2;2;0;3;2;3;2;3.0;42.64705882352941
41;50;44;34;36;1;36.94117647058823;1;1;6;39;2;1;34;3;33;1;1;0.0;14.0;38;2;1;35;14.0;6;38;30;32;34.5;1;0;35;0;3;2;2;0;3;2;3;2;2.0;39.76470588235294
37;50;41;34;36;1;34.411764705882355;1;1;6;39;1;1;38;3;35;2;1;0.0;14.0;39;2;1;36;14.0;6;36;48;39;38.357142857142854;1;1;34;0;3;2;2;0;3;2;3;2;2.0;39.411764705882355
0;43;0;19;0;0;37.4;0;1;6;0;0;0;0;1;37;1;0;0.0;14.0;30;2;1;36;14.0;6;37;46;32;35.857142857142854;1;1;36;0;3;2;2;0;3;2;3;2;2.0;31.0
41;50;30;35;39;2;35.05882352941177;1;1;6;46;1;1;30;1;36;1;1;0.0;14.0;30;2;1;37;14.0;6;35;43;30;34.857142857142854;1;1;36;0;3;2;2;0;3;2;3;2;2.0;39.1764705882353
36;44;0;0;0;1;31.846153846153847;1;1;3;0;0;0;38;0;39;1;0;3.0;8.0;0;1;0;0;5.0;2;0;37;43;26.5;1;0;3;1;3;2;2;0;3;2;3;2;2.0;40.0
38;47;43;38;42;1;41.11764705882353;1;1;6;48;1;1;36;1;42;1;1;0.0;14.0;37;2;1;33;14.0;6;41;45;36;38.142857142857146;1;0;38;0;3;2;2;0;3;2;3;2;3.0;41.8235294117647
49;47;41;38;41;1;41.8235294117647;1;1;6;39;1;1;42;1;38;1;1;0.0;14.0;39;2;1;48;14.0;6;41;43;39;41.57142857142857;1;0;41;0;3;2;2;0;3;2;3;2;3.0;42.35294117647059
33;47;32;31;37;1;38.76470588235294;1;1;6;44;1;1;37;1;37;1;1;0.0;14.0;34;2;1;37;14.0;6;37;42;34;35.57142857142857;1;0;32;0;3;2;2;0;3;2;3;2;2.0;37.470588235294116
36;46;35;30;37;1;37.23529411764706;1;1;6;47;1;1;32;2;34;1;1;0.0;14.0;32;2;1;34;14.0;6;35;50;40;38.07142857142857;1;0;37;0;3;2;2;0;3;2;3;2;2.0;37.588235294117645
0;0;0;21;0;0;30.823529411764707;1;0;4;0;0;0;30;1;35;1;0;5.0;10.0;0;1;1;0;5.0;2;0;45;23;29.4;1;0;45;2;3;2;2;0;3;2;3;2;1.0;24.6
32;50;30;31;31;1;34.0;1;1;6;37;2;1;34;3;35;3;1;0.0;14.0;34;2;1;36;14.0;6;33;34;30;32.42857142857143;2;2;30;0;3;2;2;0;3;2;3;2;2.0;35.411764705882355
30;50;32;40;35;1;33.8235294117647;0;1;6;40;2;1;0;2;33;2;2;0.0;14.0;31;2;2;34;14.0;6;37;49;42;38.07142857142857;1;2;35;0;3;2;2;0;3;2;3;2;2.0;38.6
0;0;0;0;0;0;24.875;0;0;2;0;0;0;0;0;40;0;0;3.0;5.0;0;1;1;0;2.0;1;32;0;26;28.4;1;0;0;1;3;2;2;0;3;2;3;2;0.0;0.0
36;47;31;37;36;1;34.88235294117647;1;1;6;45;1;1;30;1;38;1;1;0.0;14.0;43;2;1;31;14.0;6;30;37;31;36.214285714285715;1;0;44;0;3;2;2;0;3;2;3;2;2.0;37.88235294117647
37;47;34;39;37;1;36.588235294117645;2;1;6;44;1;1;30;2;37;2;1;0.0;14.0;34;2;1;30;14.0;6;30;43;31;35.642857142857146;1;1;44;0;3;2;2;0;3;2;3;2;2.0;38.76470588235294
31;46;42;36;40;1;39.05882352941177;1;1;6;44;2;1;32;1;47;2;1;0.0;14.0;32;2;1;30;14.0;6;32;32;46;36.42857142857143;1;2;40;0;3;2;2;0;3;2;3;2;2.0;39.05882352941177
40;48;37;34;40;1;36.705882352941174;2;1;6;45;1;1;35;1;31;1;1;0.0;14.0;43;2;1;32;14.0;6;35;37;45;39.642857142857146;1;0;42;0;3;2;2;0;3;2;3;2;2.0;40.0
38;47;30;31;36;1;34.11764705882353;1;1;6;44;2;1;30;1;30;1;1;0.0;14.0;37;2;1;36;14.0;6;30;30;41;36.142857142857146;1;0;39;0;3;2;2;0;3;2;3;2;2.0;36.8235294117647
46;46;30;30;39;1;36.76470588235294;2;1;6;44;1;1;31;1;39;2;1;0.0;14.0;31;2;1;30;14.0;6;30;39;37;36.142857142857146;1;1;45;0;3;2;2;0;3;2;3;2;2.0;38.05882352941177
37;50;0;39;39;1;36.1764705882353;0;1;7;39;0;1;0;2;40;1;1;0.0;17.0;41;2;1;35;17.0;7;30;43;37;38.1764705882353;1;1;40;0;3;2;2;40;3;2;3;2;3.0;41.23076923076923
30;48;34;36;45;1;37.11764705882353;1;1;6;43;1;1;37;1;43;2;1;0.0;14.0;34;2;1;34;14.0;6;33;33;34;35.214285714285715;1;1;41;0;3;2;2;0;3;2;3;2;2.0;39.705882352941174
42;41;36;35;40;1;38.705882352941174;1;1;6;44;1;1;38;1;41;1;1;0.0;14.0;42;2;1;35;14.0;6;35;38;37;36.642857142857146;1;0;34;0;3;2;2;0;3;2;3;2;2.0;39.294117647058826
37;48;37;38;40;1;39.705882352941174;1;1;6;42;1;1;36;1;39;1;1;0.0;14.0;42;2;1;37;14.0;6;37;46;46;43.07142857142857;1;0;47;0;3;2;2;0;3;2;3;2;3.0;40.11764705882353
44;49;36;36;36;1;37.0;1;1;6;43;1;1;46;1;36;1;1;0.0;14.0;41;2;1;31;14.0;6;30;48;41;37.92857142857143;1;0;36;0;3;2;2;0;3;2;3;2;3.0;41.23529411764706
36;0;0;0;0;1;30.933333333333334;1;0;6;0;0;0;33;0;35;2;0;3.0;14.0;33;2;1;33;11.0;5;32;35;30;31.0;1;2;26;1;3;2;2;0;3;2;3;2;2.0;34.5
41;47;37;39;39;1;39.88235294117647;1;1;6;39;1;1;40;2;39;1;1;0.0;14.0;32;2;2;37;14.0;6;36;47;37;36.5;1;1;32;0;3;2;2;0;3;2;3;2;3.0;40.529411764705884
37;50;32;30;36;2;35.0;2;1;6;38;1;1;36;1;30;1;1;0.0;14.0;35;2;2;32;14.0;6;31;36;40;35.857142857142854;1;1;38;0;3;2;2;0;3;2;3;2;2.0;37.294117647058826
44;47;42;35;41;2;38.8235294117647;1;1;7;39;1;1;32;1;39;1;1;0.0;17.0;40;2;1;37;17.0;7;41;42;37;38.411764705882355;1;0;35;0;3;2;2;39;3;2;3;2;3.0;40.1764705882353
35;47;33;40;39;1;35.11764705882353;1;1;6;42;2;1;32;4;39;2;1;0.0;14.0;33;2;1;34;14.0;6;35;37;31;33.785714285714285;1;2;34;0;3;2;2;0;3;2;3;2;2.0;38.94117647058823
30;50;31;36;30;1;34.35294117647059;1;1;6;44;1;1;37;1;42;1;1;0.0;14.0;31;2;1;31;14.0;6;30;31;39;35.142857142857146;1;0;43;0;3;2;2;0;3;2;3;2;2.0;37.1764705882353
38;42;33;42;30;2;35.76470588235294;3;1;6;44;1;1;30;1;39;2;1;0.0;14.0;33;2;1;34;14.0;6;30;45;34;37.42857142857143;2;2;46;0;3;2;2;0;3;2;3;2;2.0;37.1764705882353
34;45;44;34;30;1;36.35294117647059;2;1;6;44;2;1;31;1;36;2;1;0.0;14.0;30;2;1;32;14.0;6;33;42;37;35.642857142857146;1;1;38;0;3;2;2;0;3;2;3;2;2.0;37.23529411764706
25;43;0;10;0;2;35.76470588235294;1;1;6;43;0;1;37;2;36;2;0;0.0;14.0;39;2;3;33;14.0;6;38;43;34;39.0;2;5;46;0;3;2;2;0;3;2;3;2;2.0;30.75
39;50;40;35;44;1;36.8235294117647;1;1;6;46;1;1;32;1;40;1;1;0.0;14.0;31;2;1;31;14.0;6;30;47;39;35.07142857142857;1;0;32;0;3;2;2;0;3;2;3;2;3.0;41.23529411764706
0;45;0;0;0;0;35.7;0;1;2;0;0;0;0;0;35;0;0;2.0;4.0;23;1;1;0;2.0;1;33;0;0;28.0;0;0;0;1;3;2;2;0;3;2;3;2;3.0;45.0
37;48;45;37;40;1;41.05882352941177;1;1;6;42;1;1;34;1;43;1;1;0.0;14.0;42;2;1;32;14.0;6;31;44;47;42.07142857142857;1;0;50;0;3;2;2;0;3;2;3;2;3.0;40.64705882352941
30;50;31;31;34;1;34.05882352941177;1;1;6;30;2;1;34;2;37;3;1;0.0;14.0;33;2;1;30;14.0;6;31;31;31;33.285714285714285;2;3;41;0;3;2;2;0;3;2;3;2;2.0;35.0
30;45;39;34;40;1;38.705882352941174;1;1;6;39;2;1;39;1;38;1;1;0.0;14.0;35;2;1;40;14.0;6;30;32;30;35.214285714285715;1;0;43;0;3;2;2;0;3;2;3;2;2.0;38.294117647058826
45;43;30;46;38;2;35.8235294117647;0;1;6;42;2;1;0;2;36;1;1;0.0;14.0;33;2;1;43;14.0;6;39;30;33;34.42857142857143;1;0;31;0;3;2;2;0;3;2;3;2;3.0;41.0
36;45;34;36;39;1;35.1764705882353;2;1;6;39;1;1;37;1;39;1;1;0.0;14.0;39;2;1;33;14.0;6;30;49;30;36.785714285714285;1;0;41;0;3;2;2;0;3;2;3;2;2.0;38.35294117647059
37;43;32;38;38;1;36.35294117647059;1;1;6;48;1;1;31;1;39;2;1;0.0;14.0;43;2;1;37;14.0;6;32;34;30;35.0;1;2;36;0;3;2;2;0;3;2;3;2;2.0;38.411764705882355
30;42;32;33;36;1;33.64705882352941;1;1;6;40;2;1;30;2;40;1;1;0.0;14.0;37;2;2;33;14.0;6;39;45;39;37.214285714285715;1;1;32;0;3;2;2;0;3;2;3;2;2.0;35.11764705882353
32;45;40;47;33;1;35.05882352941177;1;1;6;44;2;1;32;1;39;2;1;0.0;14.0;32;2;1;30;14.0;6;31;50;33;34.357142857142854;1;1;32;0;3;2;2;0;3;2;3;2;2.0;39.470588235294116
32;49;40;35;36;1;34.05882352941177;1;1;6;46;2;1;37;1;39;2;2;0.0;14.0;30;2;1;38;14.0;6;30;34;38;33.42857142857143;1;1;30;0;3;2;2;0;3;2;3;2;2.0;39.411764705882355
39;48;43;38;42;1;40.11764705882353;1;1;6;48;1;1;41;2;41;2;1;0.0;14.0;34;2;1;30;14.0;6;33;35;32;36.0;1;1;48;0;3;2;2;0;3;2;3;2;3.0;42.705882352941174
37;49;32;50;38;1;36.35294117647059;1;1;6;40;1;1;36;2;36;2;1;0.0;14.0;32;2;1;39;14.0;6;37;38;44;38.42857142857143;1;1;38;0;3;2;2;0;3;2;3;2;3.0;41.23529411764706
41;47;40;44;41;1;36.94117647058823;1;1;6;48;1;1;36;1;37;1;1;0.0;14.0;39;2;1;31;14.0;6;37;38;43;37.42857142857143;1;0;35;0;3;2;2;0;3;2;3;2;3.0;42.705882352941174
41;44;34;45;39;1;37.1764705882353;1;1;6;42;1;1;40;2;37;2;1;0.0;14.0;30;2;1;46;14.0;6;34;46;40;39.0;1;2;38;0;3;2;2;0;3;2;3;2;3.0;41.05882352941177
40;48;36;41;42;1;41.35294117647059;1;1;6;48;1;1;39;1;48;1;1;0.0;14.0;36;2;1;34;14.0;6;37;47;47;42.785714285714285;1;0;50;0;3;2;2;0;3;2;3;2;3.0;42.294117647058826
35;50;32;36;37;1;34.35294117647059;1;1;6;30;1;1;40;2;41;2;1;0.0;14.0;30;2;1;33;14.0;6;32;47;40;37.642857142857146;1;1;41;0;3;2;2;0;3;2;3;2;2.0;37.8235294117647
40;50;33;29;33;1;35.0;1;1;6;43;1;1;30;3;37;2;1;0.0;14.0;34;2;1;31;14.0;6;32;38;32;32.57142857142857;1;1;30;0;3;2;2;0;3;2;3;2;2.0;36.94117647058823
42;36;30;42;37;1;35.588235294117645;1;1;6;45;2;1;31;4;33;2;1;0.0;14.0;31;2;1;35;14.0;6;34;36;30;33.142857142857146;1;1;34;0;3;2;2;0;3;2;3;2;2.0;37.705882352941174
33;48;30;36;43;1;35.11764705882353;1;1;6;33;2;1;39;3;39;1;1;0.0;14.0;30;2;1;33;14.0;6;30;39;38;34.714285714285715;1;0;36;0;3;2;2;0;3;2;3;2;2.0;38.294117647058826
30;50;34;30;37;3;35.411764705882355;0;1;6;42;1;1;0;3;34;3;1;0.0;14.0;33;2;1;30;14.0;6;32;30;42;33.714285714285715;1;2;32;0;3;2;2;0;3;2;3;2;2.0;37.53333333333333
37;47;35;41;42;1;34.88235294117647;1;1;6;33;2;1;39;1;36;1;1;0.0;14.0;35;2;2;33;14.0;6;32;39;34;34.0;1;2;32;0;3;2;2;0;3;2;3;2;2.0;39.88235294117647
32;45;34;44;33;1;37.05882352941177;1;1;6;35;1;1;33;1;39;2;1;0.0;14.0;37;2;1;44;14.0;6;35;49;30;37.5;1;1;35;0;3;2;2;0;3;2;3;2;2.0;37.294117647058826
33;50;31;35;32;1;32.94117647058823;2;1;6;42;1;1;39;3;39;2;1;0.0;14.0;31;2;1;30;14.0;6;30;39;34;33.357142857142854;1;2;35;0;3;2;2;0;3;2;3;2;2.0;37.705882352941174
48;43;33;39;30;1;34.588235294117645;1;1;6;41;1;1;36;3;34;2;1;0.0;14.0;30;2;2;31;14.0;6;30;47;32;33.214285714285715;1;2;31;0;3;2;2;0;3;2;3;2;2.0;38.35294117647059
37;45;40;31;40;1;35.94117647058823;1;1;6;42;1;1;34;1;31;1;1;0.0;14.0;36;2;1;40;14.0;6;38;39;36;37.714285714285715;1;0;38;0;3;2;2;0;3;2;3;2;2.0;38.470588235294116
0;0;0;0;0;0;39.411764705882355;0;0;4;0;0;0;0;0;47;1;0;3.0;10.0;33;2;1;0;7.0;3;36;0;41;32.4;1;0;21;1;3;2;2;0;3;2;3;2;0.0;0.0
33;45;31;30;30;4;35.23529411764706;1;1;6;36;1;1;34;3;36;3;2;0.0;14.0;32;2;1;30;14.0;6;31;47;30;33.714285714285715;1;1;34;0;3;2;2;0;3;2;3;2;2.0;34.294117647058826
42;50;36;32;33;1;34.76470588235294;1;1;6;42;1;1;30;3;37;2;1;0.0;14.0;31;2;1;42;14.0;6;31;39;34;36.07142857142857;1;1;39;0;3;2;2;0;3;2;3;2;2.0;37.94117647058823
35;50;33;39;38;1;34.1764705882353;2;1;6;40;1;1;36;1;34;1;1;0.0;14.0;34;2;1;31;14.0;6;30;32;39;33.785714285714285;1;0;34;0;3;2;2;0;3;2;3;2;2.0;39.35294117647059
22;0;0;0;0;1;31.428571428571427;1;0;2;0;0;0;37;0;0;2;0;3.0;5.0;0;1;0;0;2.0;1;0;35;0;27.2;0;1;22;1;3;2;2;0;3;2;3;2;1.0;29.5
38;45;35;35;38;1;36.64705882352941;1;1;6;43;2;1;33;3;38;2;1;0.0;14.0;42;2;2;39;14.0;6;35;44;30;37.642857142857146;1;2;39;0;3;2;2;0;3;2;3;2;2.0;38.35294117647059
46;46;46;39;37;1;40.94117647058823;1;1;6;44;1;1;40;1;47;1;1;0.0;14.0;39;2;1;40;14.0;6;38;35;44;40.57142857142857;1;1;44;0;3;2;2;0;3;2;3;2;3.0;42.23529411764706
43;46;45;37;38;1;41.88235294117647;1;1;6;48;1;1;38;1;42;1;1;0.0;14.0;36;2;1;42;14.0;6;37;33;46;39.142857142857146;1;0;38;0;3;2;2;0;3;2;3;2;3.0;41.8235294117647
35;42;33;35;36;1;35.0;1;1;6;43;1;1;32;1;43;1;1;0.0;14.0;42;2;1;38;14.0;6;35;47;37;38.57142857142857;1;0;35;0;3;2;2;0;3;2;3;2;2.0;36.76470588235294
40;44;40;45;40;1;39.588235294117645;1;1;6;48;1;1;38;1;40;1;1;0.0;14.0;32;2;1;35;14.0;6;41;35;40;37.785714285714285;2;1;41;0;3;2;2;0;3;2;3;2;3.0;42.294117647058826
34;50;30;34;33;2;33.588235294117645;1;1;6;30;1;1;35;2;37;1;2;0.0;14.0;36;2;2;31;14.0;6;30;32;37;33.42857142857143;1;2;33;0;3;2;2;0;3;2;3;2;2.0;35.8235294117647
32;45;33;33;37;2;36.8235294117647;1;1;6;48;1;1;36;1;36;2;1;0.0;14.0;35;2;2;40;14.0;6;35;46;31;36.42857142857143;1;2;35;0;3;2;2;0;3;2;3;2;2.0;37.8235294117647
48;50;45;50;39;1;38.705882352941174;0;1;6;39;1;1;0;1;38;1;1;0.0;14.0;37;2;2;34;14.0;6;35;36;42;37.214285714285715;1;1;37;0;3;2;2;0;3;2;3;2;4.0;45.4
32;49;35;43;36;1;35.8235294117647;1;1;6;45;1;1;33;1;30;2;1;0.0;14.0;31;2;2;36;14.0;6;30;39;41;35.285714285714285;1;2;33;0;3;2;2;0;3;2;3;2;2.0;39.64705882352941
37;44;34;37;38;1;40.11764705882353;1;1;6;44;1;1;32;1;38;2;1;0.0;14.0;39;2;1;33;14.0;6;37;39;41;39.142857142857146;1;1;43;0;3;2;2;0;3;2;3;2;2.0;38.294117647058826
44;47;32;30;35;1;35.411764705882355;1;1;6;41;1;1;33;2;36;2;1;0.0;14.0;35;2;1;34;14.0;6;30;35;40;36.5;1;1;41;0;3;2;2;0;3;2;3;2;2.0;37.411764705882355
36;48;36;38;40;1;38.64705882352941;2;1;6;44;1;1;40;2;38;1;1;0.0;14.0;30;2;2;35;14.0;6;31;36;35;36.42857142857143;2;2;47;0;3;2;2;0;3;2;3;2;3.0;40.588235294117645
30;43;40;37;38;1;36.588235294117645;1;1;6;40;1;1;36;1;36;2;1;0.0;14.0;36;2;1;34;14.0;6;37;46;42;38.57142857142857;1;1;36;0;3;2;2;0;3;2;3;2;2.0;38.0
24;50;43;0;25;1;33.1764705882353;0;1;6;37;1;1;0;1;35;2;1;0.0;14.0;30;2;2;37;14.0;6;34;31;41;34.92857142857143;1;2;34;0;3;2;2;0;3;2;3;2;1.0;28.866666666666667
32;47;31;40;37;1;39.1764705882353;1;1;6;45;1;1;34;1;43;2;1;0.0;14.0;45;2;1;31;14.0;6;30;39;30;34.42857142857143;1;1;34;0;3;2;2;0;3;2;3;2;2.0;38.588235294117645
41;37;34;37;35;2;35.11764705882353;1;1;6;45;1;1;40;2;37;2;2;0.0;14.0;30;2;1;37;14.0;6;32;43;35;35.714285714285715;2;2;37;0;3;2;2;0;3;2;3;2;2.0;38.05882352941177
35;50;36;34;42;1;36.35294117647059;1;1;6;44;1;1;40;2;36;1;1;0.0;14.0;30;2;1;30;14.0;6;31;41;36;33.0;2;1;30;0;3;2;2;0;3;2;3;2;3.0;40.470588235294116
48;50;45;44;39;1;38.8235294117647;1;1;6;48;1;1;40;1;41;1;1;0.0;14.0;44;2;1;40;14.0;6;33;37;34;38.714285714285715;1;0;44;0;3;2;2;0;3;2;3;2;3.0;44.76470588235294
30;0;0;0;0;1;34.2;0;0;5;0;0;0;0;0;39;3;0;3.0;11.0;30;2;2;39;8.0;4;35;30;0;31.181818181818183;0;3;25;1;3;2;2;0;3;2;3;2;1.0;30.0
35;50;37;30;44;3;32.88235294117647;1;1;6;38;2;1;36;1;35;2;2;0.0;14.0;40;2;1;43;14.0;6;30;42;37;37.785714285714285;2;2;36;0;3;2;2;0;3;2;3;2;2.0;39.05882352941177
46;50;33;43;41;1;40.411764705882355;1;1;6;42;1;1;38;1;42;1;1;0.0;14.0;39;2;1;30;14.0;6;36;37;32;37.0;1;0;46;0;3;2;2;0;3;2;3;2;3.0;42.35294117647059
44;50;40;36;42;1;38.1764705882353;1;1;6;44;2;1;32;2;39;1;1;0.0;14.0;36;2;1;34;14.0;6;32;41;34;36.07142857142857;1;0;39;0;3;2;2;0;3;2;3;2;3.0;41.411764705882355
36;49;37;30;37;1;33.411764705882355;1;1;6;41;1;1;34;1;33;2;1;0.0;14.0;33;2;1;40;14.0;6;35;38;42;36.5;1;1;31;0;3;2;2;0;3;2;3;2;2.0;37.88235294117647
31;50;35;24;28;1;32.46666666666667;0;1;6;39;1;1;0;2;38;2;1;0.0;14.0;32;2;2;30;14.0;6;33;37;32;32.142857142857146;2;3;30;0;3;2;2;0;3;2;3;2;2.0;34.4
44;50;36;38;40;1;39.588235294117645;1;1;6;44;1;1;35;1;42;1;1;0.0;14.0;38;2;1;31;14.0;6;33;36;32;36.42857142857143;1;0;46;0;3;2;2;0;3;2;3;2;3.0;41.294117647058826
38;47;39;38;41;1;40.8235294117647;1;1;6;45;1;1;41;1;40;1;1;0.0;14.0;35;2;1;37;14.0;6;33;50;35;39.285714285714285;1;0;45;0;3;2;2;0;3;2;3;2;3.0;41.411764705882355
35;49;0;35;32;1;34.588235294117645;1;1;6;41;0;1;30;2;38;3;1;0.0;14.0;32;2;1;35;14.0;6;31;31;33;32.57142857142857;1;1;33;0;3;2;2;0;3;2;3;2;2.0;37.333333333333336
35;47;32;41;40;2;34.11764705882353;1;1;6;45;2;1;34;2;40;1;1;0.0;14.0;36;2;1;35;14.0;6;30;40;37;35.785714285714285;1;0;36;0;3;2;2;0;3;2;3;2;2.0;39.76470588235294
44;47;31;42;42;1;40.64705882352941;1;1;6;46;1;1;39;1;38;1;1;0.0;14.0;42;2;1;31;14.0;6;30;49;32;35.42857142857143;1;0;32;0;3;2;2;0;3;2;3;2;3.0;41.94117647058823
30;46;0;0;0;1;34.470588235294116;0;1;5;0;0;0;0;0;42;1;0;3.0;12.0;32;1;1;34;9.0;4;30;0;32;28.75;1;1;19;1;3;2;2;0;3;2;3;2;2.0;39.6
47;0;0;0;0;1;37.266666666666666;1;0;5;0;0;0;37;0;40;0;0;0.0;11.0;34;2;2;40;11.0;5;33;32;30;33.45454545454545;1;2;0;0;3;2;2;0;3;2;3;2;3.0;42.0
46;50;32;42;32;3;34.46666666666667;0;1;6;31;1;1;0;1;34;3;1;0.0;14.0;35;2;1;36;14.0;6;40;34;33;35.5;1;1;36;0;3;2;2;0;3;2;3;2;2.0;39.333333333333336
35;50;0;42;32;2;33.23529411764706;1;1;6;35;0;1;38;2;34;3;1;0.0;14.0;30;2;1;36;14.0;6;37;34;42;36.5;1;2;37;0;3;2;2;0;3;2;3;2;2.0;39.2
35;50;34;31;39;1;35.64705882352941;2;1;6;43;1;1;36;1;37;1;1;0.0;14.0;30;2;1;33;14.0;6;30;40;32;33.142857142857146;1;0;34;0;3;2;2;0;3;2;3;2;2.0;38.588235294117645
41;50;42;30;34;1;38.11764705882353;2;1;6;42;2;1;37;1;38;1;1;0.0;14.0;39;2;1;35;14.0;6;37;30;40;36.857142857142854;1;0;38;0;3;2;2;0;3;2;3;2;2.0;39.1764705882353
37;47;35;41;31;1;35.94117647058823;1;1;6;31;2;1;36;1;33;2;1;0.0;14.0;35;2;1;37;14.0;6;32;49;42;38.142857142857146;1;1;34;0;3;2;2;0;3;2;3;2;2.0;37.35294117647059
38;50;32;33;42;1;35.2;0;1;6;45;1;1;0;1;38;1;1;0.0;14.0;35;2;2;31;14.0;6;30;38;40;34.142857142857146;1;2;30;0;3;2;2;0;3;2;3;2;3.0;40.333333333333336
34;50;31;0;0;1;35.0;2;1;6;42;2;1;27;0;36;3;0;0.0;14.0;30;2;2;35;14.0;6;39;32;36;33.785714285714285;1;2;31;0;3;2;2;0;3;2;3;2;2.0;38.0
42;50;30;42;31;3;35.13333333333333;0;1;6;30;1;1;0;1;32;3;1;0.0;14.0;35;2;1;36;14.0;6;40;34;30;33.785714285714285;1;1;31;0;3;2;2;0;3;2;3;2;2.0;38.2
34;44;0;42;33;2;35.294117647058826;0;1;6;0;0;0;0;1;41;2;1;2.0;14.0;33;2;1;22;12.0;5;34;38;30;31.428571428571427;2;3;32;1;3;2;2;0;3;2;3;2;2.0;38.63636363636363
30;50;36;39;43;1;35.411764705882355;1;1;6;46;1;1;39;2;31;2;1;0.0;14.0;34;2;1;33;14.0;6;35;44;43;38.857142857142854;1;1;41;0;3;2;2;0;3;2;3;2;3.0;41.05882352941177
41;50;37;44;39;1;37.294117647058826;1;1;6;46;1;1;31;1;38;1;1;0.0;14.0;44;2;1;34;14.0;6;30;30;33;36.42857142857143;1;0;45;0;3;2;2;0;3;2;3;2;3.0;41.705882352941174
33;49;33;0;0;1;36.411764705882355;0;1;6;44;1;1;0;0;36;3;0;3.0;14.0;34;2;2;36;11.0;5;30;37;42;34.142857142857146;1;2;26;1;3;2;2;0;3;2;3;2;3.0;40.77777777777778
0;44;33;34;35;0;33.94117647058823;0;1;6;30;1;1;0;2;31;2;1;0.0;14.0;41;2;1;38;14.0;6;38;31;42;36.785714285714285;1;2;31;0;3;2;2;0;3;2;3;2;2.0;35.76923076923077
38;50;43;32;42;1;38.05882352941177;1;1;6;42;1;1;39;1;37;1;1;0.0;14.0;33;2;2;30;14.0;6;34;50;34;38.142857142857146;1;1;46;0;3;2;2;0;3;2;3;2;3.0;40.94117647058823
48;50;36;37;30;2;36.94117647058823;1;1;6;42;1;1;35;1;35;2;1;0.0;14.0;33;2;1;43;14.0;6;31;33;42;35.42857142857143;1;1;30;0;3;2;2;0;3;2;3;2;2.0;39.588235294117645
32;44;30;9;37;1;33.05882352941177;1;1;6;42;3;1;33;2;33;2;2;0.0;14.0;34;2;2;33;14.0;6;31;36;41;34.357142857142854;1;4;30;0;3;2;2;0;3;2;3;2;2.0;32.0
33;0;0;0;0;2;32.9;0;0;1;0;0;0;0;0;33;1;0;3.0;3.0;0;1;0;0;0.0;0;0;0;0;18.0;0;0;18;1;3;2;2;0;3;2;3;2;2.0;33.0
38;49;39;34;36;1;34.88235294117647;1;1;6;42;2;1;37;1;33;1;1;0.0;14.0;38;2;1;35;14.0;6;37;49;40;38.785714285714285;1;0;35;0;3;2;2;0;3;2;3;2;2.0;39.35294117647059
31;50;40;40;42;1;37.1764705882353;1;1;7;45;1;1;38;1;34;1;1;0.0;17.0;40;2;1;30;17.0;7;31;47;42;39.11764705882353;1;0;31;0;3;2;2;50;3;2;3;2;3.0;41.411764705882355
0;0;0;0;0;0;35.13333333333333;0;0;5;0;0;0;0;0;31;3;0;5.0;11.0;30;1;1;8;6.0;3;40;47;0;29.545454545454547;0;1;25;2;3;2;2;0;3;2;3;2;0.0;0.0
48;50;43;44;39;1;40.529411764705884;1;1;6;42;1;1;37;1;41;1;1;0.0;14.0;33;2;1;34;14.0;6;34;35;34;36.357142857142854;1;0;45;0;3;2;2;0;3;2;3;2;3.0;43.470588235294116
44;50;43;42;35;2;36.411764705882355;1;1;6;43;1;1;39;1;33;2;1;0.0;14.0;39;2;1;30;14.0;6;31;50;40;39.0;1;1;42;0;3;2;2;0;3;2;3;2;3.0;42.294117647058826
37;48;34;46;34;1;37.0;1;1;6;35;1;1;40;3;41;2;1;0.0;14.0;32;2;1;37;14.0;6;31;44;37;35.57142857142857;1;1;33;0;3;2;2;0;3;2;3;2;2.0;39.76470588235294
43;34;30;38;32;2;36.588235294117645;1;1;6;38;1;1;38;2;37;2;1;0.0;14.0;30;2;1;34;14.0;6;32;41;33;34.785714285714285;1;1;38;0;3;2;2;0;3;2;3;2;2.0;35.88235294117647
43;50;37;34;35;2;33.88235294117647;0;1;6;44;1;1;0;3;32;1;1;0.0;14.0;35;2;1;32;14.0;6;37;33;36;34.57142857142857;1;0;34;0;3;2;2;0;3;2;3;2;3.0;40.333333333333336
30;50;34;34;30;1;36.705882352941174;1;1;6;39;1;1;38;3;39;1;1;0.0;14.0;31;2;1;31;14.0;6;30;40;41;34.5;1;0;32;0;3;2;2;0;3;2;3;2;2.0;36.705882352941174
38;49;40;35;35;1;37.76470588235294;1;1;6;44;1;1;40;1;41;1;1;0.0;14.0;37;2;1;32;14.0;6;34;47;37;37.714285714285715;1;0;39;0;3;2;2;0;3;2;3;2;3.0;40.05882352941177
30;30;33;33;39;2;32.8235294117647;0;1;6;41;1;1;0;2;30;2;2;0.0;14.0;38;2;2;34;14.0;6;34;30;37;33.785714285714285;1;3;30;0;3;2;2;0;3;2;3;2;2.0;34.266666666666666
35;50;35;33;35;1;34.0;0;1;6;44;1;1;0;1;30;1;1;0.0;14.0;37;2;1;40;14.0;6;37;30;38;36.42857142857143;1;0;36;0;3;2;2;0;3;2;3;2;2.0;38.8
32;50;0;8;36;2;33.23529411764706;0;1;6;30;0;1;0;1;31;3;1;3.0;14.0;41;2;2;38;11.0;5;37;30;28;33.285714285714285;1;3;30;1;3;2;2;0;3;2;3;2;2.0;31.23076923076923
32;30;0;0;0;1;36.64705882352941;1;1;5;0;0;0;31;0;42;1;0;0.0;12.0;0;2;1;33;12.0;5;41;35;35;35.416666666666664;1;0;34;0;3;2;2;0;3;2;3;2;2.0;30.857142857142858
45;44;42;31;33;1;38.411764705882355;1;1;6;45;1;1;35;2;33;1;1;0.0;14.0;37;2;1;30;14.0;6;32;46;40;35.714285714285715;1;0;30;0;3;2;2;0;3;2;3;2;2.0;38.705882352941174
33;50;0;32;36;1;35.35294117647059;2;1;6;41;0;1;40;1;33;3;1;0.0;14.0;34;2;1;30;14.0;6;30;36;39;34.0;1;1;33;0;3;2;2;0;3;2;3;2;2.0;38.8
36;30;0;0;0;1;34.8235294117647;1;1;6;0;0;0;36;0;33;2;0;0.0;14.0;45;2;1;30;14.0;6;41;39;35;36.714285714285715;1;1;33;0;3;2;2;0;3;2;3;2;2.0;33.42857142857143
40;50;46;36;35;1;42.470588235294116;1;1;6;45;1;1;35;2;42;1;1;0.0;14.0;35;2;1;31;14.0;6;40;37;41;37.785714285714285;1;0;40;0;3;2;2;0;3;2;3;2;3.0;40.88235294117647
44;50;41;32;40;2;35.8235294117647;0;1;6;33;1;1;0;2;38;3;1;0.0;14.0;35;2;1;45;14.0;6;36;44;36;40.214285714285715;1;1;45;0;3;2;2;0;3;2;3;2;3.0;40.13333333333333
37;50;46;37;43;1;37.411764705882355;1;1;6;46;1;1;39;1;40;1;1;0.0;14.0;34;2;1;34;14.0;6;33;38;40;37.42857142857143;1;0;42;0;3;2;2;0;3;2;3;2;3.0;42.705882352941174
43;50;35;42;31;1;36.2;1;1;6;45;2;1;23;2;36;2;1;0.0;14.0;38;2;1;35;14.0;6;33;43;42;38.857142857142854;1;2;40;0;3;2;2;0;3;2;3;2;2.0;38.88235294117647
33;44;32;34;40;1;39.0;1;1;6;46;1;1;34;1;35;1;1;0.0;14.0;33;2;1;42;14.0;6;30;43;39;38.5;1;0;42;0;3;2;2;0;3;2;3;2;2.0;37.88235294117647
0;50;0;0;0;0;31.6;0;1;6;0;0;0;0;0;30;2;0;5.0;14.0;32;2;2;29;9.0;4;36;38;30;31.285714285714285;1;3;26;2;3;2;2;0;3;2;3;2;4.0;50.0
36;47;40;34;36;1;35.64705882352941;1;1;6;45;1;1;38;2;32;1;1;0.0;14.0;35;2;1;40;14.0;6;30;49;42;38.285714285714285;1;0;34;0;3;2;2;0;3;2;3;2;2.0;39.35294117647059
46;50;34;49;42;1;40.1764705882353;1;1;6;47;1;1;41;1;40;1;1;0.0;14.0;38;2;1;39;14.0;6;40;38;44;39.5;1;0;37;0;3;2;2;0;3;2;3;2;3.0;44.64705882352941
37;50;30;30;43;1;36.470588235294116;1;1;6;45;1;1;35;2;31;1;1;0.0;14.0;32;2;2;37;14.0;6;30;47;44;37.785714285714285;1;1;35;0;3;2;2;0;3;2;3;2;2.0;39.0
34;50;40;34;42;1;41.411764705882355;1;1;6;46;1;1;38;1;44;1;1;0.0;14.0;43;2;1;33;14.0;6;39;41;40;39.642857142857146;1;0;41;0;3;2;2;0;3;2;3;2;3.0;40.8235294117647
50;50;45;35;42;1;41.1764705882353;1;1;6;46;1;1;44;2;43;1;1;0.0;14.0;43;2;1;36;14.0;6;39;41;36;39.214285714285715;1;0;41;0;3;2;2;0;3;2;3;2;3.0;44.1764705882353
30;50;30;30;32;1;32.411764705882355;0;1;6;42;2;1;0;1;33;3;1;0.0;14.0;39;2;2;30;14.0;6;36;31;33;33.57142857142857;1;2;33;0;3;2;2;0;3;2;3;2;2.0;36.0
0;0;27;0;0;0;34.6;1;0;6;0;1;0;38;0;32;3;0;3.0;14.0;30;2;2;32;11.0;5;30;37;32;31.5;1;3;29;1;3;2;2;0;3;2;3;2;2.0;32.5
36;50;44;39;42;1;36.23529411764706;1;1;6;46;1;1;33;2;41;1;1;0.0;14.0;43;2;1;36;14.0;6;34;42;38;38.42857142857143;1;0;38;0;3;2;2;0;3;2;3;2;3.0;41.8235294117647
48;50;33;30;33;1;37.23529411764706;1;1;6;42;2;1;36;2;42;2;1;0.0;14.0;36;2;1;36;14.0;6;34;38;36;36.0;1;2;36;0;3;2;2;0;3;2;3;2;2.0;38.64705882352941
30;50;37;32;35;2;33.05882352941177;0;1;6;39;2;1;0;3;37;1;1;0.0;14.0;30;2;1;37;14.0;6;30;36;41;35.07142857142857;1;0;34;0;3;2;2;0;3;2;3;2;2.0;37.53333333333333
0;0;0;0;0;0;35.1764705882353;0;0;6;0;0;0;0;0;36;2;0;0.0;14.0;45;2;1;32;14.0;6;39;41;30;35.285714285714285;1;1;30;0;3;2;2;0;3;2;3;2;0.0;0.0
0;0;0;0;0;0;25.923076923076923;0;0;4;0;0;0;0;0;31;0;0;5.0;9.0;30;1;3;5;4.0;2;37;0;18;22.0;2;3;0;2;3;2;2;0;3;2;3;2;0.0;0.0
30;50;36;35;37;1;35.35294117647059;1;1;6;47;1;1;40;2;32;2;1;0.0;14.0;30;2;2;30;14.0;6;37;37;43;35.42857142857143;1;2;33;0;3;2;2;0;3;2;3;2;2.0;39.529411764705884
42;44;39;50;35;1;40.470588235294116;1;1;6;41;1;1;34;1;40;1;1;0.0;14.0;38;2;1;42;14.0;6;34;36;37;36.42857142857143;1;0;33;0;3;2;2;0;3;2;3;2;3.0;41.11764705882353
37;50;32;32;35;1;36.705882352941174;1;1;6;42;1;1;45;2;39;1;1;0.0;14.0;40;2;1;45;14.0;6;30;48;42;40.214285714285715;1;1;37;0;3;2;2;0;3;2;3;2;2.0;39.0
42;50;31;34;37;1;36.94117647058823;1;1;6;43;1;1;31;1;34;3;1;0.0;14.0;39;2;2;35;14.0;6;39;47;41;39.357142857142854;1;2;36;0;3;2;2;0;3;2;3;2;2.0;38.64705882352941
0;0;11;0;0;0;30.176470588235293;0;0;6;0;1;0;0;0;31;3;0;6.0;14.0;31;1;1;33;8.0;4;36;35;17;28.285714285714285;1;2;25;2;3;2;2;0;3;2;3;2;1.0;11.0
47;50;45;33;42;1;42.35294117647059;1;1;6;46;1;1;36;1;41;1;1;0.0;14.0;43;2;1;30;14.0;6;32;39;40;37.285714285714285;1;0;38;0;3;2;2;0;3;2;3;2;3.0;42.529411764705884
44;0;0;0;0;2;35.0;0;0;4;0;0;0;0;0;35;1;0;3.0;9.0;42;1;2;0;6.0;3;39;32;0;29.444444444444443;0;1;13;1;3;2;2;0;3;2;3;2;3.0;44.0
45;50;37;30;36;1;38.705882352941174;1;1;6;45;1;1;39;1;44;2;1;0.0;14.0;39;2;2;31;14.0;6;32;50;42;39.285714285714285;1;2;40;0;3;2;2;0;3;2;3;2;2.0;40.0
0;30;0;33;38;0;35.588235294117645;0;1;5;0;0;0;0;1;40;2;1;0.0;12.0;32;2;1;31;12.0;5;31;0;30;32.416666666666664;1;2;37;0;3;2;2;0;3;2;3;2;2.0;33.666666666666664
0;50;18;31;33;0;37.46666666666667;0;1;6;30;1;1;0;1;39;2;1;0.0;14.0;38;2;1;43;14.0;6;30;35;34;35.214285714285715;1;1;33;0;3;2;2;0;3;2;3;2;2.0;33.69230769230769
33;50;32;41;39;1;36.64705882352941;1;1;6;40;1;1;39;2;38;2;1;0.0;14.0;30;2;1;31;14.0;6;30;39;41;34.857142857142854;1;1;35;0;3;2;2;0;3;2;3;2;2.0;39.88235294117647
38;50;41;46;33;1;36.76470588235294;1;1;6;45;1;1;41;1;38;1;1;0.0;14.0;41;2;2;40;14.0;6;36;30;43;37.285714285714285;1;1;33;0;3;2;2;0;3;2;3;2;3.0;42.1764705882353
49;50;42;45;42;1;38.705882352941174;1;1;6;44;1;1;39;1;35;1;1;0.0;14.0;42;2;1;36;14.0;6;37;50;40;40.5;1;0;39;0;3;2;2;0;3;2;3;2;3.0;44.64705882352941
0;45;0;0;0;0;31.133333333333333;0;1;5;0;0;0;0;0;33;1;0;5.0;12.0;35;1;2;17;7.0;3;31;0;40;24.833333333333332;1;2;4;2;3;2;2;0;3;2;3;2;3.0;45.0
34;50;33;36;33;1;35.666666666666664;1;1;6;34;1;1;36;1;34;3;1;0.0;14.0;32;2;1;32;14.0;6;35;48;33;34.92857142857143;1;1;32;0;3;2;2;0;3;2;3;2;2.0;37.11764705882353
39;49;43;43;33;1;37.23529411764706;0;1;6;41;1;1;0;2;36;2;1;0.0;14.0;38;2;2;40;14.0;6;31;45;34;37.642857142857146;1;2;39;0;3;2;2;0;3;2;3;2;3.0;41.4
30;0;0;0;0;3;32.333333333333336;0;0;4;0;0;0;0;0;30;1;0;2.0;9.0;35;1;2;13;7.0;3;36;0;0;28.666666666666668;0;1;30;1;3;2;2;0;3;2;3;2;1.0;30.0
41;0;0;0;0;1;32.529411764705884;1;0;6;30;0;1;25;0;31;2;0;0.0;14.0;35;2;1;30;14.0;6;32;45;32;34.0;1;2;32;0;3;2;2;0;3;2;3;2;2.0;32.0
38;48;31;34;36;2;35.411764705882355;1;1;6;44;1;1;35;2;31;3;1;0.0;14.0;38;2;1;34;14.0;6;33;30;40;34.714285714285715;1;2;32;0;3;2;2;0;3;2;3;2;2.0;38.23529411764706
32;50;0;39;30;1;33.6;0;1;6;31;0;1;0;2;32;1;1;0.0;14.0;36;2;2;43;14.0;6;30;30;31;32.92857142857143;2;2;30;0;3;2;2;0;3;2;3;2;2.0;37.15384615384615
31;34;36;36;33;2;35.05882352941177;1;1;6;31;1;1;31;2;39;3;1;0.0;14.0;42;2;1;31;14.0;6;41;34;34;36.142857142857146;1;1;36;0;3;2;2;0;3;2;3;2;2.0;33.35294117647059
31;0;32;43;37;1;33.13333333333333;0;0;6;0;1;0;0;1;36;1;1;0.0;14.0;35;2;1;32;14.0;6;41;33;34;34.07142857142857;2;2;31;0;3;2;2;0;3;2;3;2;2.0;36.6
37;50;35;27;30;1;33.64705882352941;1;1;6;45;2;1;37;2;32;2;1;0.0;14.0;41;2;2;34;14.0;6;38;30;42;37.57142857142857;1;4;38;0;3;2;2;0;3;2;3;2;2.0;37.0
30;50;35;44;31;1;35.0;1;1;6;41;1;1;35;1;30;2;1;0.0;14.0;42;2;2;41;14.0;6;34;36;41;37.92857142857143;1;2;34;0;3;2;2;0;3;2;3;2;2.0;38.64705882352941
18;50;22;9;7;2;32.411764705882355;1;1;6;32;2;1;39;1;30;2;1;0.0;14.0;34;2;3;30;14.0;6;39;47;41;36.642857142857146;1;2;30;0;3;2;2;0;3;2;3;2;1.0;24.705882352941178
49;50;37;30;34;1;40.0;1;1;6;47;2;1;45;1;36;1;1;0.0;14.0;38;2;1;50;14.0;6;33;49;43;42.285714285714285;1;0;41;0;3;2;2;0;3;2;3;2;3.0;41.05882352941177
0;0;0;0;0;0;24.9;1;0;2;0;0;0;40;0;14;1;0;0.0;5.0;0;2;0;0;5.0;2;0;31;0;30.4;0;0;30;0;3;2;2;0;3;2;3;2;2.0;40.0
34;50;40;30;37;1;33.411764705882355;1;1;6;44;1;1;30;1;38;1;1;0.0;14.0;35;2;1;37;14.0;6;30;48;41;36.857142857142854;1;0;31;0;3;2;2;0;3;2;3;2;2.0;38.05882352941177
40;34;31;34;33;1;32.666666666666664;1;1;6;32;1;1;39;2;30;2;1;0.0;14.0;31;2;1;37;14.0;6;30;48;42;36.5;1;2;31;0;3;2;2;0;3;2;3;2;2.0;34.529411764705884
40;50;34;42;31;1;32.05882352941177;0;1;6;30;2;1;0;2;32;1;1;0.0;14.0;30;2;1;40;14.0;6;39;43;30;35.214285714285715;1;0;33;0;3;2;2;0;3;2;3;2;2.0;38.46666666666667
36;50;0;32;39;1;36.666666666666664;0;1;6;31;0;1;0;2;37;1;1;0.0;14.0;34;2;1;30;14.0;6;38;44;32;34.357142857142854;1;0;31;0;3;2;2;0;3;2;3;2;2.0;38.23076923076923
25;50;37;10;34;2;34.64705882352941;1;1;6;30;1;1;34;2;36;1;2;0.0;14.0;31;2;2;49;14.0;6;37;44;34;36.714285714285715;1;2;30;0;3;2;2;0;3;2;3;2;2.0;31.41176470588235
36;50;36;34;0;1;33.705882352941174;1;1;6;32;1;1;36;1;37;2;0;0.0;14.0;42;2;1;35;14.0;6;39;35;41;37.0;1;2;31;0;3;2;2;0;3;2;3;2;2.0;38.0
0;0;0;0;0;0;25.375;0;0;2;0;0;0;0;0;17;2;0;0.0;5.0;0;2;0;0;5.0;2;0;39;0;33.6;0;1;30;0;3;2;2;0;3;2;3;2;0.0;0.0
30;22;0;37;0;1;33.529411764705884;0;1;6;0;0;0;0;1;34;3;0;0.0;14.0;41;2;1;38;14.0;6;34;40;34;37.92857142857143;1;2;41;0;3;2;2;0;3;2;3;2;1.0;29.625
39;49;0;32;35;2;36.294117647058826;0;1;6;30;0;1;0;1;37;3;1;0.0;14.0;36;2;1;40;14.0;6;30;36;40;35.5;1;2;31;0;3;2;2;0;3;2;3;2;2.0;37.38461538461539
34;50;31;42;33;1;33.529411764705884;1;1;6;30;1;1;39;1;36;1;1;0.0;14.0;36;2;1;32;14.0;6;38;45;36;35.92857142857143;2;2;31;0;3;2;2;0;3;2;3;2;2.0;37.8235294117647
30;50;35;31;39;1;33.23529411764706;0;1;6;30;1;1;0;1;34;1;1;0.0;14.0;35;2;1;30;14.0;6;30;30;31;31.357142857142858;1;1;32;0;3;2;2;0;3;2;3;2;2.0;36.666666666666664
0;0;0;0;0;0;31.76923076923077;0;0;3;0;0;0;0;0;37;3;0;6.0;8.0;0;1;0;0;2.0;1;0;35;26;27.875;1;1;25;2;3;2;2;0;3;2;3;2;0.0;0.0
31;50;32;36;34;1;37.23529411764706;1;1;6;45;1;1;38;2;36;1;1;0.0;14.0;41;2;1;33;14.0;6;37;32;42;36.285714285714285;1;0;32;0;3;2;2;0;3;2;3;2;2.0;38.35294117647059
35;47;35;30;39;1;36.705882352941174;0;1;6;36;1;1;0;1;37;2;1;0.0;14.0;31;2;1;33;14.0;6;37;40;30;33.857142857142854;1;2;34;0;3;2;2;0;3;2;3;2;2.0;37.333333333333336
48;50;0;32;39;1;39.529411764705884;0;1;6;0;0;0;0;1;41;1;1;0.0;14.0;40;2;1;36;14.0;6;37;49;41;38.785714285714285;1;1;32;0;3;2;2;0;3;2;3;2;3.0;41.72727272727273
0;0;0;0;0;0;35.411764705882355;0;0;2;0;0;0;0;0;40;0;0;0.0;4.0;30;2;2;0;4.0;2;41;0;0;35.5;0;1;0;0;3;2;2;0;3;2;3;2;0.0;0.0
33;50;44;31;30;1;32.705882352941174;1;1;6;45;1;1;39;1;33;2;1;0.0;14.0;40;2;1;34;14.0;6;30;37;42;36.214285714285715;1;1;33;0;3;2;2;0;3;2;3;2;2.0;38.529411764705884
50;50;45;30;39;1;38.411764705882355;0;1;6;45;1;1;0;1;32;1;1;0.0;14.0;35;2;1;43;14.0;6;41;50;42;40.0;1;0;32;0;3;2;2;0;3;2;3;2;3.0;42.46666666666667
30;50;30;42;36;2;34.8235294117647;1;1;6;33;1;1;35;2;35;2;1;0.0;14.0;36;2;1;45;14.0;6;35;30;32;35.642857142857146;1;2;37;0;3;2;2;0;3;2;3;2;2.0;37.64705882352941
33;50;33;30;35;1;34.588235294117645;1;1;6;34;1;1;32;1;34;2;1;0.0;14.0;34;2;1;36;14.0;6;30;44;36;35.357142857142854;1;2;33;0;3;2;2;0;3;2;3;2;2.0;35.8235294117647
33;47;31;30;37;1;36.1764705882353;1;1;6;42;1;1;34;1;36;1;1;0.0;14.0;30;2;1;37;14.0;6;30;33;41;34.642857142857146;1;0;34;0;3;2;2;0;3;2;3;2;2.0;36.588235294117645
0;0;35;0;0;0;32.4;0;0;6;0;2;0;0;0;35;2;0;0.0;14.0;39;2;1;35;14.0;6;31;31;30;32.714285714285715;1;2;32;0;3;2;2;0;3;2;3;2;2.0;35.0
30;49;38;43;34;1;33.733333333333334;0;1;6;44;1;1;0;1;32;2;1;0.0;14.0;33;2;1;31;14.0;6;30;46;41;35.214285714285715;1;2;30;0;3;2;2;0;3;2;3;2;3.0;40.13333333333333
32;0;0;0;0;1;36.0;0;0;6;0;0;0;0;0;38;1;0;2.0;14.0;38;2;2;32;12.0;5;18;40;33;32.0;2;3;31;1;3;2;2;0;3;2;3;2;2.0;32.0
30;47;31;33;40;1;39.1764705882353;1;1;6;43;1;1;37;2;38;1;1;0.0;14.0;31;2;1;39;14.0;6;30;49;42;37.57142857142857;1;0;34;0;3;2;2;0;3;2;3;2;2.0;37.76470588235294
40;47;40;48;41;1;37.8235294117647;1;1;6;44;1;1;41;1;36;1;1;0.0;14.0;30;2;1;35;14.0;6;34;47;40;37.57142857142857;1;0;38;0;3;2;2;0;3;2;3;2;3.0;43.411764705882355
33;0;30;0;0;1;32.84615384615385;0;0;4;0;2;0;0;0;38;2;0;0.0;9.0;35;2;1;37;9.0;4;36;0;0;35.666666666666664;0;1;35;0;3;2;2;0;3;2;3;2;2.0;31.5
0;0;0;0;0;0;33.54545454545455;0;0;1;0;0;0;0;0;38;0;0;0.0;2.0;0;2;0;0;2.0;1;0;39;0;39.0;0;0;0;0;3;2;2;0;3;2;3;2;0.0;0.0
30;30;34;36;39;1;35.35294117647059;1;1;6;0;1;0;35;1;35;2;1;0.0;14.0;35;2;1;33;14.0;6;36;45;34;37.357142857142854;2;2;41;0;3;2;2;0;3;2;3;2;2.0;34.2
40;50;38;43;36;1;35.94117647058823;1;1;6;41;1;1;41;1;38;2;1;0.0;14.0;35;2;1;32;14.0;6;38;49;37;38.07142857142857;2;2;38;0;3;2;2;0;3;2;3;2;3.0;41.588235294117645
30;50;26;43;40;1;34.76470588235294;0;1;6;30;1;1;0;1;34;3;2;0.0;14.0;34;2;1;36;14.0;6;38;39;30;35.142857142857146;2;2;36;0;3;2;2;0;3;2;3;2;2.0;38.06666666666667
35;0;0;0;0;2;27.4;0;0;4;0;0;0;0;0;31;1;0;6.0;10.0;0;1;1;36;4.0;2;37;0;14;21.2;1;1;8;2;3;2;2;0;3;2;3;2;2.0;35.0
30;34;39;37;0;1;37.13333333333333;0;1;6;36;1;1;0;2;38;2;0;0.0;14.0;36;2;1;30;14.0;6;33;40;33;33.785714285714285;1;1;32;0;3;2;2;0;3;2;3;2;2.0;35.25
40;47;36;36;35;1;35.470588235294116;2;1;6;40;1;1;36;1;34;1;1;0.0;14.0;30;2;1;32;14.0;6;33;33;42;34.57142857142857;1;0;34;0;3;2;2;0;3;2;3;2;2.0;38.705882352941174
16;34;0;41;5;2;31.733333333333334;0;1;6;0;0;0;0;2;34;2;2;2.0;14.0;30;2;2;24;12.0;5;30;30;42;31.928571428571427;1;3;31;1;3;2;2;0;3;2;3;2;1.0;24.727272727272727
45;0;0;0;0;1;33.529411764705884;0;0;5;0;0;0;0;0;37;2;0;2.0;12.0;0;2;1;37;10.0;4;29;49;34;37.666666666666664;2;2;40;1;3;2;2;0;3;2;3;2;3.0;45.0
31;26;0;0;0;2;36.72727272727273;2;1;3;0;0;0;31;0;37;1;0;3.0;8.0;0;1;0;0;5.0;2;0;31;23;27.625;1;0;30;1;3;2;2;0;3;2;3;2;1.0;28.857142857142858
0;0;16;0;0;0;30.692307692307693;1;0;4;0;1;0;26;0;38;1;0;3.0;9.0;0;2;1;37;6.0;3;36;31;0;32.111111111111114;0;1;27;1;3;2;2;0;3;2;3;2;1.0;21.0
30;34;32;28;33;1;36.46666666666667;0;1;5;35;1;1;0;1;34;1;1;0.0;12.0;40;2;2;43;12.0;5;34;0;34;35.75;2;2;31;0;3;2;2;0;3;2;3;2;2.0;31.933333333333334
33;50;41;37;36;1;34.05882352941177;1;1;6;42;1;1;35;2;31;2;1;0.0;14.0;36;2;2;35;14.0;6;39;46;42;38.142857142857146;1;2;32;0;3;2;2;0;3;2;3;2;2.0;39.470588235294116
30;50;32;38;39;1;34.8235294117647;1;1;6;31;1;1;30;1;38;2;1;0.0;14.0;30;2;1;33;14.0;6;36;46;30;34.42857142857143;1;1;34;0;3;2;2;0;3;2;3;2;2.0;36.88235294117647
31;50;0;30;0;2;36.8235294117647;0;1;6;32;0;1;0;1;36;3;0;0.0;14.0;38;2;2;31;14.0;6;37;38;32;35.57142857142857;1;2;38;0;3;2;2;0;3;2;3;2;2.0;36.6
35;50;39;31;39;1;35.76470588235294;1;1;6;44;1;1;31;1;35;1;1;0.0;14.0;37;2;1;36;14.0;6;34;45;42;37.785714285714285;1;0;33;0;3;2;2;0;3;2;3;2;2.0;38.705882352941174
30;22;0;0;0;1;33.88235294117647;0;1;6;0;0;0;0;0;36;3;0;0.0;14.0;42;2;1;32;14.0;6;35;42;32;36.357142857142854;2;3;37;0;3;2;2;0;3;2;3;2;1.0;25.2
41;0;0;0;0;2;27.545454545454547;0;0;2;0;0;0;0;0;34;1;0;3.0;5.0;0;1;0;0;2.0;1;0;41;0;17.6;0;0;2;1;3;2;2;0;3;2;3;2;3.0;41.0
0;0;32;30;0;0;33.2;0;0;6;0;1;0;0;1;38;3;0;0.0;14.0;37;2;1;36;14.0;6;37;32;31;34.642857142857146;1;2;36;0;3;2;2;0;3;2;3;2;2.0;30.8
37;50;37;42;36;1;36.0;0;1;6;39;1;1;0;1;38;1;1;0.0;14.0;38;2;1;37;14.0;6;34;46;41;40.357142857142854;1;0;44;0;3;2;2;0;3;2;3;2;3.0;40.666666666666664
37;0;0;0;0;1;21.125;0;0;1;0;0;0;0;0;35;1;0;0.0;3.0;0;2;0;0;3.0;1;0;0;0;33.0;0;0;33;0;3;2;2;0;3;2;3;2;2.0;37.0
37;50;36;37;42;1;35.05882352941177;1;1;6;39;1;1;32;1;39;2;1;0.0;14.0;38;2;1;43;14.0;6;30;46;36;38.714285714285715;2;2;40;0;3;2;2;0;3;2;3;2;2.0;39.705882352941174
42;0;0;0;0;2;29.46153846153846;0;0;1;0;0;0;0;0;35;1;0;3.0;3.0;0;1;0;0;0.0;0;0;0;0;18.0;0;0;18;1;3;2;2;0;3;2;3;2;3.0;42.0
33;50;31;39;41;1;35.53333333333333;0;1;5;36;1;1;0;1;38;1;1;0.0;12.0;38;2;1;43;12.0;5;32;0;33;36.083333333333336;1;1;36;0;3;2;2;0;3;2;3;2;2.0;39.333333333333336
49;50;33;33;32;1;37.05882352941177;1;1;6;45;1;1;40;1;35;2;1;0.0;14.0;38;2;1;32;14.0;6;32;48;40;38.57142857142857;1;1;40;0;3;2;2;0;3;2;3;2;2.0;39.94117647058823
39;32;0;31;0;1;36.8235294117647;0;1;5;0;0;0;0;1;38;2;0;2.0;12.0;42;2;1;22;10.0;4;30;0;30;32.416666666666664;1;2;37;1;3;2;2;0;3;2;3;2;2.0;33.375
0;0;0;0;0;0;29.705882352941178;0;0;4;0;0;0;0;0;35;2;0;2.0;9.0;0;1;1;6;7.0;3;30;31;0;25.88888888888889;0;2;33;1;3;2;2;0;3;2;3;2;0.0;0.0
0;50;0;0;0;0;34.11764705882353;0;1;6;0;0;0;0;0;33;1;0;5.0;14.0;35;2;2;31;9.0;4;25;38;28;30.857142857142858;1;2;30;2;3;2;2;0;3;2;3;2;4.0;50.0
32;50;0;44;32;1;33.0;0;1;6;0;0;0;0;1;38;1;1;0.0;14.0;42;2;2;42;14.0;6;39;50;30;38.214285714285715;1;2;33;0;3;2;2;0;3;2;3;2;3.0;40.18181818181818
0;50;0;34;39;0;37.93333333333333;0;1;6;34;0;1;0;2;40;1;1;0.0;14.0;38;2;1;31;14.0;6;32;40;42;36.42857142857143;1;0;34;0;3;2;2;0;3;2;3;2;2.0;39.72727272727273
31;50;0;46;36;1;35.94117647058823;1;1;6;0;0;0;40;1;37;1;1;0.0;14.0;42;2;1;41;14.0;6;39;42;36;38.214285714285715;1;0;33;0;3;2;2;0;3;2;3;2;3.0;41.38461538461539
37;50;0;0;0;1;34.1764705882353;0;1;5;0;0;0;0;0;41;2;0;0.0;12.0;0;2;1;43;12.0;5;37;32;35;35.666666666666664;1;1;33;0;3;2;2;0;3;2;3;2;3.0;44.8
36;50;0;39;0;1;38.333333333333336;0;1;6;0;0;0;0;1;38;1;0;2.0;14.0;31;2;1;28;12.0;5;41;31;38;34.57142857142857;1;0;36;1;3;2;2;0;3;2;3;2;3.0;42.375
49;50;0;36;35;1;36.733333333333334;0;1;6;40;0;1;0;1;38;1;1;0.0;14.0;34;2;1;37;14.0;6;33;44;39;36.357142857142854;1;1;32;0;3;2;2;0;3;2;3;2;3.0;41.61538461538461
48;50;0;0;37;2;36.294117647058826;1;1;6;0;0;0;31;0;39;2;1;0.0;14.0;32;2;1;42;14.0;6;37;38;38;36.5;1;2;33;0;3;2;2;0;3;2;3;2;3.0;41.9
45;50;0;44;30;1;34.1764705882353;0;1;6;0;0;0;0;1;37;2;1;0.0;14.0;42;2;1;33;14.0;6;36;40;31;36.357142857142854;1;2;38;0;3;2;2;0;3;2;3;2;3.0;42.0
36;50;0;46;0;1;35.1764705882353;0;1;6;0;0;0;0;1;36;1;0;2.0;14.0;37;2;1;31;12.0;5;25;47;30;32.857142857142854;1;1;30;1;3;2;2;0;3;2;3;2;3.0;45.0
36;50;32;44;0;1;36.05882352941177;1;1;6;44;1;1;34;1;39;2;0;0.0;14.0;42;2;1;35;14.0;6;36;30;38;37.57142857142857;1;1;42;0;3;2;2;0;3;2;3;2;3.0;41.0
0;0;0;0;0;0;31.647058823529413;0;0;5;0;0;0;0;0;37;2;0;5.0;12.0;36;1;2;0;7.0;3;22;30;26;28.666666666666668;1;2;30;2;3;2;2;0;3;2;3;2;0.0;0.0
31;50;39;35;42;1;34.0;1;1;6;43;1;1;39;1;37;2;1;0.0;14.0;35;2;1;41;14.0;6;34;50;42;38.714285714285715;2;3;32;0;3;2;2;0;3;2;3;2;3.0;40.294117647058826
37;50;0;0;0;2;32.6;0;1;6;0;0;0;0;0;32;2;0;5.0;14.0;30;1;1;15;9.0;4;39;43;21;29.5;1;1;32;2;3;2;2;0;3;2;3;2;3.0;44.8
32;30;0;0;0;1;34.470588235294116;0;1;6;0;0;0;0;0;35;3;0;0.0;14.0;33;2;1;40;14.0;6;37;34;31;35.142857142857146;1;1;37;0;3;2;2;0;3;2;3;2;2.0;30.8
43;0;0;0;0;1;36.07142857142857;0;0;3;0;0;0;0;0;37;2;0;0.0;7.0;32;2;1;0;7.0;3;33;0;0;34.0;0;1;36;0;3;2;2;0;3;2;3;2;3.0;43.0
46;21;0;30;0;3;34.294117647058826;0;1;5;0;0;0;0;1;38;2;0;5.0;12.0;38;1;1;19;7.0;3;36;0;17;28.25;1;1;34;2;3;2;2;0;3;2;3;2;2.0;30.625
31;32;0;46;0;1;35.0;0;1;6;0;0;0;0;1;37;1;0;0.0;14.0;30;2;1;37;14.0;6;37;43;30;34.285714285714285;1;1;32;0;3;2;2;0;3;2;3;2;2.0;37.0
40;30;0;0;0;1;37.13333333333333;0;1;4;0;0;0;0;0;40;1;0;3.0;9.0;38;2;1;45;6.0;3;30;0;0;33.77777777777778;0;0;26;1;3;2;2;0;3;2;3;2;2.0;34.0
42;50;45;38;34;1;36.294117647058826;0;1;6;43;1;1;0;3;37;2;1;0.0;14.0;42;2;1;36;14.0;6;39;35;41;37.57142857142857;1;1;33;0;3;2;2;0;3;2;3;2;3.0;41.733333333333334
38;49;34;43;37;1;34.1764705882353;1;1;6;45;1;1;40;2;39;1;2;0.0;14.0;34;2;2;31;14.0;6;39;31;42;35.57142857142857;1;1;34;0;3;2;2;0;3;2;3;2;3.0;41.23529411764706
32;50;35;36;39;1;33.86666666666667;0;1;6;31;1;1;0;2;38;2;1;0.0;14.0;41;2;1;43;14.0;6;36;49;32;39.57142857142857;1;2;40;0;3;2;2;0;3;2;3;2;2.0;38.06666666666667
35;0;0;0;0;2;31.76923076923077;0;0;1;0;0;0;0;0;39;1;0;0.0;3.0;0;2;0;0;3.0;1;0;0;0;31.0;0;0;31;0;3;2;2;0;3;2;3;2;2.0;35.0
35;0;0;0;0;2;34.30769230769231;0;0;0;0;0;0;0;0;40;0;0;0.0;0.0;0;1;0;0;0.0;0;0;0;0;0.0;0;0;0;0;3;2;2;0;3;2;3;2;2.0;35.0
0;32;0;16;0;0;34.411764705882355;0;1;6;0;0;0;0;1;31;1;0;0.0;14.0;33;2;1;32;14.0;6;30;40;31;33.214285714285715;1;1;34;0;3;2;2;0;3;2;3;2;1.0;24.0
31;50;36;43;30;1;34.8;0;1;6;44;1;1;0;1;37;3;1;0.0;14.0;37;2;1;33;14.0;6;36;38;41;36.42857142857143;1;1;33;0;3;2;2;0;3;2;3;2;2.0;39.4
31;50;31;40;41;1;34.93333333333333;1;1;6;41;1;1;39;2;33;1;1;0.0;14.0;37;2;1;38;14.0;6;30;36;41;35.57142857142857;1;0;31;0;3;2;2;0;3;2;3;2;2.0;39.8235294117647
38;50;30;38;35;1;35.470588235294116;1;1;6;39;1;1;38;1;37;1;1;0.0;14.0;31;2;1;42;14.0;6;32;35;42;35.642857142857146;1;1;31;0;3;2;2;0;3;2;3;2;2.0;38.76470588235294
35;50;34;33;0;1;33.93333333333333;1;1;6;36;1;1;41;1;36;3;0;0.0;14.0;45;2;1;35;14.0;6;36;38;33;37.42857142857143;1;1;39;0;3;2;2;0;3;2;3;2;2.0;38.642857142857146
30;0;0;0;0;1;32.8;0;0;6;0;0;0;0;0;30;2;0;6.0;14.0;31;2;1;36;8.0;4;39;42;25;31.0;1;2;21;2;3;2;2;0;3;2;3;2;1.0;30.0
0;0;0;0;0;0;29.941176470588236;0;0;3;0;0;0;0;0;24;2;0;0.0;7.0;35;2;1;0;7.0;3;37;0;0;35.57142857142857;0;1;35;0;3;2;2;0;3;2;3;2;0.0;0.0
31;50;0;0;38;1;33.76470588235294;0;1;6;33;0;1;0;0;31;2;1;0.0;14.0;30;2;1;40;14.0;6;41;38;32;34.785714285714285;1;1;31;0;3;2;2;0;3;2;3;2;2.0;39.2
44;50;32;46;40;1;36.0;0;1;6;32;1;1;0;1;36;2;2;0.0;14.0;42;2;2;33;14.0;6;47;47;41;39.785714285714285;1;3;32;0;3;2;2;0;3;2;3;2;3.0;41.6
0;33;0;38;0;0;35.15384615384615;0;1;6;0;0;0;0;2;37;2;0;0.0;14.0;38;2;2;37;14.0;6;41;39;34;36.714285714285715;1;3;34;0;3;2;2;0;3;2;3;2;2.0;35.5
30;49;0;38;33;1;37.705882352941174;0;1;6;0;0;0;0;2;37;3;1;0.0;14.0;32;2;1;37;14.0;6;42;50;30;37.57142857142857;1;2;38;0;3;2;2;0;3;2;3;2;2.0;38.18181818181818
42;0;0;0;0;2;33.05882352941177;0;0;5;0;0;0;0;0;38;1;0;3.0;12.0;39;2;1;0;9.0;4;40;47;31;34.25;1;0;22;1;3;2;2;0;3;2;3;2;3.0;42.0
37;0;0;0;0;1;36.3;1;0;3;0;0;0;35;0;38;2;0;3.0;7.0;0;2;1;0;4.0;2;42;31;0;31.571428571428573;0;1;25;1;3;2;2;0;3;2;3;2;2.0;36.0
0;50;0;0;0;0;33.6;0;1;6;30;0;1;0;0;36;2;0;0.0;14.0;33;2;3;35;14.0;6;47;38;30;34.92857142857143;1;2;31;0;3;2;2;0;3;2;3;2;3.0;42.0
33;33;30;43;41;1;32.23529411764706;0;1;6;31;1;1;0;1;37;2;1;0.0;14.0;31;2;1;31;14.0;6;35;41;33;33.642857142857146;1;2;32;0;3;2;2;0;3;2;3;2;2.0;35.93333333333333
33;50;29;46;35;1;32.64705882352941;0;1;6;36;1;1;0;1;40;3;1;0.0;14.0;32;2;1;40;14.0;6;42;46;36;38.5;1;1;37;0;3;2;2;0;3;2;3;2;2.0;39.266666666666666
0;0;0;0;0;0;34.333333333333336;0;0;6;0;0;0;0;0;37;1;0;2.0;14.0;42;2;2;5;12.0;5;42;46;30;33.42857142857143;1;1;36;1;3;2;2;0;3;2;3;2;0.0;0.0
34;0;0;0;0;2;33.529411764705884;0;0;5;0;0;0;0;0;33;2;0;2.0;12.0;0;2;1;32;10.0;4;22;44;34;32.333333333333336;1;1;30;1;3;2;2;0;3;2;3;2;2.0;34.0
30;50;30;34;34;1;34.470588235294116;1;1;6;31;1;1;27;2;38;1;1;0.0;14.0;31;2;1;47;14.0;6;35;43;33;36.857142857142854;1;0;35;0;3;2;2;0;3;2;3;2;2.0;34.705882352941174
34;50;33;44;39;1;35.705882352941174;1;1;6;44;1;1;34;1;37;1;1;0.0;14.0;38;2;1;33;14.0;6;35;37;33;34.142857142857146;1;1;31;0;3;2;2;0;3;2;3;2;3.0;40.529411764705884
0;34;0;0;0;0;35.1764705882353;0;1;6;0;0;0;0;0;38;1;0;0.0;14.0;37;2;1;46;14.0;6;34;38;33;35.642857142857146;1;1;30;0;3;2;2;0;3;2;3;2;2.0;34.0
42;50;33;30;43;1;37.88235294117647;1;1;6;34;1;1;30;1;38;1;1;0.0;14.0;32;2;1;47;14.0;6;39;47;32;38.57142857142857;1;0;38;0;3;2;2;0;3;2;3;2;2.0;38.05882352941177
33;0;0;0;0;2;35.411764705882355;0;0;3;0;0;0;0;0;38;2;0;5.0;7.0;0;2;0;27;2.0;1;0;46;0;32.0;0;1;26;2;3;2;2;0;3;2;3;2;2.0;33.0
0;0;36;32;37;0;34.1764705882353;0;0;6;0;1;0;0;1;39;2;1;0.0;14.0;37;2;1;31;14.0;6;39;41;31;34.214285714285715;1;1;30;0;3;2;2;0;3;2;3;2;2.0;34.875
0;50;39;38;41;0;37.64705882352941;0;1;6;33;1;1;0;1;37;1;1;0.0;14.0;30;2;1;34;14.0;6;36;42;39;36.785714285714285;1;0;38;0;3;2;2;0;3;2;3;2;3.0;40.84615384615385
30;34;0;35;0;1;35.94117647058823;0;1;5;0;0;0;0;1;40;1;0;0.0;12.0;45;2;1;0;12.0;5;34;31;33;34.083333333333336;1;0;30;0;3;2;2;0;3;2;3;2;2.0;33.375
36;50;35;34;36;1;36.11764705882353;1;1;6;39;1;1;32;1;39;1;1;0.0;14.0;37;2;1;46;14.0;6;37;30;38;39.0;1;0;44;0;3;2;2;0;3;2;3;2;2.0;37.88235294117647
31;50;0;0;0;1;39.294117647058826;0;1;6;0;0;0;0;0;36;2;0;0.0;14.0;31;2;1;49;14.0;6;38;41;39;38.785714285714285;1;2;36;0;3;2;2;0;3;2;3;2;3.0;42.4
32;0;0;0;0;2;34.266666666666666;0;0;3;0;0;0;0;0;42;2;0;6.0;8.0;0;1;1;0;2.0;1;30;0;25;25.875;1;1;24;2;3;2;2;0;3;2;3;2;2.0;32.0
37;50;0;0;0;1;32.46666666666667;0;1;3;0;0;0;0;0;33;2;0;5.0;7.0;0;1;1;6;2.0;1;38;0;0;21.142857142857142;0;1;20;2;3;2;2;0;3;2;3;2;3.0;44.8
34;0;0;0;0;1;34.0;0;0;2;0;0;0;0;0;40;0;0;3.0;5.0;0;2;1;0;2.0;1;40;0;27;32.2;1;0;0;1;3;2;2;0;3;2;3;2;2.0;34.0
37;50;0;0;0;1;34.46666666666667;0;1;6;0;0;0;0;0;33;2;0;0.0;14.0;32;2;1;43;14.0;6;32;48;34;38.0;1;1;40;0;3;2;2;0;3;2;3;2;3.0;44.8
34;0;0;0;0;1;33.333333333333336;0;0;3;0;0;0;0;0;0;2;0;4.0;7.0;0;1;1;18;3.0;1;25;0;0;25.142857142857142;0;1;30;2;3;2;2;0;3;2;3;2;2.0;34.0
30;50;0;0;0;1;31.933333333333334;0;1;6;0;0;0;0;0;33;1;0;0.0;14.0;33;2;2;38;14.0;6;40;44;32;37.357142857142854;1;1;39;0;3;2;2;0;3;2;3;2;3.0;42.0
0;50;0;32;41;0;35.705882352941174;0;1;6;0;0;0;0;1;33;2;1;0.0;14.0;41;2;1;34;14.0;6;37;43;31;37.142857142857146;1;1;39;0;3;2;2;0;3;2;3;2;3.0;41.0
30;0;0;0;0;2;38.57142857142857;0;0;5;0;0;0;0;0;42;2;0;0.0;12.0;37;2;1;0;12.0;5;41;35;31;34.583333333333336;1;1;32;0;3;2;2;0;3;2;3;2;1.0;30.0
0;31;0;44;41;0;35.35294117647059;0;1;6;0;0;0;0;1;32;1;1;0.0;14.0;38;2;1;31;14.0;6;37;48;39;38.5;1;0;38;0;3;2;2;0;3;2;3;2;2.0;38.666666666666664
24;0;0;0;0;2;30.5;0;0;1;0;0;0;0;0;30;1;0;0.0;3.0;0;2;0;0;3.0;1;0;0;0;31.0;0;0;31;0;3;2;2;0;3;2;3;2;1.0;24.0
50;31;0;39;0;1;37.588235294117645;1;1;6;44;0;1;35;1;40;1;0;0.0;14.0;42;2;1;44;14.0;6;38;49;36;39.285714285714285;1;0;32;0;3;2;2;0;3;2;3;2;2.0;39.0
48;31;0;38;0;1;35.94117647058823;1;1;6;0;0;0;35;1;39;2;0;0.0;14.0;42;2;1;38;14.0;6;35;46;35;38.642857142857146;1;2;38;0;3;2;2;0;3;2;3;2;2.0;37.3
36;33;0;0;0;2;28.923076923076923;0;1;3;0;0;0;0;0;43;0;0;0.0;7.0;0;2;1;35;7.0;3;40;0;30;34.285714285714285;1;1;0;0;3;2;2;0;3;2;3;2;2.0;34.2
36;0;0;0;0;1;29.214285714285715;0;0;4;0;0;0;0;0;0;2;0;7.0;9.0;18;1;1;11;2.0;1;33;0;0;20.444444444444443;0;3;20;3;3;2;2;0;3;2;3;2;2.0;36.0
30;0;0;0;0;1;35.285714285714285;0;0;1;0;0;0;0;0;0;0;0;0.0;2.0;0;2;0;0;2.0;1;0;49;0;49.0;0;0;0;0;3;2;2;0;3;2;3;2;1.0;30.0
41;0;0;0;0;2;37.5;0;0;3;0;0;0;0;0;40;1;0;0.0;7.0;0;2;1;0;7.0;3;39;50;0;38.714285714285715;0;0;31;0;3;2;2;0;3;2;3;2;3.0;41.0
0;50;0;24;0;0;38.6;0;1;6;0;0;0;0;1;34;1;0;0.0;14.0;32;2;1;38;14.0;6;38;49;38;38.714285714285715;1;0;38;0;3;2;2;0;3;2;3;2;2.0;37.0
33;0;0;0;0;2;35.333333333333336;0;0;1;0;0;0;0;0;0;0;0;0.0;2.0;0;2;0;0;2.0;1;0;46;0;46.0;0;0;0;0;3;2;2;0;3;2;3;2;2.0;33.0
34;0;0;0;0;1;35.23529411764706;0;0;1;0;0;0;0;0;38;0;0;0.0;2.0;0;2;1;0;2.0;1;39;0;0;39.0;0;0;0;0;3;2;2;0;3;2;3;2;2.0;34.0
42;0;0;0;0;2;32.06666666666667;0;0;2;0;0;0;0;0;33;0;0;0.0;4.0;0;2;1;0;4.0;2;31;44;0;37.5;0;0;0;0;3;2;2;0;3;2;3;2;3.0;42.0
31;0;0;0;0;1;37.4;0;0;4;0;0;0;0;0;0;1;0;0.0;9.0;0;2;1;35;9.0;4;39;43;0;37.666666666666664;0;0;35;0;3;2;2;0;3;2;3;2;2.0;31.0
44;50;37;36;0;1;38.86666666666667;1;1;6;42;1;1;40;1;36;1;0;0.0;14.0;46;2;1;36;14.0;6;31;47;37;37.642857142857146;1;0;32;0;3;2;2;0;3;2;3;2;3.0;41.714285714285715
35;50;35;0;0;1;37.94117647058823;1;1;6;43;1;1;30;0;36;1;0;0.0;14.0;30;2;2;35;14.0;6;31;46;35;35.5;1;1;36;0;3;2;2;0;3;2;3;2;2.0;39.63636363636363
35;0;0;0;0;2;33.733333333333334;0;0;1;0;0;0;0;0;33;0;0;0.0;2.0;0;2;0;0;2.0;1;0;49;0;49.0;0;0;0;0;3;2;2;0;3;2;3;2;2.0;35.0
49;50;0;29;0;1;38.13333333333333;0;1;6;0;0;0;0;1;38;1;0;0.0;14.0;38;2;1;38;14.0;6;38;43;42;40.42857142857143;1;0;42;0;3;2;2;0;3;2;3;2;3.0;41.875
49;0;0;0;0;2;35.666666666666664;0;0;2;0;0;0;0;0;35;0;0;0.0;4.0;0;2;1;0;4.0;2;31;46;0;38.5;0;0;0;0;3;2;2;0;3;2;3;2;4.0;49.0
0;0;0;0;0;0;38.76923076923077;0;0;3;0;0;0;0;0;40;1;0;0.0;7.0;0;2;1;0;7.0;3;38;48;0;40.0;0;0;36;0;3;2;2;0;3;2;3;2;0.0;0.0
30;26;0;0;0;1;39.88235294117647;0;1;6;0;0;0;0;0;43;2;0;0.0;14.0;46;2;1;31;14.0;6;38;30;33;34.214285714285715;1;1;30;0;3;2;2;0;3;2;3;2;1.0;27.6
0;0;0;0;0;0;34.86666666666667;0;0;4;0;0;0;0;0;37;1;0;2.0;10.0;0;2;1;0;8.0;3;27;48;30;33.0;1;0;30;1;3;2;2;0;3;2;3;2;0.0;0.0
32;0;0;0;0;1;31.6;0;0;2;0;0;0;0;0;0;1;0;3.0;5.0;0;2;0;0;2.0;1;0;44;0;33.8;0;0;27;1;3;2;2;0;3;2;3;2;2.0;32.0
0;0;0;0;0;0;35.46666666666667;0;0;4;0;0;0;0;0;41;1;0;0.0;10.0;0;2;1;0;10.0;4;37;45;30;34.4;1;0;30;0;3;2;2;0;3;2;3;2;0.0;0.0
34;26;0;0;0;1;35.46153846153846;1;1;5;0;0;0;26;0;43;1;0;0.0;12.0;30;2;1;0;12.0;5;40;40;32;35.583333333333336;1;0;37;0;3;2;2;0;3;2;3;2;1.0;28.285714285714285
30;0;0;0;0;1;34.666666666666664;0;0;1;0;0;0;0;0;31;1;0;3.0;3.0;0;1;0;0;0.0;0;0;0;0;23.0;0;0;23;1;3;2;2;0;3;2;3;2;1.0;30.0
42;0;0;0;0;2;41.76470588235294;0;0;6;0;0;0;0;0;43;1;0;2.0;14.0;46;2;1;29;12.0;5;40;50;35;38.357142857142854;1;0;34;1;3;2;2;0;3;2;3;2;3.0;42.0
36;0;0;0;0;1;35.0;0;0;0;0;0;0;0;0;41;0;0;0.0;0.0;0;1;0;0;0.0;0;0;0;0;0.0;0;0;0;0;3;2;2;0;3;2;3;2;2.0;36.0
34;0;0;0;0;1;31.7;0;0;1;0;0;0;0;0;31;1;0;0.0;3.0;0;2;0;0;3.0;1;0;0;0;30.0;0;0;30;0;3;2;2;0;3;2;3;2;2.0;34.0
30;0;0;0;0;3;38.3;0;0;4;0;0;0;0;0;41;1;0;0.0;10.0;0;2;1;40;10.0;4;37;0;34;34.6;1;0;30;0;3;2;2;0;3;2;3;2;1.0;30.0
31;0;0;0;0;2;37.0;0;0;1;0;0;0;0;0;0;0;0;0.0;2.0;0;2;0;0;2.0;1;0;47;0;47.0;0;0;0;0;3;2;2;0;3;2;3;2;2.0;31.0
0;30;0;0;0;0;37.2;1;1;6;0;0;0;36;0;40;1;0;2.0;14.0;45;2;1;26;12.0;5;30;49;31;35.357142857142854;1;0;34;1;3;2;2;0;3;2;3;2;2.0;32.4
32;0;0;0;0;1;37.13333333333333;0;0;6;0;0;0;0;0;36;2;0;3.0;14.0;44;2;2;42;11.0;5;35;45;29;36.57142857142857;1;2;31;1;3;2;2;0;3;2;3;2;2.0;32.0
0;0;0;0;0;0;43.23076923076923;0;0;3;0;0;0;0;0;44;1;0;0.0;7.0;0;2;1;0;7.0;3;41;50;0;41.42857142857143;0;0;36;0;3;2;2;0;3;2;3;2;0.0;0.0
0;0;0;0;0;0;42.53333333333333;0;0;4;0;0;0;0;0;42;0;0;0.0;9.0;40;2;1;0;9.0;4;41;48;36;40.666666666666664;1;0;0;0;3;2;2;0;3;2;3;2;0.0;0.0
0;0;0;0;0;0;34.86666666666667;0;0;2;0;0;0;0;0;36;0;0;0.0;4.0;0;2;1;0;4.0;2;41;50;0;45.5;0;0;0;0;3;2;2;0;3;2;3;2;0.0;0.0
30;0;0;0;0;2;35.07142857142857;0;0;1;0;0;0;0;0;33;2;0;0.0;3.0;0;2;0;0;3.0;1;0;0;0;31.0;0;1;31;0;3;2;2;0;3;2;3;2;1.0;30.0
0;0;0;0;0;0;40.13333333333333;0;0;2;0;0;0;0;0;42;1;0;0.0;5.0;0;2;0;0;5.0;2;0;50;0;38.0;0;0;30;0;3;2;2;0;3;2;3;2;0.0;0.0
0;0;0;0;0;0;42.333333333333336;0;0;2;0;0;0;0;0;44;1;0;0.0;5.0;0;2;0;0;5.0;2;0;48;0;43.2;0;0;40;0;3;2;2;0;3;2;3;2;0.0;0.0
0;32;0;0;0;0;40.333333333333336;0;1;3;0;0;0;0;0;41;0;0;0.0;6.0;45;2;1;31;6.0;3;41;0;0;39.0;0;0;0;0;3;2;2;0;3;2;3;2;2.0;32.0
37;0;0;0;0;2;36.0;0;0;0;0;0;0;0;0;38;0;0;0.0;0.0;0;1;0;0;0.0;0;0;0;0;0.0;0;0;0;0;3;2;2;0;3;2;3;2;2.0;37.0
0;0;0;0;0;0;37.06666666666667;0;0;4;0;0;0;0;0;40;1;0;0.0;10.0;0;2;1;0;10.0;4;30;40;33;33.2;1;0;31;0;3;2;2;0;3;2;3;2;0.0;0.0
44;0;0;0;0;1;34.6;0;0;4;0;0;0;0;0;37;1;0;3.0;10.0;0;1;1;0;7.0;3;30;38;30;29.8;1;0;24;1;3;2;2;0;3;2;3;2;3.0;44.0
