NOTA_EI_OP_AII;NOTA_GES_CAL_VAL_SOFT;NOTA_EI_OP_CI;NOTA_SIS_OP;VECES_EI_OP_AII;VECES_SIS_OP;NOTA_ING_ECONOMICA;VECES_EI_OP_CI;NAC_OCHO;VECES_GES_CAL_VAL_SOFT;VECES_EI_OP_AI;NOTA_REDES_COM_TRES;NCC_OCHO;NOTA_EI_OP_BII;VECES_EI_OP_BII;NOTA_EI_OP_AI;VECES_EI_OP_BI;CAR_OCHO;VECES_DIS_ARQ_SOFT;NOTA_CIBERNETICA_TRES;NAP_OCHO;NOTA_DIS_ARQ_SOFT;VECES_ING_ECONOMICA;EPA_OCHO;NCP_OCHO;NCA_OCHO;NAA_OCHO;CREDITOS_EI_OP_AII;CREDITOS_EI_OP_CI;CREDITOS_EI_OP_BII;CREDITOS_SIS_OP;CREDITOS_GES_CAL_VAL_SOFT;PROMEDIO_SIETE;PROMEDIO_TRES;PROMEDIO_CINCO;PROMEDIO_SEIS;RENDIMIENTO_NUEVE;PROMEDIO_NUEVE
0.0;35.0;44.0;35.0;0;1;39.0;1;6;1;1;39.0;16.0;44.0;1;45.0;1;0;1;46.0;0;48.0;1;2;0.0;16.0;6;3;3;3;3;3;36.68421052631579;31.111111111666666;37.8421052631579;38.55555555555556;2.0;39.5
36.0;49.0;42.0;36.5;1;2;36.0;1;6;1;2;41.0;16.0;42.0;1;23.5;1;1;1;45.0;1;45.0;1;2;3.0;13.0;5;3;3;3;3;3;40.473684210526315;31.638888888333334;33.131578946842104;40.333333333333336;3.0;41.1
0.0;40.0;35.0;34.0;0;1;39.0;1;7;1;1;46.0;18.0;41.0;1;45.0;1;0;1;41.0;0;46.0;1;2;0.0;18.0;7;3;3;3;3;3;38.5;37.55555555555556;36.94736842105263;41.0;2.0;37.5
0.0;49.0;40.0;39.0;0;1;41.0;1;6;1;1;40.0;16.0;46.0;2;45.0;1;0;1;42.0;0;45.0;1;2;0.0;16.0;6;3;3;3;3;3;44.05263157894737;36.666666666666664;38.31578947368421;43.27777777777778;3.0;43.5
0.0;43.0;45.0;46.0;0;1;48.0;1;6;1;2;45.0;16.0;45.5;2;23.0;1;1;1;42.0;1;48.0;1;2;3.0;13.0;5;3;3;3;3;3;41.421052631578945;35.5;40.10526315789474;42.72222222222222;3.0;44.875
0.0;46.0;45.0;46.0;0;1;40.0;1;6;1;2;45.0;16.0;45.5;2;23.0;1;1;1;43.0;1;47.0;1;2;3.0;13.0;5;3;3;3;3;3;41.68421052631579;33.666666666666664;35.73684210526316;40.888888888888886;4.0;45.625
0.0;38.0;45.0;46.0;0;1;32.0;1;7;1;1;43.0;18.0;39.5;3;43.0;1;0;1;46.0;0;46.0;1;2;0.0;18.0;7;3;3;3;3;3;42.05263157894737;36.52777777777778;37.63157894736842;39.72222222222222;3.0;42.125
0.0;33.0;35.0;41.0;0;1;37.0;1;6;1;1;44.0;16.0;41.0;1;44.0;1;0;1;44.0;0;42.0;1;2;0.0;16.0;6;3;3;3;3;3;39.10526315789474;36.30555555555556;33.526315789473685;38.388888888888886;2.0;37.5
0.0;40.0;36.0;36.0;0;1;39.0;1;6;1;1;36.0;16.0;32.5;2;43.0;1;0;1;48.0;0;47.0;1;2;0.0;16.0;6;3;3;3;3;3;39.10526315789474;36.22222222222222;35.60526315789474;35.87037037;2.0;36.125
46.0;44.0;45.0;46.0;1;1;36.0;1;7;1;1;43.0;18.0;43.0;1;45.0;1;0;1;44.0;0;50.0;1;2;0.0;18.0;7;3;3;3;3;3;41.94736842105263;35.22222222222222;33.578947368421055;39.888888888888886;3.0;44.8
0.0;36.0;39.0;48.0;0;1;38.0;1;7;1;1;48.0;18.0;40.0;1;41.0;2;1;1;44.0;1;44.0;1;2;3.0;15.0;6;3;3;3;3;3;39.10526315789474;34.638888888888886;36.10526315789474;39.166666666666664;3.0;40.75
0.0;45.0;34.0;37.0;0;1;39.0;1;5;1;1;48.0;13.0;50.0;1;47.0;0;0;1;48.0;0;46.0;1;2;0.0;13.0;5;3;3;3;3;3;41.05263157894737;37.583333333333336;39.473684210526315;37.861111111111114;3.0;41.5
0.0;38.0;45.0;47.0;0;1;30.0;1;6;1;2;46.0;16.0;47.0;2;23.0;1;1;1;46.0;1;48.0;1;2;3.0;13.0;5;3;3;3;3;3;40.31578947368421;35.77777777777778;36.71052631578947;35.111111111111114;3.0;44.25
48.0;0.0;0.0;0.0;1;0;36.0;0;2;0;1;0.0;5.0;0.0;0;24.0;0;0;0;0.0;1;0.0;1;1;3.0;2.0;1;3;3;3;3;3;35.142857142857146;30.718749999375;31.392857142857142;36.53333333333333;4.0;48.0
46.0;39.0;34.0;50.0;1;1;37.0;1;5;1;1;46.0;13.0;0.0;0;46.0;0;0;1;46.0;0;45.0;1;2;0.0;13.0;5;3;3;3;3;3;41.0;36.47222222222222;39.78947368421053;37.583333333333336;3.0;42.25
0.0;44.0;43.0;46.0;0;1;40.0;1;6;1;1;46.0;16.0;39.0;1;42.0;1;0;1;44.0;0;49.0;1;2;0.0;16.0;6;3;3;3;3;3;42.26315789473684;35.02777777777778;38.31578947368421;41.72222222222222;3.0;43.0
0.0;34.0;35.0;41.0;0;1;38.0;1;6;1;1;44.0;16.0;41.0;1;44.0;1;0;1;43.0;0;39.0;1;2;0.0;16.0;6;3;3;3;3;3;38.89473684210526;38.5;36.21052631631579;40.166666666666664;2.0;37.75
0.0;41.0;30.0;35.0;0;1;45.0;1;7;1;1;30.0;18.0;40.0;1;41.0;1;0;1;45.0;0;43.0;1;2;0.0;18.0;7;3;3;3;3;3;37.8421052631579;34.083333333333336;39.0;41.333333333333336;2.0;36.5
0.0;40.0;32.0;48.0;0;1;35.0;1;7;1;2;47.0;18.0;41.0;1;21.0;1;2;1;44.0;1;46.0;2;2;3.0;15.0;6;3;3;3;3;3;39.0;31.916666666666668;35.078947368421055;40.0;3.0;40.25
0.0;45.0;45.0;44.0;0;1;50.0;1;6;1;1;38.0;16.0;44.5;2;44.0;1;0;1;49.0;0;44.0;1;2;0.0;16.0;6;3;3;3;3;3;44.73684210526316;37.27777777777778;40.1578947368421;42.388888888888886;3.0;44.625
49.0;34.0;44.0;50.0;1;1;37.0;1;6;1;1;37.0;16.0;40.0;1;44.0;1;0;1;44.0;0;44.0;1;2;0.0;16.0;6;3;3;3;3;3;42.31578947368421;36.77777777777778;39.8421052631579;41.833333333333336;3.0;43.4
0.0;48.0;45.0;44.0;0;1;44.0;1;5;1;1;45.0;13.0;0.0;0;34.0;0;0;1;45.0;0;49.0;1;2;0.0;13.0;5;3;3;3;3;3;39.8421052631579;32.583333333333336;33.39473684210526;40.666666666666664;4.0;45.666666666666664
48.0;0.0;0.0;0.0;1;0;33.0;0;1;0;0;0.0;2.0;0.0;0;0.0;0;0;0;0.0;0;0.0;1;2;0.0;2.0;1;3;3;3;3;3;23.6;27.916666666666668;37.09090909;25.96296296222222;4.0;48.0
0.0;45.0;46.0;48.0;0;1;50.0;1;6;1;1;38.0;16.0;44.0;1;46.0;1;0;1;50.0;0;49.0;1;2;0.0;16.0;6;3;3;3;3;3;44.89473684210526;39.05555555555556;41.26315789473684;44.0;4.0;45.75
0.0;48.0;41.0;36.0;0;1;37.0;1;6;1;1;43.0;16.0;46.5;2;30.0;1;0;1;42.0;0;44.0;1;2;0.0;16.0;6;3;3;3;3;3;38.63157894736842;36.138888888888886;35.078947368421055;38.416666666666664;3.0;42.875
0.0;49.0;18.66666667;38.0;0;1;31.0;3;6;1;2;40.0;16.0;38.0;2;23.0;1;2;1;36.5;1;32.0;1;2;3.0;13.0;5;3;3;3;3;3;37.0625;30.555555555555557;27.000000001052634;38.833333333333336;2.0;35.9166666675
50.0;0.0;0.0;0.0;1;0;0.0;0;0;0;0;0.0;0.0;0.0;0;0.0;0;0;0;0.0;0;0.0;0;1;0.0;0.0;0;3;3;3;3;3;0.0;0.0;0.0;0.0;4.0;50.0
47.0;39.0;45.0;46.0;1;1;33.0;1;6;1;1;41.0;16.0;39.0;1;47.0;1;0;1;43.0;0;42.0;1;2;0.0;16.0;6;3;3;3;3;3;40.1578947368421;40.55555555555556;40.63157894736842;41.833333333333336;3.0;43.2
0.0;41.0;44.0;36.0;0;1;38.0;1;6;1;1;47.0;16.0;43.0;1;43.0;1;0;1;42.0;0;44.0;1;2;0.0;16.0;6;3;3;3;3;3;40.63157894736842;33.638888888888886;35.026315789473685;41.888888888888886;3.0;41.0
0.0;44.0;42.0;35.0;0;1;35.0;1;6;1;1;44.0;16.0;39.0;1;43.0;1;0;1;44.0;0;48.0;1;2;0.0;16.0;6;3;3;3;3;3;41.73684210526316;37.94444444444444;36.73684210526316;40.94444444444444;2.0;40.0
50.0;38.0;38.0;30.0;1;1;40.0;1;6;1;1;43.0;16.0;39.0;1;43.0;1;0;1;43.0;0;42.0;1;2;0.0;16.0;6;3;3;3;3;3;38.89473684210526;33.888888888888886;37.81578947368421;38.166666666666664;2.0;39.0
0.0;39.0;45.0;47.0;0;1;48.0;1;6;1;2;46.0;16.0;41.0;1;35.0;1;1;1;49.0;0;45.0;1;2;0.0;16.0;6;3;3;3;3;3;44.26315789473684;38.333333333333336;37.578947368421055;42.333333333333336;3.0;43.0
0.0;34.0;44.0;47.0;0;1;30.0;1;6;1;2;46.0;16.0;45.0;2;36.5;1;1;1;44.0;0;47.0;1;2;0.0;16.0;6;3;3;3;3;3;42.421052631578945;35.50000000055556;37.89473684210526;42.0;3.0;42.5
45.0;0.0;0.0;0.0;1;0;9.0;0;1;0;0;0.0;2.0;0.0;0;0.0;0;0;0;0.0;1;0.0;1;1;2.0;0.0;0;3;3;3;3;3;0.0;20.791666666666668;17.571428571428573;26.857142857142858;3.0;45.0
50.0;39.0;34.0;46.0;1;1;49.0;1;6;1;1;38.0;16.0;41.0;1;44.0;1;0;1;44.0;0;46.0;1;2;0.0;16.0;6;3;3;3;3;3;39.473684210526315;36.388888888888886;37.68421052631579;41.833333333333336;3.0;42.0
0.0;37.0;43.0;48.0;0;1;50.0;1;6;1;1;38.0;16.0;39.0;1;46.0;1;0;1;48.0;0;43.0;1;2;0.0;16.0;6;3;3;3;3;3;41.421052631578945;34.19444444444444;37.31578947368421;38.44444444444444;3.0;41.75
0.0;42.0;42.0;35.0;0;1;34.0;1;6;1;1;46.0;16.0;44.0;2;43.0;1;0;1;44.0;0;45.0;1;2;0.0;16.0;6;3;3;3;3;3;40.10526315789474;34.888888888888886;36.578947368421055;39.111111111111114;3.0;40.75
0.0;34.0;36.0;34.0;0;1;45.0;1;6;1;1;37.0;16.0;37.0;2;43.0;1;0;1;46.0;0;45.0;1;2;0.0;16.0;6;3;3;3;3;3;42.526315789473685;36.833333333333336;38.973684210526315;42.166666666666664;2.0;35.25
50.0;0.0;0.0;0.0;1;0;0.0;0;0;0;0;0.0;0.0;0.0;0;0.0;0;0;0;0.0;0;0.0;0;1;0.0;0.0;0;3;3;3;3;3;0.0;31.6;0.0;0.0;4.0;50.0
0.0;38.0;42.0;43.0;0;1;35.0;1;6;1;1;45.0;16.0;39.0;1;42.0;1;0;1;45.0;0;46.0;1;2;0.0;16.0;6;3;3;3;3;3;40.526315789473685;34.666666666666664;38.36842105263158;41.0;3.0;40.5
0.0;30.0;32.0;41.0;0;1;33.0;1;6;1;1;42.0;16.0;38.0;1;41.0;1;0;1;42.0;0;47.0;1;2;0.0;16.0;6;3;3;3;3;3;39.89473684210526;37.94444444444444;34.94736842105263;41.27777777777778;2.0;35.25
0.0;33.0;43.0;40.0;0;1;44.0;1;6;1;1;38.0;16.0;39.0;1;44.0;1;0;1;42.0;0;50.0;1;2;0.0;16.0;6;3;3;3;3;3;42.10526315789474;32.166666666666664;36.26315789473684;39.77777777777778;2.0;38.75
0.0;48.0;37.0;23.5;0;2;43.0;1;6;1;1;38.0;16.0;2.4;5;42.0;1;0;1;42.0;0;45.0;1;2;0.0;16.0;6;3;3;3;3;3;34.877192982105264;34.416666666666664;34.421052631578945;37.55555555555556;1.0;27.724999999999998
0.0;0.0;39.0;0.0;0;0;30.0;1;5;0;1;0.0;14.0;47.0;1;43.0;1;1;1;34.0;1;41.0;2;2;3.0;11.0;4;3;3;3;3;3;37.3;34.111111111111114;35.81578947368421;37.2;3.0;43.0
0.0;39.0;49.0;38.0;0;1;33.0;1;6;1;1;44.0;16.0;39.0;1;42.0;1;0;1;44.0;0;49.0;1;2;0.0;16.0;6;3;3;3;3;3;43.1578947368421;39.611111111111114;38.31578947368421;40.888888888888886;3.0;41.25
0.0;43.0;44.0;40.0;0;1;44.0;1;6;1;1;48.0;16.0;39.0;1;46.0;1;0;1;45.0;0;49.0;1;2;0.0;16.0;6;3;3;3;3;3;41.578947368421055;39.22222222222222;39.78947368421053;45.44444444444444;3.0;41.5
0.0;32.0;41.0;31.0;0;1;35.0;2;6;1;1;35.0;16.0;35.0;1;40.0;1;0;1;47.0;0;49.0;1;2;0.0;16.0;6;3;3;3;3;3;34.0;36.69444444444444;36.78947368421053;33.72222222222222;2.0;34.75
0.0;41.0;49.0;44.0;0;1;41.0;1;6;1;1;47.0;16.0;47.0;1;46.0;1;0;1;50.0;0;49.0;1;2;0.0;16.0;6;3;3;3;3;3;45.94736842105263;43.333333333333336;44.78947368421053;45.0;4.0;45.25
0.0;41.0;45.0;45.0;0;1;35.0;1;6;1;1;46.0;16.0;44.0;2;43.0;1;0;1;45.0;0;48.0;1;2;0.0;16.0;6;3;3;3;3;3;41.36842105263158;36.166666666666664;37.6578947368421;36.611111111111114;3.0;43.75
35.0;42.0;49.0;49.0;1;1;39.0;1;6;1;1;47.0;16.0;48.0;1;46.0;1;0;1;50.0;0;49.0;1;2;0.0;16.0;6;3;3;3;3;3;46.05263157894737;39.833333333333336;41.421052631578945;44.44444444444444;3.0;44.6
0.0;45.0;41.0;40.0;0;1;33.0;1;6;1;2;43.0;16.0;40.0;1;29.0;3;2;1;44.0;2;42.0;1;2;6.0;10.0;4;3;3;3;3;3;37.166666666666664;33.666666666666664;34.55263157894737;37.44444444444444;3.0;41.5
0.0;40.0;39.0;31.0;0;1;30.5;2;6;1;1;36.0;16.0;40.0;1;36.0;1;1;1;42.0;0;47.0;2;2;0.0;16.0;6;3;3;3;3;3;38.45614035052632;31.52777777888889;36.421052631578945;40.19444444444444;2.0;37.5
40.0;40.0;45.0;46.0;1;1;41.0;1;6;1;1;42.0;16.0;45.0;1;39.0;1;0;1;47.0;0;47.0;1;2;0.0;16.0;6;3;3;3;3;3;43.36842105263158;33.305555555;39.0;40.77777777777778;3.0;43.2
0.0;33.5;23.5;43.0;0;1;19.0;2;5;2;1;35.0;13.0;0.0;0;42.0;0;1;1;42.0;1;33.0;2;2;2.0;11.0;4;3;3;3;3;3;34.23684210526316;34.916666666666664;36.578947368421055;33.10185185222222;2.0;33.333333333333336
0.0;33.0;45.0;35.0;0;1;33.0;1;6;1;1;41.0;16.0;37.0;1;30.0;1;0;1;44.0;0;30.0;1;2;0.0;16.0;6;3;3;3;3;3;40.21052631578947;35.05555555555556;35.89473684263158;34.52777777777778;2.0;37.5
0.0;48.0;45.0;38.0;0;1;46.0;1;5;1;1;38.0;13.0;0.0;0;44.0;0;0;1;41.0;0;48.0;1;2;0.0;13.0;5;3;3;3;3;3;40.78947368421053;38.94444444444444;35.31578947368421;40.5;3.0;43.666666666666664
0.0;38.0;45.0;41.0;0;1;42.0;1;5;1;1;38.0;13.0;50.0;1;46.0;0;0;1;41.0;0;44.0;1;2;0.0;13.0;5;3;3;3;3;3;40.63157894736842;38.22222222222222;37.3421052631579;41.833333333333336;3.0;43.5
0.0;36.0;33.0;41.0;0;1;28.0;1;6;2;1;31.0;16.0;42.0;2;46.0;1;1;1;33.0;1;42.0;2;2;2.0;14.0;5;3;3;3;3;3;36.526315789473685;38.22222222222222;30.42105263157895;39.111111111111114;2.0;38.0
0.0;50.0;40.0;43.0;0;1;42.0;1;6;1;1;48.0;16.0;44.0;1;42.0;1;0;1;42.0;0;50.0;1;2;0.0;16.0;6;3;3;3;3;3;43.578947368421055;40.166666666666664;37.28947368421053;43.388888888888886;3.0;44.25
0.0;39.0;45.0;45.0;0;1;38.0;1;5;1;1;48.0;13.0;0.0;0;46.0;0;0;1;50.0;0;45.0;1;2;0.0;13.0;5;3;3;3;3;3;42.421052631578945;39.44444444444444;37.26315789473684;42.666666666666664;3.0;43.0
48.0;38.0;45.0;40.0;1;1;41.0;1;6;1;2;43.0;16.0;36.0;1;28.0;1;1;1;46.0;1;46.0;1;2;3.0;13.0;5;3;3;3;3;3;40.73684210526316;31.833333334444447;35.94736842105263;36.388888888888886;3.0;41.4
0.0;45.0;45.0;45.0;0;1;46.0;1;5;1;1;36.0;13.0;0.0;0;45.0;0;0;1;42.0;0;46.0;1;2;0.0;13.0;5;3;3;3;3;3;43.63157894736842;38.05555555555556;40.31578947368421;41.888888888888886;3.0;45.0
0.0;50.0;43.0;41.0;0;1;41.0;1;6;1;1;48.0;16.0;44.0;1;43.0;1;0;1;43.0;0;50.0;1;2;0.0;16.0;6;3;3;3;3;3;41.578947368421055;40.77777777777778;37.18421052631579;40.666666666666664;3.0;44.5
0.0;49.0;30.0;33.0;0;1;25.5;1;5;1;1;35.0;13.0;0.0;0;46.0;0;2;1;18.0;2;43.0;2;2;4.0;9.0;3;3;3;3;3;3;41.26315789473684;35.27777777777778;39.421052631578945;40.111111111111114;2.0;37.333333333333336
0.0;43.0;35.0;32.0;0;1;37.0;1;6;1;1;39.0;16.0;9.0;3;43.0;3;2;1;23.5;2;44.0;1;2;5.0;11.0;4;3;3;3;3;3;35.06666666666667;34.52777777777778;29.57894736842105;33.155555555999996;1.0;29.75
0.0;26.5;46.0;33.0;0;2;30.0;1;5;2;1;35.0;13.0;0.0;0;30.0;0;0;1;40.0;0;41.0;1;2;0.0;13.0;5;3;3;3;3;3;36.8421052631579;32.49999999944444;33.48684210526316;37.166666666666664;2.0;35.166666666666664
0.0;46.0;45.0;40.0;0;1;48.0;1;6;1;1;45.0;16.0;43.0;1;40.0;1;0;1;47.0;0;38.0;1;2;0.0;16.0;6;3;3;3;3;3;41.68421052631579;31.13888888888889;34.1578947368421;40.666666666666664;3.0;43.5
0.0;37.0;42.0;43.0;0;1;31.0;1;5;1;1;46.0;13.0;49.0;1;38.0;0;0;1;35.0;0;48.0;1;2;0.0;13.0;5;3;3;3;3;3;43.94736842105263;35.944444445;36.60526315789474;41.77777777777778;3.0;42.75
34.0;38.0;42.0;37.0;1;1;34.0;1;5;1;1;36.0;13.0;47.0;1;41.0;0;1;1;43.0;0;48.0;2;2;0.0;13.0;5;3;3;3;3;3;41.10526315789474;36.166666666666664;36.71052631578947;38.833333333333336;2.0;39.6
45.0;34.0;41.0;36.0;1;1;34.0;1;5;1;1;45.0;13.0;0.0;0;41.0;0;0;1;45.0;0;49.0;1;2;0.0;13.0;5;3;3;3;3;3;37.9375;35.55555555555556;38.421052631578945;36.94444444444444;2.0;39.0
0.0;43.0;43.0;41.0;0;1;32.0;1;6;1;1;45.0;16.0;39.0;1;43.0;1;0;1;45.0;0;50.0;1;2;0.0;16.0;6;3;3;3;3;3;42.421052631578945;33.833333333333336;39.5;44.111111111111114;3.0;41.5
0.0;35.0;30.0;37.0;0;1;32.5;1;5;1;1;31.0;13.0;0.0;0;40.0;0;1;1;38.0;0;43.0;2;2;0.0;13.0;5;3;3;3;3;3;37.0;35.94444444444444;35.05263157894737;39.22222222222222;2.0;34.0
0.0;41.0;41.0;48.0;0;1;39.0;1;6;1;1;38.0;16.0;45.0;2;44.0;1;0;1;44.0;0;45.0;1;2;0.0;16.0;6;3;3;3;3;3;40.05263157894737;37.77777777777778;32.89473684210526;41.77777777777778;3.0;43.75
41.0;0.0;0.0;0.0;1;0;41.0;0;2;0;3;0.0;5.0;0.0;0;12.33333333;0;1;0;0.0;1;0.0;1;1;3.0;2.0;1;3;3;3;3;3;43.25;32.27777777833333;35.15384615384615;30.7;3.0;41.0
46.0;39.0;41.0;32.0;1;2;30.0;1;5;1;1;48.0;13.0;0.0;0;30.0;0;0;1;44.0;0;40.0;1;2;0.0;13.0;5;3;3;3;3;3;39.73684210526316;33.611111110555555;37.10526315789474;37.166666666666664;2.0;39.5
0.0;48.0;45.0;45.0;0;1;39.0;1;6;1;1;49.0;16.0;43.0;1;45.0;1;0;1;44.0;0;50.0;1;2;0.0;16.0;6;3;3;3;3;3;43.68421052631579;38.52777777777778;38.94736842105263;41.833333333333336;4.0;45.25
0.0;41.0;44.0;46.0;0;1;41.0;1;6;1;1;41.0;16.0;44.0;1;43.0;1;0;1;49.0;0;47.0;1;2;0.0;16.0;6;3;3;3;3;3;43.89473684210526;45.27777777777778;41.10526315789474;43.333333333333336;3.0;43.75
0.0;42.0;44.0;36.0;0;1;32.0;1;6;1;1;47.0;16.0;46.0;2;43.0;1;0;1;50.0;0;46.0;1;2;0.0;16.0;6;3;3;3;3;3;42.26315789473684;39.166666666666664;39.63157894736842;44.72222222222222;3.0;42.0
46.0;38.0;42.0;41.0;1;1;35.0;1;6;1;1;41.0;16.0;46.5;2;43.0;1;0;1;42.0;0;47.0;1;2;0.0;16.0;6;3;3;3;3;3;39.421052631578945;35.77777777777778;36.13157894736842;38.833333333333336;3.0;42.7
0.0;44.0;35.0;39.0;0;1;37.0;1;6;1;1;40.0;16.0;39.0;1;41.0;1;0;1;44.0;0;50.0;1;2;0.0;16.0;6;3;3;3;3;3;37.23684210526316;31.187500000625;32.05263157894737;40.388888888888886;2.0;39.25
0.0;39.0;42.0;46.0;0;1;37.0;1;6;1;1;41.0;16.0;29.5;2;43.0;1;0;1;49.0;0;46.0;1;2;0.0;16.0;6;3;3;3;3;3;41.63157894736842;34.75;36.05263157894737;37.666666666666664;2.0;39.125
40.0;37.0;43.0;38.0;1;1;20.5;1;6;1;1;48.0;16.0;43.5;2;35.0;1;1;1;44.0;1;32.0;2;2;2.0;14.0;5;3;3;3;3;3;37.94736842105263;31.52777777777778;35.05263157842105;37.55555555555556;3.0;40.3
0.0;43.0;42.0;41.0;0;1;33.0;1;6;1;1;40.0;16.0;38.0;1;43.0;1;0;1;42.0;0;47.0;1;2;0.0;16.0;6;3;3;3;3;3;40.31578947368421;35.166666666666664;35.526315789473685;37.888888888888886;3.0;41.0
0.0;46.0;44.0;50.0;0;1;36.0;1;6;1;1;43.0;16.0;41.0;1;43.0;1;0;1;48.0;0;48.0;1;2;0.0;16.0;6;3;3;3;3;3;44.10526315789474;34.47222222222222;39.26315789473684;45.833333333333336;4.0;45.25
0.0;34.0;45.0;33.0;0;1;39.0;1;5;2;0;45.0;13.0;0.0;0;0.0;1;0;1;45.0;0;48.0;1;2;0.0;13.0;5;3;3;3;3;3;37.05263157894737;32.666666666666664;35.86842105263158;35.52777777777778;2.0;37.333333333333336
49.0;37.0;45.0;47.0;1;1;47.0;1;5;1;1;50.0;13.0;0.0;0;46.0;0;0;1;49.0;0;48.0;1;2;0.0;13.0;5;3;3;3;3;3;44.21052631578947;36.833333333333336;38.473684210526315;40.166666666666664;3.0;44.5
0.0;47.0;45.0;50.0;0;1;44.0;1;6;1;1;48.0;16.0;45.0;1;44.0;1;0;1;49.0;0;50.0;1;2;0.0;16.0;6;3;3;3;3;3;47.473684210526315;41.611111111111114;43.421052631578945;44.72222222222222;4.0;46.75
47.0;35.0;41.0;0.0;1;0;46.0;1;4;1;1;0.0;11.0;46.0;1;42.0;0;0;1;40.0;0;40.0;1;2;0.0;11.0;4;3;3;3;3;3;41.3125;29.384615384615383;33.6764705882353;34.9375;3.0;42.25
0.0;43.0;42.0;30.0;0;1;37.0;1;6;1;1;33.0;16.0;46.0;1;42.0;1;0;1;45.0;0;48.0;1;2;0.0;16.0;6;3;3;3;3;3;36.54385964947368;32.47222222222222;29.078947367894738;38.72222222222222;3.0;40.25
0.0;47.0;44.0;50.0;0;1;42.0;1;6;1;1;46.0;16.0;41.0;1;43.0;1;0;1;49.0;0;50.0;1;2;0.0;16.0;6;3;3;3;3;3;44.36842105263158;38.166666666666664;37.31578947368421;42.0;4.0;45.5
49.0;43.0;44.0;48.0;1;1;30.0;1;5;1;1;45.0;13.0;0.0;0;46.0;0;0;1;46.0;0;47.0;1;2;0.0;13.0;5;3;3;3;3;3;44.578947368421055;37.333333333333336;36.421052631578945;44.5;4.0;46.0
9.0;47.0;44.0;50.0;2;1;41.0;1;6;1;1;43.0;16.0;33.0;1;37.0;1;0;1;48.0;0;47.0;1;2;0.0;16.0;6;3;3;3;3;3;43.26315789473684;34.888888888888886;37.21052631578947;41.72222222222222;2.0;36.6
0.0;44.0;41.0;37.0;0;1;47.0;1;5;1;1;35.0;13.0;49.0;1;44.0;0;0;1;41.0;0;43.0;1;2;0.0;13.0;5;3;3;3;3;3;43.05263157894737;36.47222222222222;40.1578947368421;38.166666666666664;3.0;42.75
0.0;34.5;45.0;37.0;0;1;33.0;1;6;2;1;35.0;16.0;30.0;1;40.0;1;0;1;42.0;0;39.0;1;2;0.0;16.0;6;3;3;3;3;3;36.421052631578945;33.69444444444444;34.8421052631579;37.05555555555556;2.0;36.625
41.0;37.0;43.0;41.0;1;1;45.0;1;6;1;1;48.0;16.0;42.0;1;44.0;1;0;1;49.0;0;41.0;1;2;0.0;16.0;6;3;3;3;3;3;41.0;33.05555555555556;37.94736842105263;42.27777777777778;3.0;40.8
0.0;40.0;41.5;47.0;0;1;41.0;2;6;1;1;46.0;16.0;41.0;1;42.0;1;0;1;45.0;0;46.0;1;2;0.0;16.0;6;3;3;3;3;3;41.31578947368421;37.388888888888886;39.05263157894737;43.27777777777778;3.0;42.375
0.0;36.0;42.0;37.0;0;1;33.0;1;6;1;1;46.0;16.0;44.0;1;44.0;1;0;1;46.0;0;48.0;1;2;0.0;16.0;6;3;3;3;3;3;42.473684210526315;37.22222222222222;37.05263157894737;37.388888888888886;2.0;39.75
0.0;38.0;43.0;38.0;0;1;31.0;1;5;2;1;39.0;13.0;50.0;1;33.0;0;0;1;44.0;0;45.0;1;2;0.0;13.0;5;3;3;3;3;3;39.73684210526316;36.166666666666664;34.68421052631579;41.166666666666664;3.0;42.25
40.0;46.0;45.0;48.0;1;1;45.0;1;6;1;1;50.0;16.0;46.0;1;44.0;1;0;1;44.0;0;47.0;1;2;0.0;16.0;6;3;3;3;3;3;39.05263157894737;40.22222222222222;44.1578947368421;44.0;3.0;45.0
37.0;0.0;26.0;20.0;1;1;14.5;1;1;0;0;0.0;2.0;0.0;0;0.0;0;1;0;0.0;1;0.0;2;1;2.0;0.0;0;3;3;3;3;3;33.4;34.916666666666664;33.875;36.53846153846154;1.0;27.666666666666668
0.0;38.0;43.0;43.0;0;1;30.0;1;6;1;1;39.0;16.0;40.0;1;42.0;1;1;1;34.0;0;47.0;2;2;0.0;16.0;6;3;3;3;3;3;41.73684210526316;35.0;36.1578947368421;43.333333333333336;3.0;41.0
0.0;35.0;40.0;46.0;0;1;30.0;1;6;1;1;46.0;16.0;46.0;1;39.0;1;0;1;43.0;0;49.0;1;2;0.0;16.0;6;3;3;3;3;3;42.73684210526316;34.0;35.68421052631579;40.0;3.0;41.75
0.0;42.5;42.0;23.5;0;2;34.0;1;5;2;1;32.0;13.0;0.0;0;44.0;0;0;1;40.0;0;44.0;1;2;0.0;13.0;5;3;3;3;3;3;35.1875;32.94444444444444;37.10526315789474;38.05555555555556;2.0;36.0
40.0;43.0;43.0;47.0;1;1;33.0;1;6;1;1;46.0;16.0;38.0;1;30.0;1;0;1;37.0;0;45.0;1;2;0.0;16.0;6;3;3;3;3;3;38.63157894736842;35.55555555555556;36.39473684210526;37.55555555555556;3.0;42.2
0.0;38.0;42.0;42.0;0;1;40.0;1;6;1;1;42.0;16.0;40.0;1;42.0;1;0;1;40.0;0;47.0;1;2;0.0;16.0;6;3;3;3;3;3;41.21052631578947;34.666666666666664;35.26315789473684;41.77777777777778;3.0;40.5
41.0;31.5;45.0;35.0;1;1;34.0;1;5;2;1;38.0;13.0;49.0;1;44.0;0;0;1;44.0;0;44.0;1;2;0.0;13.0;5;3;3;3;3;3;39.36842105263158;36.361111111111114;38.36842105263158;37.0;3.0;40.3
49.0;32.0;41.0;42.0;1;1;43.0;1;5;1;1;38.0;13.0;0.0;0;42.0;0;0;1;47.0;0;46.0;1;2;0.0;13.0;5;3;3;3;3;3;40.63157894736842;32.80555555555556;39.55263157894737;37.97222222222222;3.0;41.0
49.0;44.0;42.0;47.0;1;1;43.0;1;6;1;1;40.0;16.0;43.0;1;46.0;1;0;1;44.0;0;47.0;1;2;0.0;16.0;6;3;3;3;3;3;43.36842105263158;38.333333333333336;41.0;45.388888888888886;3.0;45.0
0.0;46.0;43.0;49.0;0;1;44.0;1;5;1;1;50.0;13.0;0.0;0;46.0;0;0;1;41.0;0;50.0;1;2;0.0;13.0;5;3;3;3;3;3;45.526315789473685;36.388888888888886;38.26315789473684;45.888888888888886;4.0;46.0
42.0;32.0;45.0;32.5;1;2;37.0;1;6;1;1;43.0;16.0;9.0;3;44.0;1;0;1;48.0;0;50.0;1;2;0.0;16.0;6;3;3;3;3;3;38.473684210526315;30.97222222222222;35.26315789473684;41.02777777777778;2.0;32.1
0.0;38.0;42.0;38.0;0;1;41.0;1;5;1;1;35.0;13.0;0.0;0;40.0;0;0;1;40.0;0;44.0;1;2;0.0;13.0;5;3;3;3;3;3;39.4375;31.805555555555557;31.157894736842106;35.611111111111114;2.0;39.333333333333336
0.0;49.0;40.0;47.0;0;1;42.0;1;6;1;1;47.0;16.0;47.0;2;43.0;1;0;1;37.0;0;48.0;1;2;0.0;16.0;6;3;3;3;3;3;41.26315789473684;33.55555555555556;40.89473684210526;38.05555555555556;4.0;45.75
0.0;41.0;40.0;42.0;0;1;32.0;1;6;1;1;36.0;16.0;37.75;3;30.0;1;0;1;36.0;0;30.0;1;2;0.0;16.0;6;3;3;3;3;3;41.421052631578945;35.416666666666664;33.078947368421055;38.111111111111114;3.0;40.1875
0.0;38.0;35.0;37.0;0;1;42.0;1;6;1;1;40.0;16.0;43.5;2;45.0;1;0;1;44.0;0;44.0;1;2;0.0;16.0;6;3;3;3;3;3;43.89473684210526;32.638888888888886;38.68421052631579;38.833333333333336;2.0;38.375
50.0;0.0;0.0;0.0;1;0;0.0;0;0;0;0;0.0;0.0;0.0;0;0.0;0;0;0;0.0;0;0.0;0;1;0.0;0.0;0;3;3;3;3;3;0.0;0.0;0.0;0.0;4.0;50.0
47.0;46.0;50.0;46.0;1;1;43.0;1;5;1;1;48.0;13.0;0.0;0;44.0;0;0;1;45.0;0;50.0;1;2;0.0;13.0;5;3;3;3;3;3;45.10526315789474;36.94444444444444;39.10526315789474;45.611111111111114;4.0;47.25
0.0;35.0;45.0;48.0;0;1;30.0;1;6;1;1;48.0;16.0;33.0;1;43.0;1;0;1;48.0;0;46.0;1;2;0.0;16.0;6;3;3;3;3;3;41.63157894736842;35.52777777777778;35.526315789473685;43.77777777777778;3.0;40.25
0.0;40.0;40.0;45.0;0;1;38.0;1;6;1;1;47.0;16.0;45.5;2;42.0;1;0;1;45.0;0;47.0;1;2;0.0;16.0;6;3;3;3;3;3;40.94736842105263;37.5;38.26315789473684;42.22222222222222;3.0;42.625
0.0;49.0;45.0;48.0;0;1;42.0;1;6;1;1;47.0;16.0;45.5;2;43.0;1;0;1;45.0;0;50.0;1;2;0.0;16.0;6;3;3;3;3;3;42.89473684210526;35.833333333333336;36.5;37.888888888888886;4.0;46.875
0.0;47.0;45.0;34.0;0;1;35.0;1;6;1;1;49.0;16.0;47.5;2;38.0;1;0;1;45.0;0;50.0;1;2;0.0;16.0;6;3;3;3;3;3;42.473684210526315;35.72222222222222;40.36842105263158;41.111111111111114;3.0;43.375
0.0;49.0;45.0;30.0;0;1;45.0;1;6;1;1;50.0;16.0;42.5;2;43.0;1;0;1;43.0;0;50.0;1;2;0.0;16.0;6;3;3;3;3;3;41.78947368421053;34.638888889444445;36.55263157894737;38.20370370333333;3.0;41.625
0.0;35.0;44.0;42.0;0;1;34.5;1;5;1;1;48.0;13.0;50.0;1;44.0;0;1;1;46.0;0;44.0;2;2;0.0;13.0;5;3;3;3;3;3;38.63157894736842;34.833333333333336;35.05263157894737;38.388888888888886;3.0;42.75
0.0;49.0;44.0;41.0;0;1;32.0;1;6;1;1;38.0;16.0;48.0;2;44.0;1;0;1;44.0;0;49.0;1;2;0.0;16.0;6;3;3;3;3;3;38.21052631578947;30.333333333333332;33.89473684210526;40.97222222222222;4.0;45.5
30.0;41.0;28.5;42.0;1;1;38.0;2;5;1;1;42.0;13.0;0.0;0;40.0;0;0;1;39.0;0;46.0;1;2;0.0;13.0;5;3;3;3;3;3;38.111111111111114;35.19444444444444;38.1578947368421;43.44444444444444;2.0;35.375
0.0;32.0;42.0;31.0;0;1;40.0;1;5;1;1;42.0;13.0;0.0;0;43.0;0;0;1;47.0;0;46.0;1;2;0.0;13.0;5;3;3;3;3;3;41.611111111111114;34.83333333388889;37.28947368421053;37.388888888888886;2.0;35.0
0.0;0.0;0.0;30.0;0;1;30.0;0;2;0;0;31.0;4.0;0.0;0;0.0;0;0;0;0.0;0;0.0;1;2;0.0;4.0;2;3;3;3;3;3;19.0625;31.944444444444443;27.941176470588236;32.666666666666664;1.0;30.0
45.0;46.0;42.0;35.0;1;1;32.0;1;6;1;1;42.0;16.0;33.0;2;40.0;1;0;1;41.0;0;46.0;1;2;0.0;16.0;6;3;3;3;3;3;39.473684210526315;33.22222222222222;35.31578947368421;37.55555555555556;3.0;40.2
32.0;32.0;34.0;24.5;2;2;32.0;1;3;1;0;42.0;6.0;0.0;0;0.0;0;1;0;26.0;1;0.0;1;2;2.0;4.0;2;3;3;3;3;3;38.53846153846154;33.5;35.285714285714285;35.5;2.0;30.625
42.0;47.0;40.0;34.0;1;1;31.0;1;5;1;1;48.0;13.0;0.0;0;0.0;0;0;1;43.0;1;32.0;1;1;3.0;10.0;4;3;3;3;3;3;38.53333333333333;32.25;33.578947368421055;41.333333333333336;3.0;40.75
0.0;45.0;41.0;36.0;0;1;44.0;1;5;1;1;47.0;13.0;0.0;0;41.0;0;0;1;38.0;0;32.0;1;2;0.0;13.0;5;3;3;3;3;3;37.06666666666667;32.44444444444444;39.078947368421055;38.03333333333333;3.0;40.666666666666664
35.0;0.0;32.0;30.0;1;1;20.0;1;5;0;1;32.5;12.0;43.5;2;40.0;1;1;0;42.0;1;0.0;1;2;2.0;10.0;4;3;3;3;3;3;40.30769230769231;35.44444444444444;40.285714285714285;38.733333333333334;2.0;35.125
0.0;28.66666667;0.0;41.0;0;1;25.0;2;3;3;2;46.0;7.0;12.0;3;23.0;0;2;0;0.0;2;0.0;2;2;5.0;2.0;1;3;3;3;3;3;36.38461538461539;35.888888888888886;31.75;34.93333333333333;1.0;20.4166666675
0.0;39.0;44.0;42.0;0;1;30.0;1;6;1;1;46.0;16.0;42.0;1;34.0;1;0;1;41.0;0;46.0;1;2;0.0;16.0;6;3;3;3;3;3;41.36842105263158;34.05555555611111;39.68421052631579;41.666666666666664;3.0;41.75
0.0;38.0;40.0;38.0;0;1;32.0;1;5;1;2;39.0;13.0;0.0;0;29.5;0;2;1;25.0;2;40.0;1;2;5.0;8.0;3;3;3;3;3;3;38.26315789473684;36.416666666666664;35.1578947368421;38.22222222222222;2.0;38.666666666666664
0.0;36.0;40.0;39.0;0;1;46.0;1;6;1;1;50.0;16.0;46.0;2;38.0;1;0;1;45.0;0;49.0;1;2;0.0;16.0;6;3;3;3;3;3;43.0;37.388888888888886;39.31578947368421;41.888888888888886;3.0;40.25
31.0;34.0;45.0;39.0;1;1;30.0;1;5;1;1;36.0;13.0;0.0;0;37.0;0;0;1;45.0;0;48.0;1;2;0.0;13.0;5;3;3;3;3;3;40.89473684210526;33.111111111111114;38.78947368421053;40.666666666666664;2.0;37.25
45.0;42.0;44.0;47.0;1;1;35.0;1;5;1;1;43.0;13.0;0.0;0;31.0;0;0;1;41.0;0;45.0;1;2;0.0;13.0;5;3;3;3;3;3;42.26315789473684;24.416666666111112;39.55263157894737;39.333333333333336;3.0;44.5
0.0;40.0;43.0;46.0;0;1;40.0;1;5;1;1;48.0;13.0;0.0;0;35.0;0;0;1;46.0;0;50.0;1;2;0.0;13.0;5;3;3;3;3;3;43.1578947368421;35.138888888888886;37.526315789473685;43.5;3.0;43.0
0.0;0.0;12.0;0.0;0;0;39.0;1;2;0;2;0.0;5.0;0.0;0;13.5;0;1;0;0.0;1;0.0;1;1;3.0;2.0;1;3;3;3;3;3;39.142857142857146;31.5;23.823529411705884;32.76923076923077;1.0;12.0
0.0;0.0;40.0;0.0;0;0;41.0;1;3;0;0;47.0;8.0;0.0;0;0.0;0;0;1;0.0;0;34.0;1;2;0.0;8.0;3;3;3;3;3;3;34.53846153846154;34.52777777777778;35.88235294117647;34.03333333333333;2.0;40.0
0.0;47.0;37.0;34.0;0;1;42.0;1;5;1;1;45.0;13.0;48.0;1;47.0;0;0;1;44.0;0;42.0;1;2;0.0;13.0;5;3;3;3;3;3;39.1578947368421;35.5;35.578947368421055;38.55555555555556;3.0;41.5
50.0;0.0;0.0;0.0;1;0;0.0;0;0;0;0;0.0;0.0;0.0;0;0.0;0;0;0;0.0;0;0.0;0;1;0.0;0.0;0;3;3;3;3;3;0.0;0.0;0.0;0.0;4.0;50.0
50.0;0.0;0.0;0.0;1;0;0.0;0;0;0;0;0.0;0.0;0.0;0;0.0;0;0;0;0.0;0;0.0;0;1;0.0;0.0;0;3;3;3;3;3;0.0;0.0;0.0;0.0;4.0;50.0
0.0;50.0;46.0;38.0;0;1;47.0;1;6;1;1;43.0;16.0;45.0;1;47.0;1;0;1;50.0;0;50.0;1;2;0.0;16.0;6;3;3;3;3;3;44.0;32.30555555555556;39.421052631578945;38.111111111111114;3.0;44.75
0.0;42.0;41.0;45.0;0;1;29.5;1;5;1;1;38.0;13.0;48.0;1;40.0;0;1;1;30.0;1;48.0;2;2;2.0;11.0;4;3;3;3;3;3;40.31578947368421;33.24999999944444;32.55263157894737;39.05555555555556;3.0;44.0
0.0;44.0;45.0;40.0;0;1;45.0;1;5;1;1;47.0;13.0;0.0;0;45.0;0;0;1;44.0;0;50.0;1;2;0.0;13.0;5;3;3;3;3;3;46.10526315789474;38.833333333333336;39.68421052631579;42.833333333333336;3.0;43.0
0.0;37.0;41.0;26.5;0;2;32.5;1;5;1;1;37.0;13.0;46.0;1;45.0;0;1;1;42.0;0;43.0;2;2;0.0;13.0;5;3;3;3;3;3;40.5;31.333333333888888;32.078947368421055;37.06666666666667;2.0;37.625
49.0;49.0;45.0;47.0;1;1;45.0;1;6;1;1;50.0;16.0;37.0;1;45.0;1;0;1;48.0;0;50.0;1;2;0.0;16.0;6;3;3;3;3;3;46.421052631578945;36.666666666666664;41.78947368421053;44.388888888888886;4.0;45.4
0.0;45.0;45.0;48.0;0;1;38.0;1;6;1;1;47.0;16.0;40.0;1;40.0;1;0;1;50.0;0;49.0;1;2;0.0;16.0;6;3;3;3;3;3;41.63157894736842;39.388888888888886;43.68421052631579;43.0;3.0;44.5
0.0;0.0;34.0;34.0;0;1;41.0;1;4;0;1;42.0;9.0;41.0;1;44.0;0;0;0;42.0;0;0.0;1;2;0.0;9.0;4;3;3;3;3;3;36.06666666666667;31.13888888888889;32.57142857142857;32.43333333333333;2.0;36.333333333333336
0.0;42.0;45.0;44.0;0;1;34.0;1;6;1;1;41.0;16.0;40.0;1;43.0;1;0;1;50.0;0;46.0;1;2;0.0;16.0;6;3;3;3;3;3;41.36842105263158;34.361111111111114;36.73684210526316;38.388888888888886;3.0;42.75
0.0;35.0;45.0;46.0;0;1;39.0;1;5;1;1;48.0;13.0;0.0;0;45.0;0;0;1;50.0;0;50.0;1;2;0.0;13.0;5;3;3;3;3;3;46.89473684210526;36.861111111111114;37.078947368421055;40.44444444444444;3.0;42.0
45.0;44.0;50.0;45.0;1;1;42.0;1;5;1;1;50.0;13.0;0.0;0;45.0;0;0;1;50.0;0;50.0;1;2;0.0;13.0;5;3;3;3;3;3;44.05263157894737;37.72222222222222;41.21052631578947;46.111111111111114;4.0;46.0
0.0;48.0;50.0;45.0;0;1;41.0;1;6;1;1;47.0;16.0;36.0;1;42.0;1;0;1;50.0;0;45.0;1;2;0.0;16.0;6;3;3;3;3;3;42.94736842105263;37.94444444444444;42.73684210526316;42.55555555555556;3.0;44.75
0.0;44.0;40.0;50.0;0;1;30.0;1;6;1;1;47.0;16.0;42.0;1;44.0;1;0;1;47.0;0;46.0;1;2;0.0;16.0;6;3;3;3;3;3;41.421052631578945;39.833333333333336;38.578947368421055;43.166666666666664;3.0;44.0
47.0;36.0;37.0;38.0;1;1;29.0;1;6;1;1;36.0;16.0;44.0;2;45.0;1;1;1;36.0;1;45.0;2;2;2.0;14.0;5;3;3;3;3;3;40.473684210526315;33.138888888888886;36.94736842105263;36.611111111111114;3.0;40.4
0.0;41.0;44.0;46.0;0;1;40.0;1;5;1;1;48.0;13.0;0.0;0;43.0;0;0;1;46.0;0;49.0;1;2;0.0;13.0;5;3;3;3;3;3;43.21052631578947;36.388888888888886;38.578947368421055;42.166666666666664;3.0;43.666666666666664
0.0;31.0;39.0;36.0;0;1;45.0;1;6;1;1;36.0;16.0;36.0;1;45.0;1;0;1;36.0;0;30.0;1;2;0.0;16.0;6;3;3;3;3;3;40.10526315789474;36.44444444444444;35.73684210526316;38.333333333333336;2.0;35.5
0.0;34.0;45.0;44.0;0;1;43.0;1;6;1;1;42.0;16.0;41.0;1;46.0;1;0;1;47.0;0;49.0;1;2;0.0;16.0;6;3;3;3;3;3;42.421052631578945;34.05555555555556;36.94736842105263;38.94444444444444;3.0;41.0
0.0;42.0;45.0;33.0;0;1;44.0;1;6;1;1;39.0;16.0;44.0;1;35.0;1;0;1;45.0;0;42.0;1;2;0.0;16.0;6;3;3;3;3;3;39.73684210526316;33.52777777777778;38.31578947368421;39.333333333333336;3.0;41.0
34.0;46.0;44.0;38.0;1;1;35.0;1;6;1;1;48.0;16.0;44.0;1;45.0;1;0;1;40.0;0;48.0;1;2;0.0;16.0;6;3;3;3;3;3;39.73684210526316;34.75;38.10526315789474;41.5;3.0;41.2
30.0;41.0;42.0;43.0;1;1;44.0;1;6;1;1;44.0;16.0;43.0;1;46.0;1;0;1;46.0;0;45.0;1;2;0.0;16.0;6;3;3;3;3;3;43.421052631578945;36.083333333333336;35.578947368421055;40.55555555555556;2.0;39.8
0.0;44.0;44.0;39.0;0;1;50.0;1;6;1;1;44.0;16.0;45.0;1;46.0;1;0;1;46.0;0;46.0;1;2;0.0;16.0;6;3;3;3;3;3;43.0;35.166666666666664;39.63157894736842;42.5;3.0;43.0
0.0;36.0;40.0;40.0;0;1;37.0;1;6;1;1;37.0;16.0;40.0;1;50.0;1;0;1;40.0;0;34.0;1;2;0.0;16.0;6;3;3;3;3;3;39.473684210526315;32.083333333333336;36.94736842105263;37.55555555555556;2.0;39.0
46.0;36.0;42.0;34.0;1;1;39.0;1;5;1;2;37.0;13.0;0.0;0;31.5;0;2;1;21.5;1;41.0;1;2;2.0;11.0;4;3;3;3;3;3;38.73684210526316;36.55555555555556;36.26315789473684;40.888888888888886;2.0;39.5
0.0;46.0;45.0;44.0;0;1;50.0;1;6;1;1;46.0;16.0;44.0;1;40.0;1;0;1;45.0;0;46.0;1;2;0.0;16.0;6;3;3;3;3;3;42.10526315789474;35.611111111111114;41.473684210526315;44.111111111111114;3.0;44.75
0.0;35.0;37.0;47.0;0;1;36.0;1;5;1;2;37.0;13.0;0.0;0;23.0;0;2;1;38.0;1;47.0;2;2;3.0;10.0;4;3;3;3;3;3;31.433333333333334;29.96296296444445;32.526315789473685;39.0;2.0;39.666666666666664
0.0;46.0;46.0;22.5;0;2;33.0;1;5;1;1;35.0;13.0;0.0;0;33.0;0;2;2;15.5;1;35.5;1;2;2.0;11.0;4;3;3;3;3;3;39.0;31.555555555555557;34.44736842105263;34.74074074111112;2.0;38.166666666666664
0.0;45.0;41.0;42.0;0;1;35.0;1;6;1;1;37.0;16.0;30.0;1;37.0;1;0;1;42.0;0;47.0;1;2;0.0;16.0;6;3;3;3;3;3;40.125;30.750000000555556;36.21052631578947;40.5;2.0;39.5
49.0;44.0;46.0;34.0;1;1;42.0;1;6;1;1;41.0;16.0;34.0;1;41.0;1;0;1;40.0;0;49.0;1;2;0.0;16.0;6;3;3;3;3;3;40.6875;31.555555555555557;33.421052631578945;41.333333333333336;3.0;41.4
0.0;34.0;40.0;37.0;0;1;46.0;1;6;1;1;41.0;16.0;40.0;1;41.0;1;0;1;32.0;0;50.0;1;2;0.0;16.0;6;3;3;3;3;3;43.05263157894737;32.916666666666664;38.0;39.666666666666664;2.0;37.75
43.0;37.0;35.0;35.0;1;1;45.0;1;6;1;1;46.0;16.0;45.0;1;33.0;1;0;1;46.0;0;50.0;1;2;0.0;16.0;6;3;3;3;3;3;43.73684210526316;39.22222222222222;37.78947368421053;40.94444444444444;2.0;39.0
30.0;36.0;44.0;38.0;1;1;47.0;1;6;1;1;49.0;16.0;43.0;1;47.0;1;0;1;46.0;0;50.0;1;2;0.0;16.0;6;3;3;3;3;3;45.94736842105263;40.77777777777778;42.8421052631579;46.44444444444444;2.0;38.2
0.0;37.0;44.0;45.0;0;1;36.5;1;5;1;1;43.0;13.0;0.0;0;44.0;0;1;1;44.0;0;47.0;2;2;0.0;13.0;5;3;3;3;3;3;44.94736842105263;39.611111111111114;36.8421052631579;39.611111111111114;3.0;42.0
40.0;42.0;44.0;38.0;1;1;48.0;1;6;1;1;46.0;16.0;45.0;1;47.0;1;0;1;46.0;0;50.0;1;2;0.0;16.0;6;3;3;3;3;3;45.21052631578947;39.55555555555556;41.31578947368421;43.55555555555556;3.0;41.8
35.0;46.0;44.0;45.0;1;1;41.0;1;5;1;1;47.0;13.0;0.0;0;40.0;0;0;1;46.0;0;50.0;1;2;0.0;13.0;5;3;3;3;3;3;44.63157894736842;39.05555555555556;42.94736842105263;46.72222222222222;3.0;42.5
0.0;39.0;45.0;38.0;0;1;39.0;1;6;1;1;46.0;16.0;43.0;1;40.0;1;0;1;44.0;0;48.0;1;2;0.0;16.0;6;3;3;3;3;3;43.10526315789474;36.111111111111114;37.421052631578945;44.55555555555556;3.0;41.25
0.0;32.0;36.0;42.0;0;1;41.0;1;5;1;1;46.0;13.0;43.0;1;44.0;0;0;1;44.0;0;48.0;1;2;0.0;13.0;5;3;3;3;3;3;40.73684210526316;33.166666666666664;37.421052631578945;38.05555555555556;2.0;38.25
0.0;33.0;38.0;31.0;0;1;43.0;1;5;1;1;0.0;14.0;0.0;0;0.0;1;2;3;23.0;3;20.66666667;1;1;9.0;5.0;2;3;3;3;3;3;36.86666666666667;34.375;31.657894736842106;36.166666666666664;2.0;34.0
49.0;30.0;0.0;0.0;1;0;45.0;0;1;1;0;0.0;2.0;0.0;0;0.0;0;0;0;0.0;0;0.0;1;2;0.0;2.0;1;3;3;3;3;3;19.0;30.33333333222222;31.318181818181817;14.5;2.0;39.5
0.0;39.0;41.0;37.0;0;1;36.0;1;6;1;1;41.0;16.0;18.5;2;40.0;1;0;1;40.0;0;47.0;1;2;0.0;16.0;6;3;3;3;3;3;40.421052631578945;35.888888888888886;36.86842105263158;40.388888888888886;2.0;33.875
41.0;34.0;44.0;45.0;1;1;46.0;1;6;1;1;41.0;16.0;45.5;2;45.0;1;0;1;41.0;0;36.0;1;2;0.0;16.0;6;3;3;3;3;3;41.421052631578945;33.333333333333336;38.3421052631579;40.22222222222222;3.0;41.9
0.0;44.0;44.0;45.0;0;1;47.0;1;5;1;1;48.0;13.0;0.0;0;50.0;0;0;1;45.0;0;48.0;1;2;0.0;13.0;5;3;3;3;3;3;44.78947368421053;38.611111111111114;40.26315789473684;44.888888888888886;3.0;44.333333333333336
49.0;45.0;45.0;47.0;1;1;47.0;1;6;1;1;50.0;16.0;45.0;1;43.0;1;0;1;47.0;0;50.0;1;2;0.0;16.0;6;3;3;3;3;3;45.26315789473684;37.77777777777778;45.05263157894737;40.05555555555556;4.0;46.2
0.0;26.5;37.0;45.0;0;1;30.0;1;6;2;1;40.0;16.0;0.0;1;33.0;1;0;1;36.0;0;43.0;1;2;0.0;16.0;6;3;3;3;3;3;37.611111111111114;33.22222222222222;32.21052631526316;41.72222222222222;1.0;27.125
0.0;0.0;40.0;0.0;0;1;10.0;1;4;0;1;5.0;11.0;0.0;0;37.0;0;1;1;0.0;2;48.0;2;2;4.0;7.0;2;3;3;3;3;3;29.2;33.28125;33.031250000625;33.194444444999995;1.0;20.0
0.0;43.0;32.0;45.0;0;1;32.0;1;5;1;1;37.0;13.0;0.0;0;40.0;0;0;1;46.0;0;36.0;1;2;0.0;13.0;5;3;3;3;3;3;35.5625;27.63888888888889;34.94736842105263;35.53333333333333;2.0;40.0
49.0;14.5;35.0;32.0;1;1;27.0;1;6;2;2;34.0;16.0;39.5;2;27.0;1;2;1;41.0;2;45.0;4;2;5.0;11.0;4;3;3;3;3;3;34.94736842105263;34.27777777777778;36.26315789473684;33.08333333388889;2.0;34.0
0.0;48.0;45.0;32.0;0;1;48.0;1;5;1;1;48.0;13.0;0.0;0;50.0;0;0;1;33.0;0;48.0;1;2;0.0;13.0;5;3;3;3;3;3;43.31578947368421;36.94444444444444;37.578947368421055;39.5;3.0;41.666666666666664
0.0;39.0;43.0;40.0;0;1;50.0;1;5;1;1;44.0;13.0;0.0;0;44.0;0;0;1;34.0;0;50.0;1;2;0.0;13.0;5;3;3;3;3;3;45.94736842105263;34.80555555555556;39.526315789473685;43.44444444444444;3.0;40.666666666666664
0.0;38.0;40.0;42.0;0;1;48.0;1;6;1;1;45.0;16.0;40.5;2;45.0;1;0;1;40.0;0;47.0;1;2;0.0;16.0;6;3;3;3;3;3;42.63157894736842;34.44444444444444;38.94736842105263;40.888888888888886;3.0;40.125
0.0;44.0;50.0;39.0;0;1;47.0;1;6;1;1;47.0;16.0;43.0;1;44.0;1;0;1;49.0;0;49.0;1;2;0.0;16.0;6;3;3;3;3;3;43.73684210526316;37.55555555555556;39.68421052631579;41.77777777777778;3.0;44.0
0.0;40.0;35.0;46.0;0;1;34.0;1;5;1;1;33.0;13.0;0.0;0;34.0;0;0;1;41.0;0;48.0;1;2;0.0;13.0;5;3;3;3;3;3;39.68421052631579;39.5;37.73684210526316;41.72222222222222;3.0;40.333333333333336
0.0;48.0;42.0;40.0;0;1;40.0;1;6;1;1;37.0;16.0;43.0;1;35.0;1;0;1;40.0;0;37.0;1;2;0.0;16.0;6;3;3;3;3;3;41.36842105263158;33.0;36.89473684210526;37.22222222222222;3.0;43.25
0.0;38.0;42.0;43.0;0;1;37.0;1;6;1;1;43.0;16.0;44.5;2;44.0;1;0;1;40.0;0;45.0;1;2;0.0;16.0;6;3;3;3;3;3;41.21052631578947;34.888888888888886;37.473684210526315;39.166666666666664;3.0;41.875
0.0;31.0;46.0;30.0;0;1;26.66666667;1;6;1;1;50.0;16.0;40.0;2;39.0;1;1;1;40.0;1;44.0;3;2;2.0;14.0;5;3;3;3;3;3;39.05263157894737;32.361111111111114;35.526315789473685;38.111111111111114;2.0;36.75
36.0;39.0;44.0;41.0;1;1;50.0;1;5;1;1;45.0;13.0;0.0;0;40.0;0;0;1;49.0;0;49.0;1;2;0.0;13.0;5;3;3;3;3;3;46.10526315789474;38.44444444444444;42.473684210526315;45.611111111111114;2.0;40.0
0.0;35.0;44.0;47.0;0;1;45.0;1;5;1;1;49.0;13.0;0.0;0;47.0;0;0;1;45.0;0;50.0;1;2;0.0;13.0;5;3;3;3;3;3;44.78947368421053;38.333333333333336;39.05263157894737;46.05555555555556;3.0;42.0
0.0;0.0;46.0;28.0;0;2;25.0;1;1;0;0;0.0;2.0;33.0;1;0.0;0;1;0;0.0;1;0.0;2;1;2.0;0.0;0;3;3;3;3;3;36.166666666666664;30.75;34.875;32.46666666666667;2.0;35.666666666666664
40.0;43.0;43.0;35.0;1;1;50.0;1;6;1;1;39.0;16.0;47.0;2;50.0;1;0;1;35.0;0;48.0;1;2;0.0;16.0;6;3;3;3;3;3;42.578947368421055;36.111111111111114;38.26315789473684;41.666666666666664;3.0;41.6
0.0;35.0;44.0;43.0;0;1;46.0;1;5;1;1;46.0;13.0;0.0;0;50.0;0;0;1;45.0;0;50.0;1;2;0.0;13.0;5;3;3;3;3;3;44.578947368421055;36.833333333333336;39.1578947368421;41.833333333333336;3.0;40.666666666666664
0.0;44.0;38.0;40.0;0;1;32.0;1;6;1;1;43.0;16.0;39.0;1;30.0;1;0;1;50.0;0;44.0;1;2;0.0;16.0;6;3;3;3;3;3;39.10526315789474;34.72222222222222;38.421052631578945;40.888888888888886;3.0;40.25
0.0;47.0;39.0;39.0;0;1;37.0;1;6;1;1;40.0;16.0;40.0;1;41.0;1;0;1;45.0;0;43.0;1;2;0.0;16.0;6;3;3;3;3;3;43.89473684210526;36.80555555555556;38.78947368421053;42.888888888888886;3.0;41.25
0.0;37.0;38.0;32.0;0;1;24.0;1;6;1;1;39.0;16.0;43.0;2;47.0;1;1;1;49.0;1;47.0;2;2;2.0;14.0;5;3;3;3;3;3;40.73684210526316;36.388888888888886;36.578947368421055;39.55555555555556;2.0;37.5
0.0;42.0;44.0;42.0;0;1;43.0;1;5;1;1;48.0;13.0;0.0;0;47.0;0;0;1;49.0;0;50.0;1;2;0.0;13.0;5;3;3;3;3;3;44.73684210526316;35.388888888888886;41.1578947368421;46.166666666666664;3.0;42.666666666666664
30.0;35.0;40.0;18.5;1;2;32.0;1;5;1;2;47.0;13.0;0.0;0;9.0;0;1;1;42.0;1;49.0;1;2;3.0;10.0;4;3;3;3;3;3;37.09259259277778;35.638888888888886;36.31578947368421;35.916666666666664;2.0;30.875
0.0;39.0;46.0;42.0;0;1;29.5;1;6;1;1;43.0;16.0;39.0;1;45.0;1;1;1;32.0;1;48.0;2;2;2.0;14.0;5;3;3;3;3;3;38.92592592555556;32.05555555555556;35.578947368421055;38.55555555555556;3.0;41.5
0.0;46.0;42.0;38.0;0;1;50.0;1;5;1;1;44.0;13.0;0.0;0;44.0;0;0;1;43.0;0;49.0;1;2;0.0;13.0;5;3;3;3;3;3;42.68421052631579;34.388888888888886;39.05263157894737;41.5;3.0;42.0
0.0;16.0;31.0;31.0;0;1;37.0;1;4;2;2;38.0;11.0;0.0;0;16.5;0;2;2;0.0;2;25.5;1;1;7.0;4.0;2;3;3;3;3;3;39.05263157894737;29.944444444444443;36.94736842105263;38.638888888888886;1.0;26.0
0.0;30.0;33.0;33.0;0;1;30.0;1;6;1;1;34.0;16.0;33.5;3;39.0;1;1;2;36.0;1;24.5;1;2;4.0;12.0;5;3;3;3;3;3;38.31578947368421;33.83333333388889;34.1578947368421;36.638888888888886;2.0;32.375
0.0;42.0;34.0;42.0;0;1;35.0;1;6;1;1;34.0;16.0;30.0;1;46.0;1;0;1;34.0;0;47.0;1;2;0.0;16.0;6;3;3;3;3;3;38.0;38.888888888888886;37.86842105263158;39.666666666666664;2.0;37.0
0.0;48.0;50.0;34.0;0;1;35.0;1;6;1;1;40.0;16.0;44.0;1;50.0;1;1;1;39.0;0;48.0;2;2;0.0;16.0;6;3;3;3;3;3;42.473684210526315;35.80555555555556;38.68421052631579;41.833333333333336;3.0;44.0
0.0;41.0;50.0;33.0;0;1;34.0;1;5;1;1;42.0;13.0;0.0;0;30.0;0;0;1;42.0;0;47.0;1;2;0.0;13.0;5;3;3;3;3;3;42.68421052631579;32.611111111111114;36.94736842105263;38.0;3.0;41.333333333333336
0.0;47.0;44.0;41.0;0;1;49.0;1;5;1;1;49.0;13.0;0.0;0;40.0;0;0;1;43.0;0;44.0;1;2;0.0;13.0;5;3;3;3;3;3;42.166666666666664;39.44444444444444;40.8421052631579;42.27777777777778;3.0;44.0
0.0;39.0;44.0;38.0;0;1;37.0;1;5;1;1;46.0;13.0;46.0;1;45.0;0;0;1;41.0;0;36.0;1;2;0.0;13.0;5;3;3;3;3;3;44.26315789473684;36.833333333333336;36.63157894736842;39.9375;3.0;41.75
0.0;45.0;44.0;41.0;0;1;42.0;1;6;1;1;44.0;16.0;41.5;2;30.0;1;1;2;34.0;0;35.0;1;2;0.0;16.0;6;3;3;3;3;3;42.10526315789474;33.55555555555556;37.6578947368421;39.388888888888886;3.0;42.875
0.0;48.0;46.0;32.0;0;1;37.0;1;6;1;1;49.0;16.0;42.5;2;43.0;1;0;1;47.0;0;47.0;1;2;0.0;16.0;6;3;3;3;3;3;41.0;37.111111111111114;34.55263157894737;40.72222222222222;3.0;42.125
0.0;48.0;45.0;26.0;0;2;40.0;1;6;1;2;38.0;16.0;35.0;3;28.5;1;2;2;43.0;2;24.0;1;2;7.0;9.0;4;3;3;3;3;3;37.77777777777778;35.27777777777778;33.8421052631579;34.888888888888886;2.0;38.5
0.0;35.0;38.0;38.0;0;1;28.5;1;3;1;0;43.0;8.0;43.0;1;0.0;0;2;2;0.0;2;24.5;2;2;6.0;2.0;1;3;3;3;3;3;33.111110000000004;34.0;37.8421052631579;29.27777777777778;2.0;38.5
0.0;42.0;45.0;45.0;0;1;39.0;1;5;1;1;45.0;13.0;47.0;1;45.0;0;0;1;45.0;0;37.0;1;2;0.0;13.0;5;3;3;3;3;3;44.89473684210526;37.333333333333336;39.473684210526315;41.611111111111114;3.0;44.75
0.0;45.0;43.0;43.0;0;1;48.0;1;5;1;1;47.0;13.0;49.0;1;45.0;0;0;1;45.0;0;38.0;1;2;0.0;13.0;5;3;3;3;3;3;45.1578947368421;37.94444444444444;38.21052631578947;41.77777777777778;3.0;45.0
0.0;34.0;45.0;40.0;0;1;40.0;1;6;1;1;50.0;16.0;40.5;2;30.0;1;0;1;38.0;0;48.0;1;2;0.0;16.0;6;3;3;3;3;3;41.578947368421055;33.47222222222222;37.10526315789474;37.72222222222222;2.0;39.875
0.0;48.0;33.0;44.0;0;1;30.0;1;6;1;1;30.0;16.0;30.0;1;44.0;1;1;2;43.0;0;36.0;1;2;0.0;16.0;6;3;3;3;3;3;40.9375;33.916666666666664;36.315789474210526;38.52777777777778;2.0;38.75
43.0;45.0;46.0;40.0;1;1;45.0;1;6;1;1;44.0;16.0;39.5;2;48.0;1;0;1;41.0;0;48.0;1;2;0.0;16.0;6;3;3;3;3;3;44.10526315789474;34.22222222222222;39.421052631578945;43.111111111111114;3.0;42.7
0.0;47.0;32.0;28.0;0;2;37.0;1;5;1;1;31.0;13.0;0.0;0;38.0;0;0;1;36.0;0;38.0;1;2;0.0;13.0;5;3;3;3;3;3;36.733333333333334;34.888888888888886;32.3421052631579;36.22222222222222;2.0;35.666666666666664
0.0;41.0;40.0;40.0;0;1;25.5;1;5;1;1;40.0;13.0;0.0;0;33.0;0;1;1;41.0;1;46.0;2;2;2.0;11.0;4;3;3;3;3;3;35.0625;35.312500000625;38.6578947368421;39.94444444444444;3.0;40.333333333333336
50.0;0.0;0.0;0.0;1;0;0.0;0;0;0;0;0.0;0.0;0.0;0;0.0;0;0;0;0.0;0;0.0;0;1;0.0;0.0;0;3;3;3;3;3;0.0;30.0;0.0;0.0;4.0;50.0
0.0;41.0;41.0;38.0;0;1;39.0;1;6;1;1;50.0;16.0;38.0;1;44.0;1;0;1;43.0;0;39.0;1;2;0.0;16.0;6;3;3;3;3;3;39.63157894736842;33.611111111111114;38.421052631578945;42.72222222222222;2.0;39.5
0.0;0.0;29.5;28.5;0;2;34.5;2;1;0;0;0.0;2.0;0.0;0;0.0;0;1;0;0.0;0;0.0;2;2;0.0;2.0;1;3;3;3;3;3;38.6875;35.416666666666664;32.117647059411766;33.63333333333333;1.0;29.0
50.0;0.0;0.0;0.0;1;0;0.0;0;0;0;0;0.0;0.0;0.0;0;0.0;0;0;0;0.0;0;0.0;0;1;0.0;0.0;0;3;3;3;3;3;0.0;6.6;0.0;0.0;4.0;50.0
0.0;48.0;46.0;42.0;0;1;34.0;1;6;1;1;50.0;16.0;39.0;1;48.0;1;0;1;41.0;0;36.0;1;2;0.0;16.0;6;3;3;3;3;3;40.473684210526315;36.80555555555556;32.921052632105265;43.55555555555556;3.0;43.75
0.0;0.0;3.5;22.5;0;2;39.0;2;1;0;0;0.0;2.0;0.0;0;0.0;0;0;0;0.0;0;0.0;1;2;0.0;2.0;1;3;3;3;3;3;41.0;29.333333333888888;38.0;29.4;1.0;13.0
0.0;31.0;44.0;40.0;0;1;38.0;1;6;1;1;44.0;16.0;39.0;1;48.0;1;0;1;45.0;0;32.0;1;2;0.0;16.0;6;3;3;3;3;3;38.0;35.55555555611111;38.1578947368421;43.0;2.0;38.5
45.0;50.0;42.0;38.0;1;1;39.0;1;5;1;1;47.0;13.0;0.0;0;41.0;0;0;1;46.0;0;40.0;1;2;0.0;13.0;5;3;3;3;3;3;39.89473684210526;34.72222222222222;41.1578947368421;43.94444444444444;3.0;43.75
0.0;50.0;43.0;44.0;0;1;42.0;1;5;1;1;46.0;13.0;0.0;0;41.0;0;0;1;44.0;0;47.0;1;2;0.0;13.0;5;3;3;3;3;3;41.21052631578947;35.77777777777778;36.3421052631579;44.05555555555556;4.0;45.666666666666664
49.0;36.0;46.0;30.0;1;1;25.0;1;4;1;1;0.0;12.0;42.0;1;33.0;1;1;1;0.0;1;46.0;2;2;2.0;10.0;3;3;3;3;3;3;34.333333333333336;31.666666667222223;34.578947368421055;37.611111111111114;3.0;40.6
0.0;50.0;42.0;38.0;0;1;39.0;1;5;1;1;45.0;13.0;0.0;0;41.0;0;0;1;39.0;0;50.0;1;2;0.0;13.0;5;3;3;3;3;3;41.05263157894737;34.388888888888886;38.73684210526316;44.333333333333336;3.0;43.333333333333336
0.0;40.0;27.0;23.0;0;2;34.0;3;5;1;1;38.0;13.0;36.0;1;31.0;0;1;2;39.0;1;24.0;1;2;4.0;9.0;4;3;3;3;3;3;37.4;32.1875;32.26315789473684;36.6;2.0;31.5
0.0;0.0;0.0;30.0;0;1;38.0;0;3;0;0;0.0;7.0;0.0;0;0.0;1;1;0;5.0;1;0.0;1;1;2.0;5.0;2;3;3;3;3;3;36.0;27.694444445000002;31.678571428571427;33.266666666666666;1.0;30.0
0.0;31.0;44.0;42.0;0;1;36.0;1;5;1;1;0.0;14.0;30.0;1;45.0;1;1;2;36.0;0;37.5;1;2;0.0;14.0;5;3;3;3;3;3;37.388888888888886;35.166666666666664;33.88235294117647;39.0;2.0;36.75
36.0;28.0;43.0;33.0;1;1;42.0;1;6;2;1;39.0;16.0;46.0;1;45.0;1;0;1;40.0;0;46.0;1;2;0.0;16.0;6;3;3;3;3;3;37.05555555555556;32.19444444444444;35.375;40.666666666666664;2.0;37.2
0.0;41.0;43.0;40.0;0;1;31.0;1;6;1;1;48.0;16.0;44.0;1;46.0;1;0;1;50.0;0;47.0;1;2;0.0;16.0;6;3;3;3;3;3;44.1578947368421;34.888888888888886;39.26315789473684;42.05555555555556;3.0;42.0
0.0;45.0;39.0;32.0;0;1;31.0;1;6;1;1;45.0;16.0;0.0;0;34.0;2;2;2;41.0;2;27.0;1;2;7.0;9.0;4;3;3;3;3;3;36.5;32.22222222222222;34.078947368421055;37.333333333333336;2.0;38.666666666666664
50.0;47.0;46.0;40.0;1;1;39.0;1;5;1;1;38.0;13.0;50.0;1;35.0;0;0;1;40.0;0;47.0;1;2;0.0;13.0;5;3;3;3;3;3;41.875;38.44444444444444;37.89473684210526;41.72222222222222;4.0;46.6
0.0;47.0;43.0;40.0;0;1;41.0;1;6;1;1;35.0;16.0;39.0;1;47.0;1;0;1;40.0;0;48.0;1;2;0.0;16.0;6;3;3;3;3;3;39.71052631578947;36.916666666666664;38.63157894736842;40.0;3.0;42.25
50.0;0.0;0.0;0.0;1;0;0.0;0;0;0;0;0.0;0.0;0.0;0;0.0;0;0;0;0.0;0;0.0;0;1;0.0;0.0;0;3;3;3;3;3;0.0;0.0;0.0;0.0;4.0;50.0
0.0;43.0;46.0;45.0;0;1;46.0;1;6;1;1;48.0;16.0;44.0;1;46.0;1;0;1;47.0;0;48.0;1;2;0.0;16.0;6;3;3;3;3;3;45.63157894736842;40.22222222222222;43.05263157894737;45.77777777777778;3.0;44.5
24.0;0.0;0.0;12.0;2;1;0.0;0;3;0;0;24.0;9.0;0.0;0;0.0;1;0;1;0.0;3;4.0;0;1;9.0;0.0;0;3;3;3;3;3;38.714285714285715;25.78125;36.07142857142857;41.4375;1.0;18.0
0.0;0.0;44.0;40.0;0;1;35.0;1;6;0;1;44.0;16.0;0.0;0;48.0;1;0;1;44.0;0;37.0;1;2;0.0;16.0;6;3;3;3;3;3;38.06666666666667;33.72222222222222;36.1578947368421;38.0;3.0;42.0
50.0;0.0;0.0;0.0;1;0;0.0;0;0;0;0;0.0;0.0;0.0;0;0.0;0;0;0;0.0;0;0.0;0;1;0.0;0.0;0;3;3;3;3;3;0.0;5.0;0.0;0.0;4.0;50.0
0.0;0.0;41.0;44.0;0;1;37.0;1;5;0;1;46.0;13.0;50.0;1;42.0;0;0;1;50.0;0;40.0;1;2;0.0;13.0;5;3;3;3;3;3;48.73684210526316;45.388888888888886;47.0;49.2;3.0;45.0
50.0;0.0;0.0;0.0;1;0;0.0;0;0;0;0;0.0;0.0;0.0;0;0.0;0;0;0;0.0;0;0.0;0;1;0.0;0.0;0;3;3;3;3;3;0.0;0.0;0.0;0.0;4.0;50.0
50.0;30.5;42.0;31.0;1;1;38.0;1;5;2;1;47.0;13.0;4.0;1;39.0;0;0;1;35.0;0;48.0;1;2;0.0;13.0;5;3;3;3;3;3;44.375;40.55555555555556;40.39473684210526;42.77777777777778;2.0;31.5
29.5;46.0;44.0;40.0;2;1;30.0;1;6;1;1;47.0;16.0;38.0;1;39.0;1;0;1;46.0;0;47.0;1;2;0.0;16.0;6;3;3;3;3;3;40.0;37.94444444444444;32.55263157894737;38.93333333333333;2.0;39.5
0.0;0.0;0.0;32.0;0;1;39.0;0;3;0;0;0.0;8.0;0.0;0;0.0;0;0;1;43.0;0;44.0;1;2;0.0;8.0;3;3;3;3;3;3;34.86666666666667;33.583333333333336;32.05882352941177;31.755555555999997;2.0;32.0
44.0;45.0;45.0;30.0;1;1;35.0;1;5;1;1;38.0;13.0;0.0;0;35.0;0;1;1;35.0;0;50.0;1;2;0.0;13.0;5;3;3;3;3;3;40.5625;33.97222222222222;38.8421052631579;40.166666666666664;3.0;41.0
0.0;45.0;44.0;50.0;0;1;48.0;1;5;1;1;46.0;13.0;0.0;0;49.0;0;0;1;50.0;0;49.0;1;2;0.0;13.0;5;3;3;3;3;3;45.93333333333333;43.27777777777778;45.10526315789474;47.5;4.0;46.333333333333336
46.0;0.0;0.0;0.0;1;0;31.0;0;1;0;0;0.0;2.0;0.0;0;0.0;0;0;0;0.0;0;0.0;1;2;0.0;2.0;1;3;3;3;3;3;41.45454545454545;32.406250000625;36.42857142857143;41.0625;4.0;46.0
0.0;46.0;33.0;36.0;0;1;34.0;1;4;1;0;35.0;10.0;0.0;0;0.0;0;0;1;36.0;0;44.0;1;2;0.0;10.0;4;3;3;3;3;3;34.55128205076923;31.833333333333332;33.78947368421053;37.44444444444444;2.0;38.333333333333336
30.0;46.0;43.0;39.0;2;1;30.0;1;5;1;1;43.0;13.0;0.0;0;45.0;0;0;1;42.0;0;47.0;1;2;0.0;13.0;5;3;3;3;3;3;38.375;33.83333333277778;33.5;36.27777777777778;2.0;39.5
50.0;44.0;44.0;45.0;1;1;44.0;1;5;1;1;35.0;13.0;0.0;0;46.0;0;0;1;44.0;0;50.0;1;2;0.0;13.0;5;3;3;3;3;3;42.1578947368421;37.916666666666664;40.94736842105263;42.55555555555556;4.0;45.75
0.0;45.0;47.0;48.0;0;1;47.0;1;6;1;1;50.0;16.0;48.0;1;48.0;1;0;1;45.0;0;46.0;1;2;0.0;16.0;6;3;3;3;3;3;46.05263157894737;41.111111111111114;43.78947368421053;46.833333333333336;4.0;47.0
50.0;0.0;0.0;0.0;1;0;0.0;0;0;0;0;0.0;0.0;0.0;0;0.0;0;0;0;0.0;0;0.0;0;1;0.0;0.0;0;3;3;3;3;3;0.0;0.0;0.0;0.0;4.0;50.0
0.0;45.0;46.0;48.0;0;1;47.0;1;6;1;1;50.0;16.0;42.0;1;48.0;1;0;1;46.0;0;45.0;1;2;0.0;16.0;6;3;3;3;3;3;45.89473684210526;40.27777777777778;40.73684210526316;45.72222222222222;4.0;45.25
50.0;0.0;0.0;0.0;1;0;0.0;0;0;0;0;0.0;0.0;0.0;0;0.0;0;0;0;0.0;0;0.0;0;1;0.0;0.0;0;3;3;3;3;3;0.0;29.6875;30.0;0.0;4.0;50.0
0.0;47.0;50.0;38.0;0;1;50.0;1;6;1;1;36.0;16.0;28.0;1;31.0;1;0;1;44.0;0;44.0;1;2;0.0;16.0;6;3;3;3;3;3;41.63157894736842;33.05555555555556;41.55263157894737;41.5;3.0;40.75
0.0;35.0;40.0;31.0;0;1;50.0;1;4;1;1;37.0;11.0;39.0;1;33.0;0;1;1;0.0;0;44.0;1;2;0.0;11.0;4;3;3;3;3;3;32.4375;31.777777778333334;32.5625;37.666666666666664;2.0;36.25
48.0;45.0;38.0;32.5;1;2;29.0;1;6;1;1;46.0;16.0;33.0;1;42.0;1;1;1;44.0;1;47.0;2;2;2.0;14.0;5;3;3;3;3;3;40.578947368421055;37.55555555555556;40.421052631578945;39.94444444444444;2.0;39.3
42.0;47.0;43.0;47.0;1;1;46.0;1;5;1;1;50.0;13.0;0.0;0;49.0;0;0;1;50.0;0;46.0;1;2;0.0;13.0;5;3;3;3;3;3;43.89473684210526;37.166666666666664;43.05263157894737;45.94444444444444;3.0;44.75
42.0;39.0;34.0;25.5;1;2;35.0;1;5;1;1;41.0;13.0;0.0;0;30.0;0;0;1;44.0;0;47.0;1;2;0.0;13.0;5;3;3;3;3;3;42.4375;28.805555555555557;33.34375;34.166666666666664;2.0;35.125
0.0;47.0;45.0;36.0;0;1;32.0;1;5;1;1;46.0;13.0;0.0;0;30.0;0;0;1;45.0;0;49.0;1;2;0.0;13.0;5;3;3;3;3;3;41.3125;31.583333333333332;35.526315789473685;37.733333333333334;3.0;42.666666666666664
48.0;47.0;44.0;44.0;1;1;37.0;1;5;1;1;49.0;13.0;0.0;0;49.0;0;0;1;50.0;0;35.0;1;2;0.0;13.0;5;3;3;3;3;3;44.10526315789474;37.22222222222222;41.68421052631579;45.72222222222222;4.0;45.75
0.0;47.0;46.0;48.0;0;1;44.0;1;5;1;1;46.0;13.0;0.0;0;49.0;0;0;1;50.0;0;46.0;1;2;0.0;13.0;5;3;3;3;3;3;43.94736842105263;36.083333333333336;40.36842105263158;46.22222222222222;4.0;47.0
0.0;47.0;46.0;40.0;0;1;36.5;1;5;1;1;46.0;13.0;0.0;0;40.0;0;1;1;36.0;0;32.0;2;2;0.0;13.0;5;3;3;3;3;3;40.63157894736842;35.0;38.0;43.44444444444444;3.0;44.333333333333336
0.0;40.0;45.0;45.0;0;1;32.0;1;5;1;1;47.0;13.0;49.0;1;50.0;0;0;1;45.0;0;50.0;1;2;0.0;13.0;5;3;3;3;3;3;42.31578947368421;34.111111110555555;37.473684210526315;44.72222222222222;3.0;44.75
41.0;39.0;46.0;47.0;1;1;38.0;1;5;1;1;44.0;13.0;0.0;0;37.0;0;0;1;50.0;0;42.0;1;2;0.0;13.0;5;3;3;3;3;3;43.73684210526316;36.916666666666664;40.10526315789474;43.55555555555556;3.0;43.25
0.0;49.0;45.0;41.0;0;1;39.0;1;6;1;1;44.0;16.0;38.0;1;35.0;1;0;1;42.0;0;48.0;1;2;0.0;16.0;6;3;3;3;3;3;41.68421052631579;36.25;39.21052631578947;40.77777777777778;3.0;43.25
0.0;43.0;37.0;40.0;0;1;37.0;1;5;1;1;36.0;13.0;41.0;1;33.0;0;0;1;44.0;0;44.0;1;2;0.0;13.0;5;3;3;3;3;3;39.65625;34.666666666666664;39.526315789473685;38.0;3.0;40.25
0.0;45.0;44.0;45.0;0;1;43.0;1;5;1;1;48.0;13.0;49.0;1;48.0;0;0;1;45.0;0;50.0;1;2;0.0;13.0;5;3;3;3;3;3;44.21052631578947;37.72222222222222;40.8421052631579;46.111111111111114;4.0;45.75
0.0;48.0;44.0;50.0;0;1;47.0;1;5;1;1;50.0;13.0;0.0;0;49.0;0;0;1;50.0;0;49.0;1;2;0.0;13.0;5;3;3;3;3;3;47.8421052631579;44.72222222222222;46.78947368421053;47.44444444444444;4.0;47.333333333333336
0.0;38.0;45.0;35.0;0;1;30.0;1;6;1;1;30.0;16.0;42.5;2;43.0;1;0;1;40.0;0;49.0;1;2;0.0;16.0;6;3;3;3;3;3;41.68421052631579;36.94444444388889;35.68421052631579;38.05555555555556;3.0;40.125
0.0;37.0;46.0;48.0;0;1;50.0;1;5;1;1;44.0;13.0;0.0;0;49.0;0;0;1;50.0;0;46.0;1;2;0.0;13.0;5;3;3;3;3;3;43.68421052631579;40.111111111111114;43.31578947368421;44.833333333333336;3.0;43.666666666666664
50.0;0.0;0.0;0.0;1;0;0.0;0;0;0;0;0.0;0.0;0.0;0;0.0;0;0;0;0.0;0;0.0;0;1;0.0;0.0;0;3;3;3;3;3;0.0;32.714285714285715;0.0;0.0;4.0;50.0
0.0;41.0;44.0;45.0;0;1;36.0;2;5;1;1;37.0;13.0;0.0;0;45.0;0;0;1;48.0;0;37.0;1;2;0.0;13.0;5;3;3;3;3;3;44.526315789473685;41.166666666666664;43.473684210526315;46.44444444444444;3.0;43.333333333333336
0.0;47.0;50.0;50.0;0;1;43.0;1;5;1;1;50.0;13.0;0.0;0;50.0;0;0;1;49.0;0;50.0;1;2;0.0;13.0;5;3;3;3;3;3;47.68421052631579;45.94444444444444;46.26315789473684;46.55555555555556;4.0;49.0
0.0;37.0;43.0;47.0;0;1;34.0;1;6;1;1;37.0;16.0;37.0;2;37.0;1;0;1;45.0;0;48.0;1;2;0.0;16.0;6;3;3;3;3;3;41.36842105263158;34.333333333333336;37.1578947368421;41.388888888888886;3.0;41.0
0.0;40.0;50.0;24.5;0;2;50.0;1;6;1;1;45.0;16.0;46.0;2;34.0;1;0;1;44.0;0;47.0;1;2;0.0;16.0;6;3;3;3;3;3;41.25;35.08333333277778;35.526315789473685;40.611111111111114;3.0;40.125
44.0;36.0;44.0;40.0;1;1;47.0;1;5;1;1;36.0;13.0;0.0;0;43.0;0;0;1;36.0;0;41.0;1;2;0.0;13.0;5;3;3;3;3;3;43.63157894736842;39.05555555555556;40.73684210526316;46.333333333333336;3.0;41.0
0.0;42.0;43.0;42.0;0;1;46.0;1;5;1;1;39.0;13.0;0.0;0;43.0;0;0;1;50.0;0;38.0;1;2;0.0;13.0;5;3;3;3;3;3;45.3125;34.888888888888886;41.526315789473685;41.53333333333333;3.0;42.333333333333336
0.0;47.0;44.0;41.0;0;1;42.0;1;5;1;1;49.0;13.0;0.0;0;50.0;0;0;1;34.0;0;50.0;1;2;0.0;13.0;5;3;3;3;3;3;44.473684210526315;38.388888888888886;41.26315789473684;46.5;3.0;44.0
0.0;35.0;45.0;37.0;0;1;32.0;1;6;1;1;45.0;16.0;38.0;1;42.0;1;1;1;31.0;0;47.0;1;2;0.0;16.0;6;3;3;3;3;3;40.375;35.833333333333336;36.1578947368421;39.611111111111114;2.0;38.75
42.0;36.0;42.0;43.0;1;1;31.0;1;5;1;1;45.0;13.0;0.0;0;41.0;0;2;1;24.5;1;38.0;2;2;2.0;11.0;4;3;3;3;3;3;42.421052631578945;35.25;39.89473684210526;41.27777777777778;3.0;40.75
0.0;37.0;42.0;41.0;0;1;33.0;1;5;1;1;45.0;13.0;46.0;1;45.0;0;0;1;46.0;0;43.0;1;2;0.0;13.0;5;3;3;3;3;3;40.0;39.888888888888886;39.8421052631579;40.111111111111114;3.0;41.5
47.0;40.0;45.0;41.0;1;1;38.0;1;6;1;1;45.0;16.0;38.0;1;40.0;1;1;1;45.0;0;47.0;2;2;0.0;16.0;6;3;3;3;3;3;43.26315789473684;38.666666666666664;40.78947368421053;43.833333333333336;3.0;42.2
0.0;31.0;40.0;38.0;0;1;46.0;1;6;1;1;45.0;16.0;38.0;1;40.0;1;0;1;44.0;0;39.0;1;2;0.0;16.0;6;3;3;3;3;3;43.26315789473684;38.0;38.21052631578947;42.72222222222222;2.0;36.75
0.0;40.0;50.0;42.0;0;1;50.0;1;5;1;1;46.0;13.0;49.0;1;48.0;0;0;1;46.0;0;47.0;1;2;0.0;13.0;5;3;3;3;3;3;42.05263157894737;33.72222222222222;39.578947368421055;42.416666666666664;4.0;45.25
0.0;40.0;45.0;41.0;0;1;32.0;1;6;1;1;39.0;16.0;36.0;1;40.0;1;1;1;45.0;0;47.0;2;2;0.0;16.0;6;3;3;3;3;3;43.78947368421053;37.166666666666664;40.421052631578945;44.666666666666664;3.0;40.5
30.0;0.0;38.0;33.0;1;1;32.0;1;6;0;1;40.0;16.0;0.0;0;33.0;1;0;1;42.0;0;41.0;1;2;0.0;16.0;6;3;3;3;3;3;38.5625;32.180555555;38.65625;37.166666666666664;2.0;33.666666666666664
30.0;0.0;46.0;35.0;1;1;34.0;1;3;0;0;40.0;8.0;0.0;0;0.0;0;1;2;0.0;0;31.5;1;2;0.0;8.0;3;3;3;3;3;3;43.473684210526315;31.02777777777778;35.73684210526316;39.666666666666664;2.0;37.0
37.0;30.0;40.0;31.0;1;1;30.0;1;5;1;1;41.0;13.0;0.0;0;33.0;0;0;1;39.0;0;47.0;1;2;0.0;13.0;5;3;3;3;3;3;43.31578947368421;35.44444444444444;37.10526315789474;37.333333333333336;2.0;34.5
49.0;46.0;40.0;34.0;1;1;40.0;1;6;1;1;30.0;16.0;29.0;1;32.0;1;1;2;38.0;1;28.0;1;2;4.0;12.0;5;3;3;3;3;3;37.86666666666667;34.55555555555556;35.71052631578947;40.44444444444444;2.0;39.6
0.0;37.0;46.0;45.0;0;1;32.0;1;4;1;0;43.0;10.0;0.0;0;0.0;0;0;1;47.0;0;43.0;1;2;0.0;10.0;4;3;3;3;3;3;41.94117647058823;33.111111111111114;34.73684210526316;42.611111111111114;3.0;42.666666666666664
0.0;36.0;44.0;37.0;0;1;37.5;1;5;1;0;43.0;13.0;45.0;1;0.0;1;1;1;40.0;0;46.0;2;2;0.0;13.0;5;3;3;3;3;3;39.0;34.111111111111114;34.89473684210526;40.5;3.0;40.5
42.0;35.0;44.0;42.0;1;1;40.0;1;5;1;1;43.0;13.0;0.0;0;45.0;0;0;1;44.0;0;42.0;1;2;0.0;13.0;5;3;3;3;3;3;44.421052631578945;35.71875;39.578947368421055;43.333333333333336;3.0;40.75
0.0;37.0;44.0;46.0;0;1;50.0;1;6;1;1;43.0;16.0;40.0;1;45.0;1;0;1;47.0;0;40.0;1;2;0.0;16.0;6;3;3;3;3;3;42.73684210526316;37.72222222222222;40.1578947368421;44.77777777777778;3.0;41.75
0.0;44.0;50.0;40.0;0;1;45.0;1;5;1;1;48.0;13.0;0.0;0;45.0;0;0;1;40.0;0;48.0;1;2;0.0;13.0;5;3;3;3;3;3;46.36842105263158;36.388888888888886;42.10526315789474;44.166666666666664;3.0;44.666666666666664
0.0;40.0;46.0;45.0;0;1;40.0;1;4;1;0;43.0;10.0;0.0;0;0.0;0;0;1;47.0;0;43.0;1;2;0.0;10.0;4;3;3;3;3;3;42.285714285714285;36.833333333333336;36.05263157894737;42.333333333333336;3.0;43.666666666666664
0.0;47.0;42.0;22.0;0;3;30.0;1;4;1;0;40.0;11.0;0.0;0;0.0;1;0;1;0.0;1;10.0;1;1;4.0;7.0;3;3;3;3;3;3;33.28888888933333;30.571428571428573;27.035714285714285;34.06666666666667;2.0;37.0
44.0;46.0;45.0;38.0;1;1;39.0;1;6;1;1;41.0;16.0;37.0;1;43.0;1;0;1;40.0;0;48.0;1;2;0.0;16.0;6;3;3;3;3;3;41.578947368421055;35.69444444444444;39.78947368421053;42.55555555555556;3.0;42.0
0.0;0.0;32.0;15.0;0;1;27.0;2;1;0;0;0.0;2.0;0.0;0;0.0;0;1;0;0.0;1;0.0;2;1;2.0;0.0;0;3;3;3;3;3;35.916666666666664;34.999999999375;37.92857142857143;35.333333333333336;1.0;23.5
49.0;40.0;46.0;33.0;1;1;37.0;1;6;1;1;43.0;16.0;34.0;1;40.0;1;0;1;43.0;0;48.0;1;2;0.0;16.0;6;3;3;3;3;3;42.73684210526316;38.666666666666664;42.0;39.44444444444444;3.0;40.4
0.0;44.0;42.0;42.0;0;1;37.0;1;5;1;1;45.0;13.0;0.0;0;50.0;0;0;1;46.0;0;50.0;1;2;0.0;13.0;5;3;3;3;3;3;42.1875;38.55555555555556;41.1578947368421;44.72222222222222;3.0;42.666666666666664
0.0;34.0;50.0;33.0;0;1;0.0;1;4;1;2;40.0;11.0;0.0;0;32.5;0;1;1;43.0;0;32.0;0;2;0.0;11.0;4;3;3;3;3;3;41.166666666666664;30.21875;40.294117647058826;42.94444444444444;2.0;39.0
0.0;43.0;50.0;45.0;0;1;50.0;1;6;1;1;46.0;16.0;46.0;2;40.0;1;0;1;44.0;0;36.0;1;2;0.0;16.0;6;3;3;3;3;3;43.10526315789474;36.55555555555556;39.78947368421053;43.611111111111114;4.0;46.0
0.0;38.0;50.0;40.0;0;1;42.0;1;5;1;1;46.0;13.0;44.0;1;47.0;0;0;1;43.0;0;48.0;1;2;0.0;13.0;5;3;3;3;3;3;43.10526315789474;39.611111111111114;38.0;41.166666666666664;3.0;43.0
0.0;44.0;42.0;45.0;0;1;43.0;1;6;1;1;45.0;16.0;45.5;2;50.0;1;0;1;47.0;0;50.0;1;2;0.0;16.0;6;3;3;3;3;3;43.25;36.05555555555556;41.78947368421053;43.833333333333336;3.0;44.125
0.0;44.0;44.0;45.0;0;1;45.0;1;5;1;1;37.0;13.0;0.0;0;48.0;0;0;1;45.0;0;48.0;1;2;0.0;13.0;5;3;3;3;3;3;44.0;37.77777777777778;41.526315789473685;45.77777777777778;3.0;44.333333333333336
50.0;0.0;0.0;0.0;1;0;0.0;0;0;0;0;0.0;0.0;0.0;0;0.0;0;0;0;0.0;0;0.0;0;1;0.0;0.0;0;3;3;3;3;3;0.0;0.0;0.0;0.0;4.0;50.0
44.0;0.0;50.0;50.0;1;1;50.0;1;5;0;1;0.0;14.0;24.0;1;40.0;1;0;1;41.0;0;47.0;1;2;0.0;14.0;5;3;3;3;3;3;40.63157894736842;35.916666666666664;40.578947368421055;43.72222222222222;3.0;42.0
44.0;39.0;46.0;36.0;1;1;38.0;1;6;1;1;47.0;16.0;37.0;1;50.0;1;0;1;43.0;0;47.0;1;2;0.0;16.0;6;3;3;3;3;3;42.68421052631579;35.94444444444444;40.21052631578947;40.22222222222222;3.0;40.4
0.0;44.0;50.0;44.0;0;1;33.5;1;6;1;1;43.0;16.0;40.0;1;50.0;1;1;1;43.0;0;48.0;2;2;0.0;16.0;6;3;3;3;3;3;42.8421052631579;38.44444444444444;40.68421052631579;38.888888888888886;3.0;44.5
0.0;38.0;42.0;26.0;0;2;38.0;1;3;1;0;0.0;8.0;44.0;1;0.0;0;0;1;39.0;0;47.0;1;2;0.0;8.0;3;3;3;3;3;3;38.75;33.625;35.0;34.875;2.0;37.5
0.0;50.0;44.0;44.0;0;1;50.0;1;6;1;1;45.0;16.0;46.5;2;50.0;1;0;1;43.0;0;50.0;1;2;0.0;16.0;6;3;3;3;3;3;44.473684210526315;42.05555555555556;42.36842105263158;43.833333333333336;4.0;46.125
0.0;0.0;41.0;0.0;0;0;34.0;1;3;0;0;40.0;8.0;0.0;0;0.0;0;1;1;0.0;0;47.0;2;2;0.0;8.0;3;3;3;3;3;3;39.57142857142857;34.138888888888886;38.76470588235294;35.63636363636363;3.0;41.0
41.0;37.0;22.0;35.0;1;1;0.0;1;1;1;0;0.0;4.0;0.0;0;0.0;0;0;1;0.0;0;50.0;0;2;0.0;4.0;1;3;3;3;3;3;46.0;31.65625;33.92857142857143;24.9;2.0;33.75
0.0;39.0;41.0;30.0;0;1;0.0;1;3;1;2;44.0;9.0;0.0;0;29.0;0;1;1;0.0;1;30.0;0;2;3.0;6.0;2;3;3;3;3;3;41.0625;34.361111111111114;39.31578947368421;39.2;2.0;36.666666666666664
0.0;44.0;45.0;44.0;0;1;31.0;1;5;1;1;40.0;13.0;0.0;0;35.0;0;1;1;43.0;0;47.0;2;2;0.0;13.0;5;3;3;3;3;3;43.8421052631579;38.5;40.78947368421053;43.833333333333336;3.0;44.333333333333336
0.0;0.0;0.0;35.0;0;1;27.5;0;1;0;0;0.0;2.0;42.0;1;0.0;0;1;0;0.0;1;0.0;2;1;2.0;0.0;0;3;3;3;3;3;38.25;34.92857142857143;36.411764705882355;33.92307692307692;2.0;38.5
0.0;0.0;0.0;36.0;0;1;23.5;0;2;0;0;0.0;6.0;0.0;0;0.0;0;1;1;0.0;1;47.0;2;2;2.0;4.0;1;3;3;3;3;3;37.714285714285715;29.86111111111111;33.921052631578945;36.0;2.0;36.0
0.0;0.0;42.0;34.0;0;1;44.0;1;5;0;1;0.0;14.0;38.0;2;42.0;1;1;2;39.0;1;29.5;1;2;4.0;10.0;4;3;3;3;3;3;37.75;33.875;38.1875;38.44444444444444;2.0;38.0
0.0;39.0;40.0;39.0;0;1;30.0;1;6;1;1;40.0;16.0;43.0;1;35.0;1;0;1;43.0;0;45.0;1;2;0.0;16.0;6;3;3;3;3;3;39.73684210526316;37.833333333333336;39.73684210526316;38.25;3.0;40.25
34.0;38.0;45.0;43.0;2;1;41.0;1;6;1;1;45.0;16.0;38.0;1;38.0;1;0;1;43.0;0;48.0;1;2;0.0;16.0;6;3;3;3;3;3;40.05263157894737;37.0;41.1764705882353;38.111111111111114;2.0;39.6
0.0;35.0;45.0;33.0;0;1;0.0;1;3;1;1;0.0;9.0;0.0;0;30.0;0;0;1;50.0;0;43.0;0;2;0.0;9.0;3;3;3;3;3;3;43.2;35.09375;38.5;36.03125;2.0;37.666666666666664
30.0;38.0;45.0;42.0;1;1;38.0;1;5;1;1;45.0;13.0;0.0;0;50.0;0;0;1;39.0;0;48.0;1;2;0.0;13.0;5;3;3;3;3;3;42.78947368421053;38.833333333333336;42.26315789473684;42.77777777777778;2.0;38.75
0.0;37.0;45.0;48.0;0;1;45.0;1;6;1;1;35.0;16.0;36.0;1;33.0;1;0;1;43.0;0;47.0;1;2;0.0;16.0;6;3;3;3;3;3;43.578947368421055;36.388888888888886;39.21052631578947;43.166666666666664;3.0;41.5
0.0;22.0;43.0;38.0;0;1;32.0;1;4;1;1;40.0;10.0;28.0;1;20.0;1;1;0;0.0;1;0.0;2;2;3.0;7.0;3;3;3;3;3;3;37.69230769230769;34.55555555555556;37.470588235294116;35.583333333333336;2.0;32.75
0.0;36.0;40.0;37.0;0;1;36.0;1;5;1;1;33.0;13.0;34.0;1;35.0;0;1;2;44.0;0;37.0;1;2;0.0;13.0;5;3;3;3;3;3;41.214285714285715;35.416666666666664;37.13157894736842;36.5;2.0;36.75
37.0;0.0;45.0;30.0;1;1;37.0;1;6;0;1;33.0;16.0;26.0;1;40.0;1;0;1;43.0;0;47.0;1;2;0.0;16.0;6;3;3;3;3;3;40.23076923076923;30.433333334;37.6875;36.86666666666667;2.0;34.5
0.0;47.0;44.0;48.0;0;1;38.0;1;5;1;0;39.0;13.0;0.0;0;0.0;1;0;1;46.0;0;37.0;1;2;0.0;13.0;5;3;3;3;3;3;44.473684210526315;40.5;40.78947368421053;41.5;4.0;46.333333333333336
0.0;40.0;45.0;43.0;0;1;35.0;1;6;1;1;47.0;16.0;34.0;1;45.0;1;0;1;40.0;0;46.0;1;2;0.0;16.0;6;3;3;3;3;3;43.31578947368421;37.25;41.78947368421053;41.833333333333336;3.0;40.5
0.0;15.0;41.0;36.0;0;1;36.0;1;2;1;0;0.0;6.0;0.0;0;0.0;0;0;1;0.0;0;45.0;1;2;0.0;6.0;2;3;3;3;3;3;33.2083325;32.500000000625;34.3235294117647;35.61538461538461;2.0;30.666666666666668
46.0;35.0;45.0;40.0;1;1;31.0;1;3;1;0;0.0;8.0;0.0;0;0.0;0;0;1;46.0;0;47.0;1;2;0.0;8.0;3;3;3;3;3;3;42.36363636363637;33.937500000625;37.10526315736842;38.888888888888886;3.0;41.5
37.0;0.0;44.0;48.0;1;1;38.0;1;5;0;1;50.0;13.0;0.0;0;40.0;0;0;1;46.0;0;36.0;1;2;0.0;13.0;5;3;3;3;3;3;43.526315789473685;35.55555555555556;43.68421052631579;43.72222222222222;3.0;43.0
0.0;23.0;46.0;40.0;0;1;32.0;1;5;1;0;39.0;13.0;15.0;2;0.0;1;1;2;40.0;1;27.5;1;2;4.0;9.0;4;3;3;3;3;3;41.470588235294116;36.388888888888886;40.35294117647059;40.166666666666664;2.0;31.0
0.0;0.0;0.0;22.66666667;0;3;21.5;0;4;0;1;36.0;10.0;0.0;0;30.0;1;1;0;0.0;1;0.0;2;2;2.0;8.0;3;3;3;3;3;3;38.9375;39.666666666666664;41.64705882352941;37.53333333333333;1.0;22.66666667
0.0;0.0;9.5;45.0;0;1;32.0;2;5;0;2;30.0;13.0;0.0;0;16.5;0;1;1;42.0;1;33.0;1;1;3.0;10.0;4;3;3;3;3;3;42.31578947368421;35.0;36.73684210526316;40.111111111111114;1.0;27.25
0.0;47.0;0.0;45.0;0;1;37.0;0;5;1;1;44.0;13.0;0.0;0;43.0;0;0;1;46.0;0;40.0;1;2;0.0;13.0;5;3;3;3;3;3;45.68421052631579;36.46875;40.10526315789474;41.27777777777778;4.0;46.0
0.0;21.0;38.0;0.0;0;0;0.0;1;0;1;0;0.0;0.0;0.0;0;0.0;0;0;0;0.0;0;0.0;0;1;0.0;0.0;0;3;3;3;3;3;36.5;33.00000000055556;36.75;35.770833333750005;1.0;29.5
0.0;0.0;42.0;43.0;0;1;32.0;1;5;0;1;50.0;13.0;0.0;0;30.0;0;1;1;46.0;0;48.0;2;2;0.0;13.0;5;3;3;3;3;3;40.421052631578945;36.3125;36.23529411764706;42.72222222222222;3.0;42.5
44.0;0.0;30.0;39.0;1;1;45.0;1;4;0;1;0.0;11.0;0.0;0;41.0;0;0;1;46.0;0;45.0;1;2;0.0;11.0;4;3;3;3;3;3;41.083333333333336;31.75;34.6;38.7;2.0;37.666666666666664
48.0;38.0;50.0;34.0;1;1;32.0;1;5;1;1;39.0;13.0;0.0;0;39.0;0;0;1;45.0;0;46.0;1;2;0.0;13.0;5;3;3;3;3;3;42.8421052631579;37.72222222222222;41.421052631578945;42.611111111111114;3.0;42.5
39.0;45.0;46.0;45.0;1;1;37.0;1;6;1;1;42.0;16.0;43.0;1;44.0;1;0;1;45.0;0;47.0;1;2;0.0;16.0;6;3;3;3;3;3;45.578947368421055;41.5;43.78947368421053;41.166666666666664;3.0;43.6
46.0;0.0;43.0;0.0;1;0;38.0;1;4;0;1;38.0;11.0;0.0;0;6.0;0;0;1;0.0;1;40.0;1;2;3.0;8.0;3;3;3;3;3;3;40.1875;33.083333333333336;40.21052631578947;41.22222222222222;3.0;44.5
45.0;45.0;50.0;42.0;1;1;43.0;1;5;1;1;41.0;13.0;0.0;0;45.0;0;0;1;45.0;0;40.0;1;2;0.0;13.0;5;3;3;3;3;3;43.68421052631579;41.166666666666664;44.05263157894737;42.333333333333336;4.0;45.5
0.0;46.0;47.0;44.0;0;1;44.0;1;6;1;1;44.0;16.0;45.0;1;44.0;1;0;1;44.0;0;50.0;1;2;0.0;16.0;6;3;3;3;3;3;45.78947368421053;43.0;46.578947368421055;43.5;4.0;45.5
48.0;36.0;0.0;0.0;1;0;30.0;0;5;1;1;41.0;13.0;0.0;0;32.0;0;0;1;42.0;0;36.0;1;2;0.0;13.0;5;3;3;3;3;3;40.06666666666667;38.833333333333336;38.421052631578945;38.53333333333333;3.0;42.0
0.0;43.0;46.0;45.0;0;1;42.0;1;6;1;1;44.0;16.0;44.0;1;45.0;1;0;1;44.0;0;50.0;1;2;0.0;16.0;6;3;3;3;3;3;45.05263157894737;39.888888888888886;43.526315789473685;43.888888888888886;3.0;44.5
0.0;36.0;0.0;33.0;0;1;34.0;0;5;1;1;45.0;13.0;0.0;0;40.0;0;0;1;48.0;0;47.0;1;2;0.0;13.0;5;3;3;3;3;3;42.26315789473684;37.53125;35.142857142857146;42.888888888888886;2.0;34.5
32.0;40.0;41.0;45.0;1;1;37.0;1;5;1;1;44.0;13.0;0.0;0;32.0;0;0;1;47.0;0;47.0;1;2;0.0;13.0;5;3;3;3;3;3;41.68421052631579;37.166666666666664;41.421052631578945;43.111111111111114;2.0;39.5
0.0;37.0;0.0;34.0;0;1;0.0;0;1;1;0;0.0;4.0;0.0;0;0.0;0;0;1;0.0;0;47.0;0;2;0.0;4.0;1;3;3;3;3;3;38.0;29.875;32.0;36.3;2.0;35.5
0.0;33.0;0.0;0.0;0;0;34.0;0;1;1;0;0.0;2.0;46.0;1;0.0;0;0;0;0.0;0;0.0;1;2;0.0;2.0;1;3;3;3;3;3;40.75;31.166666666666668;37.5625;39.25;2.0;39.5
0.0;30.0;0.0;47.0;0;1;0.0;0;0;1;0;0.0;0.0;0.0;0;0.0;0;0;0;0.0;0;0.0;0;1;0.0;0.0;0;3;3;3;3;3;47.0;27.53125;29.647058823529413;35.5;2.0;38.5
0.0;0.0;44.0;37.0;0;1;35.0;1;2;0;0;0.0;6.0;47.0;1;0.0;0;0;1;0.0;0;47.0;1;2;0.0;6.0;2;3;3;3;3;3;36.916666666666664;30.416666666111112;37.026315789473685;37.388888888888886;3.0;42.666666666666664
31.0;0.0;0.0;0.0;2;0;33.0;0;1;0;0;0.0;2.0;41.0;1;0.0;0;0;0;0.0;0;0.0;1;2;0.0;2.0;1;3;3;3;3;3;41.75;31.52777777777778;32.9375;33.57142857142857;2.0;36.0
48.0;34.0;40.0;36.0;1;1;30.0;1;3;1;0;36.0;8.0;0.0;0;0.0;0;1;1;0.0;0;47.0;2;2;0.0;8.0;3;3;3;3;3;3;40.7;32.214285714285715;35.235294118235295;37.333333333333336;2.0;39.5
44.0;35.0;45.0;35.0;1;1;39.0;1;5;1;0;44.0;13.0;0.0;0;0.0;1;0;1;41.0;0;46.0;1;2;0.0;13.0;5;3;3;3;3;3;42.89473684210526;34.888888889444445;38.09375;40.6;2.0;39.75
0.0;0.0;50.0;0.0;0;0;48.0;1;3;0;0;0.0;8.0;0.0;0;0.0;0;0;1;48.0;0;33.0;1;2;0.0;8.0;3;3;3;3;3;3;38.13333333333333;35.77777777777778;37.64705882352941;40.166666666666664;4.0;50.0
0.0;0.0;38.0;35.0;0;1;40.0;1;5;0;1;36.0;13.0;0.0;0;35.0;0;0;1;43.0;0;39.0;1;2;0.0;13.0;5;3;3;3;3;3;39.93333333333333;34.3125;36.05882352941177;38.6;2.0;36.5
0.0;0.0;50.0;0.0;0;0;38.0;1;1;0;0;0.0;2.0;41.0;1;0.0;0;0;0;0.0;0;0.0;1;2;0.0;2.0;1;3;3;3;3;3;38.8;32.92857142857143;37.142857142857146;39.86666666666667;4.0;45.5
0.0;0.0;30.0;34.0;0;1;32.0;1;4;0;1;0.0;10.0;45.0;1;39.0;1;0;0;37.0;0;0.0;1;2;0.0;10.0;4;3;3;3;3;3;37.083333333333336;30.944444445000002;32.55882352941177;36.13333333333333;2.0;36.333333333333336
0.0;36.0;45.0;34.0;0;1;32.5;1;4;1;0;0.0;11.0;43.0;1;0.0;1;1;1;43.0;0;46.0;2;2;0.0;11.0;4;3;3;3;3;3;35.5833325;33.3125;34.1875;34.25;2.0;39.5
0.0;43.0;46.0;0.0;0;0;33.0;1;5;1;1;47.0;13.0;48.0;1;45.0;0;0;1;45.0;0;39.0;1;2;0.0;13.0;5;3;3;3;3;3;45.1875;39.583333333333336;42.578947368421055;42.05555555555556;4.0;45.666666666666664
0.0;0.0;44.0;37.0;0;1;39.0;1;2;0;0;0.0;6.0;46.0;1;0.0;0;0;1;0.0;0;40.0;1;2;0.0;6.0;2;3;3;3;3;3;37.07692307692308;36.94444444444444;36.1764705882353;37.8;3.0;42.333333333333336
48.0;44.0;37.0;34.0;1;1;36.0;1;2;1;0;0.0;4.0;39.0;1;0.0;0;0;0;39.0;0;0.0;1;2;0.0;4.0;2;3;3;3;3;3;35.5625;36.75;34.52631579;37.72222222222222;3.0;40.4
0.0;48.0;41.0;34.0;0;1;31.0;1;4;1;0;45.0;10.0;0.0;0;0.0;0;0;1;43.0;0;45.0;1;2;0.0;10.0;4;3;3;3;3;3;37.625;36.625;36.473684210526315;36.93333333333333;3.0;41.0
0.0;44.0;42.0;39.0;0;1;38.0;1;3;1;0;43.0;7.0;0.0;0;0.0;1;0;0;0.0;0;0.0;1;2;0.0;7.0;3;3;3;3;3;3;41.0;35.77777777833333;33.63157894736842;39.4375;3.0;41.666666666666664
0.0;0.0;37.0;37.0;0;1;41.0;1;5;0;1;42.0;13.0;0.0;0;43.0;0;0;1;43.0;0;47.0;1;2;0.0;13.0;5;3;3;3;3;3;38.5;33.72222222222222;35.294117647058826;36.666666666666664;2.0;37.0
0.0;0.0;45.0;38.0;0;1;30.0;1;6;0;1;42.0;16.0;38.0;1;33.0;1;0;1;46.0;0;47.0;1;2;0.0;16.0;6;3;3;3;3;3;42.68421052631579;36.416666666666664;40.1578947368421;40.5;3.0;40.333333333333336
0.0;36.0;46.0;41.0;0;1;50.0;1;4;1;1;0.0;11.0;0.0;0;50.0;0;0;1;39.0;0;48.0;1;2;0.0;11.0;4;3;3;3;3;3;43.1875;29.8125;32.75;37.733333333333334;3.0;41.0
0.0;43.0;0.0;0.0;0;0;31.0;0;1;1;0;0.0;2.0;0.0;0;0.0;0;0;0;0.0;0;0.0;1;2;0.0;2.0;1;3;3;3;3;3;41.0;30.125;34.125;40.333333333333336;3.0;43.0
0.0;35.0;36.0;0.0;0;0;23.5;1;5;1;1;44.0;13.0;0.0;0;40.0;0;1;1;50.0;1;47.0;2;2;2.0;11.0;4;3;3;3;3;3;42.0;33.111111111666666;38.6578947368421;41.46666666666667;2.0;35.5
33.0;47.0;0.0;0.0;1;0;32.0;0;1;1;0;0.0;2.0;45.0;1;0.0;0;0;0;0.0;0;0.0;1;2;0.0;2.0;1;3;3;3;3;3;38.63636363636363;36.888888888888886;31.21875;31.166666666666668;3.0;41.666666666666664
0.0;0.0;36.0;32.0;0;1;41.0;1;5;0;1;39.0;13.0;0.0;0;33.0;0;0;1;45.0;0;47.0;1;2;0.0;13.0;5;3;3;3;3;3;41.1875;33.888888889444445;37.10526315789474;35.0;2.0;34.0
33.0;39.0;42.0;34.0;1;1;32.0;1;4;1;1;45.0;9.0;50.0;1;42.0;0;0;0;42.0;0;0.0;1;2;0.0;9.0;4;3;3;3;3;3;43.73684210526316;33.94444444444444;40.36842105263158;38.55555555555556;2.0;39.6
0.0;35.0;42.0;37.0;0;1;50.0;1;4;1;0;30.0;10.0;31.0;1;0.0;0;0;1;43.0;0;48.0;1;2;0.0;10.0;4;3;3;3;3;3;40.25;35.611111111111114;40.31578947368421;40.13333333333333;2.0;36.25
0.0;0.0;36.0;34.0;0;1;36.0;1;1;0;0;0.0;2.0;29.0;2;0.0;0;0;0;0.0;0;0.0;1;2;0.0;2.0;1;3;3;3;3;3;37.55555555555556;36.111111111111114;35.5;36.76923076923077;2.0;33.0
0.0;39.0;40.0;42.0;0;1;47.0;1;5;1;1;38.0;13.0;42.0;1;43.0;0;0;1;43.0;0;48.0;1;2;0.0;13.0;5;3;3;3;3;3;40.53333333333333;37.72222222222222;39.411764705882355;39.44444444444444;3.0;40.75
0.0;0.0;42.0;0.0;0;0;41.0;1;3;0;0;42.0;8.0;43.0;1;0.0;0;0;1;0.0;0;46.0;1;2;0.0;8.0;3;3;3;3;3;3;32.90909090909091;32.53125;33.42857142857143;34.8;3.0;42.5
49.0;41.0;43.0;42.0;1;1;47.0;1;6;1;1;40.0;16.0;49.0;1;40.0;1;0;1;45.0;0;48.0;1;2;0.0;16.0;6;3;3;3;3;3;41.2;34.55555555555556;40.529411764705884;40.27777777777778;3.0;44.8
0.0;44.0;0.0;31.0;0;2;24.0;0;1;1;0;0.0;2.0;0.0;0;0.0;0;0;0;0.0;1;0.0;1;1;2.0;0.0;0;3;3;3;3;3;38.9;34.0;34.411764705882355;40.15384615384615;2.0;37.5
0.0;35.0;46.0;43.0;0;1;39.0;1;5;1;0;44.0;13.0;0.0;0;0.0;1;0;1;43.0;0;47.0;1;2;0.0;13.0;5;3;3;3;3;3;44.0;37.111111111111114;37.8235294117647;40.333333333333336;3.0;41.333333333333336
0.0;38.0;50.0;38.0;0;1;37.0;1;5;1;1;42.0;13.0;35.0;1;41.0;0;0;1;40.0;0;46.0;1;2;0.0;13.0;5;3;3;3;3;3;38.733333333333334;36.44444444444444;40.21052631578947;38.666666666666664;3.0;40.25
0.0;0.0;0.0;37.0;0;1;32.0;0;3;0;0;40.0;6.0;0.0;0;0.0;0;0;0;45.0;0;0.0;1;2;0.0;6.0;3;3;3;3;3;3;38.86666666666667;34.27777777777778;35.89473684210526;40.733333333333334;2.0;37.0
0.0;49.0;45.0;42.0;0;1;42.0;1;4;1;1;49.0;11.0;0.0;0;50.0;0;0;1;0.0;0;47.0;1;2;0.0;11.0;4;3;3;3;3;3;45.166666666666664;38.166666666666664;42.875;39.42222222266666;4.0;45.333333333333336
0.0;35.0;0.0;34.0;0;1;30.0;0;4;1;0;44.0;10.0;0.0;0;0.0;0;0;1;46.0;0;34.0;1;2;0.0;10.0;4;3;3;3;3;3;44.31578947368421;32.0;41.05263157894737;42.44444444444444;2.0;34.5
0.0;32.0;42.0;0.0;0;0;42.0;1;4;1;0;44.0;10.0;0.0;0;0.0;0;1;2;43.0;1;27.0;1;2;4.0;6.0;3;3;3;3;3;3;44.35294117647059;35.8125;41.0;36.27777777777778;2.0;37.0
0.0;29.5;0.0;32.0;0;1;29.5;0;1;2;0;0.0;2.0;0.0;0;0.0;0;1;0;0.0;1;0.0;2;1;2.0;0.0;0;3;3;3;3;3;38.333333333333336;32.0;31.82352941117647;40.714285714285715;2.0;30.75
41.0;0.0;50.0;35.0;1;1;41.0;1;4;0;0;39.0;10.0;0.0;0;0.0;0;0;1;43.0;0;44.0;1;2;0.0;10.0;4;3;3;3;3;3;40.125;34.0;36.05263157894737;37.6;3.0;42.0
0.0;30.0;44.0;38.0;0;1;32.0;1;5;1;1;44.0;13.0;0.0;0;41.0;0;0;1;46.0;0;47.0;1;2;0.0;13.0;5;3;3;3;3;3;44.94736842105263;39.0;36.88235294117647;41.5;2.0;37.333333333333336
0.0;34.0;44.0;39.0;0;1;30.0;1;6;1;1;36.0;16.0;0.0;0;40.0;1;0;1;43.0;0;47.0;1;2;0.0;16.0;6;3;3;3;3;3;45.8421052631579;38.0;43.5;43.888888888888886;2.0;39.0
0.0;34.0;44.0;41.0;0;1;38.0;1;4;1;0;39.0;10.0;0.0;0;0.0;0;0;1;43.0;0;34.0;1;2;0.0;10.0;4;3;3;3;3;3;45.8421052631579;36.25;38.11764705882353;36.02777777777778;2.0;39.666666666666664
0.0;49.0;0.0;36.0;0;1;36.0;0;4;1;0;45.0;10.0;0.0;0;0.0;0;1;1;47.0;0;34.0;2;2;0.0;10.0;4;3;3;3;3;3;42.22806947368421;37.0;37.411764705882355;40.22222222222222;3.0;42.5
0.0;0.0;42.0;41.0;0;1;33.5;1;5;0;1;48.0;14.0;0.0;0;40.0;1;1;1;0.0;0;45.0;2;2;0.0;14.0;5;3;3;3;3;3;40.6875;34.611111111111114;34.63157894736842;40.94444444444444;3.0;41.5
49.0;49.0;0.0;44.0;1;1;47.0;0;5;1;1;50.0;13.0;0.0;0;43.0;0;0;1;43.0;0;43.0;1;2;0.0;13.0;5;3;3;3;3;3;48.73684210526316;41.611111111111114;44.64705882352941;46.44444444444444;4.0;47.333333333333336
0.0;50.0;44.0;37.0;0;1;39.0;1;5;1;1;45.0;13.0;0.0;0;41.0;0;0;1;50.0;0;46.0;1;2;0.0;13.0;5;3;3;3;3;3;45.21052631578947;37.166666666666664;38.921052631578945;37.888888888888886;3.0;43.666666666666664
0.0;50.0;46.0;40.0;0;1;45.0;1;5;1;1;45.0;13.0;0.0;0;45.0;0;0;1;50.0;0;46.0;1;2;0.0;13.0;5;3;3;3;3;3;45.73684210526316;42.77777777777778;38.31578947368421;41.27777777777778;4.0;45.333333333333336
0.0;47.0;50.0;30.5;0;2;38.0;1;1;1;0;0.0;2.0;0.0;0;0.0;0;0;0;0.0;0;0.0;1;2;0.0;2.0;1;3;3;3;3;3;43.142857142857146;40.333333333333336;34.32352941235294;39.9375;3.0;42.5
0.0;49.0;42.0;0.0;0;0;30.0;1;4;1;0;48.0;10.0;0.0;0;0.0;0;0;1;50.0;0;37.0;1;2;0.0;10.0;4;3;3;3;3;3;43.0625;32.6875;37.029411764705884;43.53333333333333;4.0;45.5
0.0;47.0;0.0;0.0;0;0;41.0;0;1;1;0;0.0;2.0;0.0;0;0.0;0;0;0;0.0;0;0.0;1;2;0.0;2.0;1;3;3;3;3;3;36.0;33.84375;35.8125;37.916666666666664;4.0;47.0
30.0;50.0;44.0;34.0;1;1;37.0;1;5;1;1;36.0;13.0;0.0;0;37.0;0;0;1;47.0;0;36.0;1;2;0.0;13.0;5;3;3;3;3;3;44.44444444444444;36.5;39.23529411764706;40.55555555555556;2.0;39.5
0.0;0.0;40.0;0.0;0;0;27.66666667;1;3;0;0;36.0;7.0;0.0;0;0.0;1;1;0;0.0;1;0.0;3;2;2.0;5.0;2;3;3;3;3;3;37.0;28.625000000625;31.785714286428572;30.416666666666668;2.0;40.0
0.0;36.0;0.0;36.0;0;1;32.0;0;6;1;1;43.0;16.0;0.0;0;40.0;1;0;1;43.0;0;44.0;1;2;0.0;16.0;6;3;3;3;3;3;40.89473684210526;35.22222222222222;35.94736842105263;38.833333333333336;2.0;36.0
0.0;0.0;0.0;32.0;0;1;33.0;0;4;0;0;39.0;10.0;0.0;0;0.0;0;0;1;43.0;0;42.0;1;2;0.0;10.0;4;3;3;3;3;3;41.142857142857146;32.625000000625;36.75;37.266666666666666;2.0;32.0
0.0;47.0;50.0;32.0;0;1;25.66666667;1;2;1;0;0.0;4.0;0.0;0;0.0;0;1;0;36.0;1;0.0;3;2;2.0;2.0;1;3;3;3;3;3;40.166666666666664;30.859375;33.67857142857143;34.583333333333336;3.0;43.0
0.0;36.0;40.0;40.0;0;1;44.0;1;5;1;1;44.0;13.0;0.0;0;40.0;0;0;1;43.0;0;45.0;1;2;0.0;13.0;5;3;3;3;3;3;39.92857142857143;35.22222222222222;37.473684210526315;41.416666666666664;2.0;38.666666666666664
0.0;0.0;0.0;0.0;0;0;24.0;0;1;0;0;0.0;2.0;37.0;1;0.0;0;1;0;0.0;1;0.0;2;1;2.0;0.0;0;3;3;3;3;3;38.44444444444444;35.138888888888886;38.625;36.1;2.0;37.0
0.0;49.0;0.0;0.0;0;0;30.0;0;2;1;0;38.0;4.0;46.0;1;0.0;0;0;0;0.0;0;0.0;1;2;0.0;4.0;2;3;3;3;3;3;41.888888888888886;33.30555555555556;35.214285714285715;39.3;4.0;47.5
45.0;0.0;50.0;48.0;1;1;37.0;1;4;0;0;48.0;10.0;0.0;0;0.0;0;1;1;50.0;0;47.0;2;2;0.0;10.0;4;3;3;3;3;3;42.46153846153846;38.44444444444444;39.76470588235294;43.0;4.0;47.666666666666664
0.0;40.0;0.0;39.0;0;1;30.0;0;3;1;0;46.0;8.0;0.0;0;0.0;0;0;1;0.0;0;32.0;1;2;0.0;8.0;3;3;3;3;3;3;41.10526315789474;31.3125;36.94117647058823;38.05555555555556;2.0;39.5
0.0;50.0;50.0;39.0;0;1;42.0;1;4;1;1;44.0;11.0;0.0;0;50.0;0;0;1;0.0;0;34.0;1;2;0.0;11.0;4;3;3;3;3;3;43.578947368421055;32.90625;36.368421053157896;40.666666666666664;4.0;46.333333333333336
0.0;31.5;50.0;0.0;0;0;30.5;1;2;2;0;0.0;6.0;0.0;0;0.0;0;1;1;0.0;0;46.0;2;2;0.0;6.0;2;3;3;3;3;3;39.6;33.583333333333336;35.05882352941177;37.733333333333334;3.0;40.75
0.0;36.0;0.0;33.0;0;1;0.0;0;0;1;0;0.0;0.0;0.0;0;0.0;0;0;0;0.0;0;0.0;0;1;0.0;0.0;0;3;3;3;3;3;36.0;33.6875;34.23529411764706;38.666666666666664;2.0;34.5
42.0;0.0;43.0;41.0;1;1;43.0;1;1;0;0;0.0;2.0;0.0;0;0.0;0;0;0;0.0;0;0.0;1;2;0.0;2.0;1;3;3;3;3;3;36.0;39.27777777777778;39.94117647058823;45.4;3.0;42.0
0.0;0.0;42.0;34.0;0;1;30.0;1;4;0;1;50.0;11.0;0.0;0;36.0;0;0;1;0.0;0;44.0;1;2;0.0;11.0;4;3;3;3;3;3;40.625;35.72222222222222;34.76470588235294;39.388888888888886;2.0;38.0
0.0;0.0;50.0;0.0;0;0;29.5;1;2;0;0;0.0;4.0;0.0;0;0.0;0;1;0;47.0;1;0.0;2;2;2.0;2.0;1;3;3;3;3;3;42.1578947368421;41.53333333333333;39.5625;40.77777777777778;4.0;50.0
0.0;39.0;0.0;0.0;0;0;39.0;0;3;1;0;45.0;6.0;0.0;0;0.0;0;0;0;46.0;0;0.0;1;2;0.0;6.0;3;3;3;3;3;3;42.0;34.937500000625;38.785714285714285;40.0;2.0;39.0
0.0;15.0;0.0;35.0;0;1;15.0;0;1;1;0;0.0;2.0;0.0;0;0.0;0;0;0;0.0;1;0.0;1;1;2.0;0.0;0;3;3;3;3;3;49.0;33.666666666666664;36.75;37.9;1.0;25.0
0.0;50.0;45.0;50.0;0;1;0.0;1;0;1;0;0.0;0.0;0.0;0;0.0;0;0;0;0.0;0;0.0;0;1;0.0;0.0;0;3;3;3;3;3;45.05263157894737;41.111111111111114;42.8421052631579;46.72222222222222;4.0;48.333333333333336
0.0;0.0;0.0;0.0;0;0;34.0;0;4;0;0;49.0;10.0;0.0;0;0.0;0;0;1;44.0;0;43.0;1;2;0.0;10.0;4;3;3;3;3;3;46.526315789473685;42.5;43.588235294117645;48.111111111111114;0.0;0.0
0.0;50.0;50.0;50.0;0;1;0.0;1;0;1;0;0.0;0.0;0.0;0;0.0;0;0;0;0.0;0;0.0;0;1;0.0;0.0;0;3;3;3;3;3;46.36842105263158;43.666666666666664;44.0;47.44444444444444;4.0;50.0
0.0;39.0;0.0;31.0;0;1;32.0;0;3;1;1;0.0;9.0;0.0;0;45.0;0;0;1;0.0;0;41.0;1;2;0.0;9.0;3;3;3;3;3;3;41.916666666666664;37.0;34.88235294117647;42.111111111111114;2.0;35.0
0.0;0.0;0.0;32.0;0;1;32.0;0;3;0;0;0.0;8.0;0.0;0;0.0;0;0;1;46.0;0;34.0;1;2;0.0;8.0;3;3;3;3;3;3;40.30769230769231;37.25;38.9375;41.2;2.0;32.0
42.0;0.0;8.0;26.5;1;2;0.0;1;0;0;0;0.0;0.0;0.0;0;0.0;0;0;0;0.0;0;0.0;0;1;0.0;0.0;0;3;3;3;3;3;34.0;33.52777777777778;29.941176471176473;30.5;1.0;25.5
50.0;0.0;40.0;36.0;1;1;32.0;1;1;0;0;0.0;2.0;0.0;0;0.0;0;0;0;0.0;0;0.0;1;2;0.0;2.0;1;3;3;3;3;3;37.06666666666667;37.4375;38.142857142857146;39.2;3.0;42.0
0.0;0.0;50.0;40.0;0;1;0.0;1;0;0;0;0.0;0.0;0.0;0;0.0;0;0;0;0.0;0;0.0;0;1;0.0;0.0;0;3;3;3;3;3;44.8421052631579;42.111111111111114;43.529411764705884;46.888888888888886;3.0;45.0
42.0;46.0;0.0;0.0;1;0;19.5;0;2;1;0;29.0;4.0;0.0;0;0.0;0;1;0;0.0;2;0.0;2;1;4.0;0.0;0;3;3;3;3;3;39.625;35.6875;38.63157894736842;35.2;3.0;44.0
0.0;0.0;0.0;39.0;0;1;39.0;0;1;0;0;0.0;2.0;0.0;0;0.0;0;0;0;0.0;0;0.0;1;2;0.0;2.0;1;3;3;3;3;3;41.2;32.4375;37.05263157894737;43.0;2.0;39.0
48.0;0.0;0.0;46.0;1;1;24.0;0;2;0;0;0.0;5.0;0.0;0;0.0;1;1;0;0.0;1;0.0;2;2;2.0;3.0;1;3;3;3;3;3;39.90909090909091;37.72222222222222;36.31578947368421;41.13333333333333;4.0;47.0
0.0;43.0;44.0;47.0;0;1;41.0;1;6;1;1;50.0;16.0;0.0;0;40.0;1;0;1;50.0;0;45.0;1;2;0.0;16.0;6;3;3;3;3;3;43.25;37.0;38.76470588235294;41.86666666666667;3.0;44.666666666666664
0.0;0.0;50.0;40.0;0;1;36.0;1;1;0;0;0.0;2.0;0.0;0;0.0;0;0;0;0.0;0;0.0;1;2;0.0;2.0;1;3;3;3;3;3;47.333333333333336;42.94444444444444;43.72727272727273;48.25;3.0;45.0
0.0;0.0;16.0;36.0;0;1;0.0;1;0;0;0;0.0;0.0;0.0;0;0.0;0;0;0;0.0;0;0.0;0;1;0.0;0.0;0;3;3;3;3;3;40.166666666666664;33.1875;34.0;35.333333333333336;1.0;26.0
0.0;0.0;0.0;45.0;0;1;39.0;0;4;0;1;48.0;11.0;0.0;0;45.0;0;0;1;0.0;0;49.0;1;2;0.0;11.0;4;3;3;3;3;3;46.05882352941177;37.72222222222222;40.26315789473684;45.388888888888886;3.0;45.0
50.0;0.0;0.0;0.0;1;0;0.0;0;0;0;0;0.0;0.0;0.0;0;0.0;0;0;0;0.0;0;0.0;0;1;0.0;0.0;0;3;3;3;3;3;43.0;36.361111111111114;41.3125;44.63636363636363;4.0;50.0
45.0;0.0;50.0;45.0;1;1;0.0;1;0;0;0;0.0;0.0;0.0;0;0.0;0;0;0;0.0;0;0.0;0;1;0.0;0.0;0;3;3;3;3;3;45.31578947368421;41.94444444444444;43.1764705882353;46.111111111111114;4.0;46.666666666666664
0.0;0.0;0.0;46.0;0;1;34.0;0;2;0;0;0.0;6.0;0.0;0;0.0;0;0;1;0.0;0;39.0;1;2;0.0;6.0;2;3;3;3;3;3;43.111111111111114;36.09375;38.11764705882353;43.266666666666666;4.0;46.0
0.0;0.0;0.0;0.0;0;0;36.0;0;2;0;0;41.0;4.0;0.0;0;0.0;0;0;0;0.0;0;0.0;1;2;0.0;4.0;2;3;3;3;3;3;40.55555555555556;35.34375;35.35294117647059;41.6;0.0;0.0
0.0;0.0;0.0;0.0;0;0;43.0;0;2;0;0;0.0;6.0;0.0;0;0.0;0;0;1;0.0;0;46.0;1;2;0.0;6.0;2;3;3;3;3;3;42.5;38.111111111111114;36.31578947368421;39.94444444444444;0.0;0.0
0.0;0.0;46.0;0.0;0;0;50.0;1;3;0;0;49.0;8.0;0.0;0;0.0;0;0;1;0.0;0;49.0;1;2;0.0;8.0;3;3;3;3;3;3;43.93333333333333;39.05555555555556;36.94117647058823;43.611111111111114;4.0;46.0
39.0;0.0;0.0;35.0;1;1;35.0;0;2;0;0;46.0;4.0;0.0;0;0.0;0;0;0;0.0;0;0.0;1;2;0.0;4.0;2;3;3;3;3;3;43.642857142857146;38.5;40.35294117647059;40.6;2.0;37.0
0.0;0.0;42.0;0.0;0;0;30.0;1;2;0;0;0.0;6.0;0.0;0;0.0;0;0;1;0.0;0;49.0;1;2;0.0;6.0;2;3;3;3;3;3;46.4;36.8125;33.26470588235294;36.0;3.0;42.0
0.0;0.0;0.0;0.0;0;0;36.0;0;2;0;0;0.0;6.0;0.0;0;0.0;0;0;1;0.0;0;46.0;1;2;0.0;6.0;2;3;3;3;3;3;42.63636363636363;37.94444444444444;38.78947368421053;41.75;0.0;0.0
0.0;0.0;47.0;0.0;0;0;34.0;1;3;0;0;0.0;8.0;0.0;0;0.0;0;0;1;46.0;0;49.0;1;2;0.0;8.0;3;3;3;3;3;3;42.46153846153846;39.05555555555556;40.36842105263158;39.61538461538461;4.0;47.0
0.0;0.0;0.0;0.0;0;0;44.0;0;2;0;0;0.0;6.0;0.0;0;0.0;0;0;1;0.0;0;46.0;1;2;0.0;6.0;2;3;3;3;3;3;43.888888888888886;38.333333333333336;36.705882352941174;45.125;0.0;0.0
0.0;0.0;47.0;0.0;0;0;36.0;1;3;0;0;0.0;9.0;0.0;0;0.0;1;1;1;0.0;0;49.0;2;2;0.0;9.0;3;3;3;3;3;3;37.2;36.44444444388889;38.785714285714285;39.142857142857146;4.0;47.0
0.0;0.0;0.0;0.0;0;0;26.0;0;3;0;0;42.0;8.0;0.0;0;0.0;0;0;1;0.0;1;48.0;1;2;2.0;6.0;2;3;3;3;3;3;40.75;35.642857142857146;33.94117647058823;40.333333333333336;0.0;0.0
0.0;0.0;0.0;45.0;0;1;39.0;0;1;0;0;0.0;2.0;0.0;0;0.0;0;0;0;0.0;0;0.0;1;2;0.0;2.0;1;3;3;3;3;3;43.125;39.0;40.76315789473684;41.733333333333334;3.0;45.0
0.0;0.0;0.0;36.0;0;1;39.0;0;2;0;0;0.0;6.0;0.0;0;0.0;0;1;1;0.0;1;28.0;2;2;4.0;2.0;1;3;3;3;3;3;36.733333332;36.5;39.642857142857146;40.31818181818182;2.0;36.0
0.0;37.0;43.0;0.0;0;0;30.0;1;1;1;0;0.0;2.0;0.0;0;0.0;0;0;0;0.0;0;0.0;1;2;0.0;2.0;1;3;3;3;3;3;42.125;36.416666666666664;37.8421052631579;41.46666666666667;2.0;40.0
0.0;0.0;0.0;49.0;0;1;25.0;0;1;0;0;0.0;2.0;0.0;0;0.0;0;1;0;0.0;1;0.0;2;1;2.0;0.0;0;3;3;3;3;3;40.92307692307692;39.333333333333336;37.0625;36.333333333333336;4.0;49.0
0.0;0.0;0.0;0.0;0;0;0.0;0;3;0;1;50.0;7.0;0.0;0;50.0;0;0;0;50.0;0;0.0;0;2;0.0;7.0;3;3;3;3;3;3;46.266666666666666;44.333333333333336;44.578947368421055;45.06666666666667;0.0;0.0
0.0;0.0;50.0;43.0;0;1;33.0;1;3;0;0;39.0;8.0;0.0;0;0.0;0;0;1;0.0;0;45.0;1;2;0.0;8.0;3;3;3;3;3;3;42.15384615384615;37.0;37.0;36.4;4.0;46.5
0.0;50.0;0.0;0.0;0;0;0.0;0;2;1;0;50.0;4.0;0.0;0;0.0;0;0;0;48.0;0;0.0;0;2;0.0;4.0;2;3;3;3;3;3;46.30769230769231;43.611111111111114;45.07142857142857;46.083333333333336;4.0;50.0
0.0;48.0;42.0;0.0;0;0;0.0;1;2;1;1;0.0;5.0;0.0;0;40.0;0;0;0;43.0;0;0.0;0;2;0.0;5.0;2;3;3;3;3;3;43.785714285714285;38.5;41.294117647058826;43.083333333333336;3.0;45.0
0.0;0.0;0.0;0.0;0;0;0.0;0;1;0;1;0.0;3.0;0.0;0;50.0;0;0;0;0.0;0;0.0;0;2;0.0;3.0;1;3;3;3;3;3;43.57142857142857;42.27777777777778;43.0;43.916666666666664;0.0;0.0
0.0;50.0;0.0;49.0;0;1;0.0;0;2;1;0;44.0;6.0;0.0;0;0.0;0;0;1;0.0;0;50.0;0;2;0.0;6.0;2;3;3;3;3;3;42.63636363636363;37.47222222222222;41.36842105263158;43.46666666666667;4.0;49.5
0.0;46.0;0.0;0.0;0;0;50.0;0;1;1;0;0.0;2.0;0.0;0;0.0;0;0;0;0.0;0;0.0;1;2;0.0;2.0;1;3;3;3;3;3;40.8;36.25;38.875;43.0;4.0;46.0
0.0;0.0;0.0;33.0;0;1;40.0;0;1;0;0;0.0;2.0;0.0;0;0.0;0;0;0;0.0;0;0.0;1;2;0.0;2.0;1;3;3;3;3;3;37.333333333333336;35.02777777777778;32.035714285714285;41.72727272727273;2.0;33.0
0.0;0.0;0.0;41.0;0;1;0.0;0;1;0;0;44.0;2.0;0.0;0;0.0;0;0;0;0.0;0;0.0;0;2;0.0;2.0;1;3;3;3;3;3;45.0;40.94444444444444;43.23529411764706;45.0;3.0;41.0
0.0;50.0;0.0;0.0;0;0;50.0;0;2;1;0;50.0;4.0;0.0;0;0.0;0;0;0;0.0;0;0.0;1;2;0.0;4.0;2;3;3;3;3;3;44.0;39.375;43.0;45.86666666666667;4.0;50.0
0.0;50.0;0.0;0.0;0;0;0.0;0;1;1;0;0.0;2.0;0.0;0;0.0;0;0;0;40.0;0;0.0;0;2;0.0;2.0;1;3;3;3;3;3;42.36363636363637;37.625;41.285714285714285;37.916666666666664;4.0;50.0
0.0;47.0;33.0;0.0;0;0;0.0;1;0;1;0;0.0;0.0;0.0;0;0.0;0;0;0;0.0;0;0.0;0;1;0.0;0.0;0;3;3;3;3;3;31.0;37.0625;37.857142857142854;44.5;2.0;40.0
0.0;0.0;42.0;0.0;0;0;38.0;1;2;0;0;43.0;4.0;0.0;0;0.0;0;0;0;0.0;0;0.0;1;2;0.0;4.0;2;3;3;3;3;3;43.733333333333334;38.875;37.411764705882355;42.333333333333336;3.0;42.0
0.0;0.0;50.0;33.0;0;1;50.0;1;3;0;1;0.0;9.0;0.0;0;50.0;0;0;1;0.0;0;46.0;1;2;0.0;9.0;3;3;3;3;3;3;43.6;32.375;33.5;41.53333333333333;3.0;41.5
0.0;0.0;0.0;0.0;0;0;50.0;0;2;0;1;0.0;5.0;0.0;0;40.0;0;0;0;0.0;0;0.0;1;2;0.0;5.0;2;3;3;3;3;3;33.0;33.15625;37.36842105263158;41.5;0.0;0.0
0.0;49.0;0.0;41.0;0;1;0.0;0;0;1;0;0.0;0.0;0.0;0;0.0;0;0;0;0.0;0;0.0;0;1;0.0;0.0;0;3;3;3;3;3;37.2;34.7;31.884615384615383;41.4;3.0;45.0
0.0;0.0;0.0;0.0;0;0;0.0;0;1;0;0;0.0;4.0;0.0;0;0.0;0;0;1;0.0;0;50.0;0;2;0.0;4.0;1;3;3;3;3;3;50.0;34.77272727272727;39.785714285714285;46.0;0.0;0.0
0.0;0.0;0.0;0.0;0;0;50.0;0;1;0;0;0.0;2.0;0.0;0;0.0;0;0;0;0.0;0;0.0;1;2;0.0;2.0;1;3;3;3;3;3;41.333333333333336;41.388888888888886;41.1578947368421;46.07692307692308;0.0;0.0
