NOTA_L_TRES;NOTA_HSE;NOTA_ADMIN;NOTA_TGUNO;VECES_HSE;NOTA_EI_TRES;NOTA_EE_DOS;NOTA_PROTELEC;NCC_OCHO;VECES_L_TRES;VECES_PROTELEC;CAR_OCHO;VECES_ADMIN;PROMEDIO_SIETE;NOTA_L_UNO;NOTA_L_DOS;VECES_EI_TRES;PROMEDIO_OCHO;NOTA_EI_CUATRO;VECES_EE_DOS;VECES_TGUNO;NAA_OCHO;NOTA_AIELEC;NCA_OCHO;NOTA_CCON;VECES_L_DOS;VECES_FGEP;NOTA_FGEP;EPA_OCHO;NOTA_HIST;NAC_OCHO;NOTA_SUBEL;NCP_OCHO;VECES_HIST;VECES_EI_CUATRO;VECES_SUBEL;CREDITOS_EE_DOS;CREDITOS_EI_TRES;CREDITOS_PROTELEC;CREDITOS_L_TRES;NAP_OCHO;CREDITOS_TGUNO;VECES_CCON;CREDITOS_ADMIN;CREDITOS_EI_CUATRO;CREDITOS_HSE;NOTA_EI_CINCO;NOTA_TGDOS;NOTA_EI_SEIS;NOTA_EE_TRES;NCC_NUEVE;VECES_EI_CINCO;PROMEDIO_NUEVE;NCA_NUEVE;NAC_NUEVE;NAA_NUEVE;CAR_NUEVE;CREDITOS_EI_CINCO;CREDITOS_EE_TRES;NCP_NUEVE;CREDITOS_EI_SEIS;VECES_TGDOS;NAP_NUEVE;EPA_NUEVE;RENDIMIENTO_DIEZ;PROMEDIO_DIEZ
46;41;47;50;1;34;47;36;15.0;1;1;0;1;34.0;44;47;1;37.53333333333333;42;1;1;7;34;15.0;45;1;1;42;2;43;7;31;0.0;1;1;1;2;3;2;2;0;2;1;2;3;1;43;40;44;44;17.0;1;42.411764705882355;17.0;8;8;0;3;2;0.0;3;1;0;2;3.0;42.9
46;33;43;49;1;45;40;38;15.0;1;1;0;1;36.05555555555556;46;46;1;41.0;40;1;1;7;35;15.0;45;1;1;45;2;45;7;36;0.0;1;1;1;2;3;2;2;0;2;1;2;3;1;47;45;41;39;17.0;1;42.35294117647059;17.0;8;8;0;3;2;0.0;3;1;0;2;3.0;43.2
44;38;32;37;1;34;42;33;15.0;1;1;2;1;38.94444444444444;46;44;1;39.6;39;1;1;7;42;15.0;43;1;1;41;2;48;7;32;0.0;2;1;2;2;3;2;2;0;2;1;2;3;1;37;44;30;0;17.0;1;37.23529411764706;17.0;8;8;0;3;2;0.0;3;1;0;2;2.0;36.125
36;39;41;43;1;43;45;39;15.0;1;1;0;1;38.05555555555556;46;44;1;38.53333333333333;38;1;1;7;38;15.0;47;1;1;32;2;42;7;32;0.0;1;1;1;2;3;2;2;0;2;1;2;3;1;42;50;40;47;17.0;1;40.588235294117645;17.0;8;8;0;3;2;0.0;3;2;0;2;3.0;44.0
42;44;44;47;1;47;42;37;15.0;1;1;0;1;34.833333333333336;42;45;1;40.06666666666667;30;1;2;7;32;15.0;48;1;1;43;2;44;7;36;0.0;1;1;1;2;3;2;2;0;2;1;2;3;1;38;43;34;45;17.0;1;41.11764705882353;17.0;8;8;1;3;2;0.0;3;1;0;2;2.0;39.2
44;46;48;44;1;38;50;39;15.0;1;1;0;1;32.611111111111114;42;42;1;39.13333333333333;41;1;1;7;37;15.0;39;1;1;42;2;48;7;35;0.0;1;1;1;2;3;2;2;0;2;1;2;3;1;33;45;35;46;17.0;1;43.11764705882353;17.0;8;8;0;3;2;0.0;3;1;0;2;2.0;38.6
42;44;46;47;1;44;48;38;15.0;1;1;0;1;34.111111111111114;35;47;1;40.666666666666664;38;1;1;7;36;15.0;47;1;1;32;2;48;7;38;0.0;1;1;1;2;3;2;2;0;2;1;2;3;1;38;50;46;0;17.0;1;43.05882352941177;17.0;8;8;0;3;2;0.0;3;1;0;2;3.0;44.0
48;40;44;45;1;38;47;30;15.0;1;2;1;1;37.27777777777778;43;37;1;37.0;38;1;1;7;34;15.0;50;1;1;34;2;44;7;33;0.0;1;1;2;2;3;2;2;0;2;1;2;3;1;35;48;30;0;17.0;1;40.94117647058823;17.0;8;8;1;3;2;0.0;3;1;0;2;2.0;36.375
44;46;42;39;1;36;43;35;15.0;1;1;2;1;34.611111111111114;46;34;1;38.0;39;1;1;7;38;15.0;45;1;1;44;2;46;7;30;0.0;1;1;2;2;3;2;2;0;2;1;2;3;1;39;35;34;0;17.0;1;39.8235294117647;17.0;8;8;0;3;2;0.0;3;2;0;2;2.0;36.125
42;44;45;40;1;40;45;37;15.0;1;1;0;1;37.72222222222222;41;45;1;39.333333333333336;35;1;1;7;35;15.0;46;1;1;44;2;46;7;38;0.0;1;1;1;2;3;2;2;0;2;1;2;3;1;47;43;43;0;17.0;1;40.411764705882355;17.0;8;8;0;3;2;0.0;3;1;0;2;3.0;44.5
42;39;45;42;1;34;36;31;15.0;1;1;0;1;35.5;49;42;1;40.0;43;1;1;7;42;15.0;45;1;1;34;2;47;7;30;0.0;1;1;1;2;3;2;2;0;2;1;2;3;1;38;35;41;40;17.0;1;38.94117647058823;17.0;8;8;0;3;2;0.0;3;1;0;2;2.0;38.7
32;33;49;37;1;30;50;34;15.0;1;1;0;1;36.111111111111114;34;35;1;36.733333333333334;42;1;1;7;36;15.0;45;1;1;33;2;47;7;30;0.0;1;1;1;2;3;2;2;0;2;1;2;3;1;39;50;39;46;17.0;1;38.411764705882355;17.0;8;8;0;3;2;0.0;3;1;0;2;3.0;42.6
40;41;48;48;1;43;42;37;15.0;1;1;1;1;37.111111111111114;43;39;1;38.8;37;1;1;7;33;15.0;46;1;1;37;2;45;7;38;0.0;1;1;3;2;3;2;2;0;2;1;2;3;1;48;50;34;44;17.0;1;41.8235294117647;17.0;8;8;0;3;2;0.0;3;1;0;2;3.0;43.4
38;42;41;41;1;41;0;31;15.0;1;1;0;1;38.05555555555556;44;42;1;38.0;30;0;1;7;35;15.0;46;1;1;44;2;42;7;31;0.0;1;1;1;2;3;2;2;0;2;1;2;3;1;43;48;36;0;15.0;1;37.13333333333333;15.0;7;7;0;3;2;0.0;3;1;0;2;3.0;41.625
46;42;48;44;1;45;50;45;15.0;1;1;0;1;41.72222222222222;46;44;1;42.8;44;1;1;7;41;15.0;38;1;1;40;2;48;7;41;0.0;1;1;1;2;3;2;2;0;2;1;2;3;1;47;45;46;45;17.0;1;45.588235294117645;17.0;8;8;0;3;2;0.0;3;1;0;2;4.0;45.9
46;45;31;40;1;39;40;33;15.0;1;1;0;1;33.05555555555556;44;41;1;40.4;43;1;1;7;34;15.0;43;1;1;48;2;46;7;36;0.0;1;1;1;2;3;2;2;0;2;1;2;3;1;34;50;36;31;17.0;1;39.470588235294116;17.0;8;8;0;3;2;0.0;3;1;0;2;2.0;37.2
39;42;47;36;1;44;0;39;15.0;1;1;0;1;36.888888888888886;47;42;1;37.8;43;0;1;7;39;15.0;47;1;1;39;2;44;7;34;0.0;1;1;1;2;3;2;2;0;2;1;2;3;1;41;50;38;0;15.0;1;41.666666666666664;15.0;7;7;0;3;2;0.0;3;1;0;2;3.0;42.125
38;41;44;39;1;50;45;38;15.0;1;1;0;1;38.833333333333336;40;36;1;40.93333333333333;47;1;1;7;38;15.0;42;1;1;44;2;42;7;41;0.0;1;1;1;2;3;2;2;0;2;1;2;3;1;38;42;42;0;17.0;1;43.529411764705884;17.0;8;8;0;3;2;0.0;3;1;0;2;3.0;40.5
37;39;45;39;1;47;50;35;15.0;1;1;0;1;38.888888888888886;46;45;1;40.8;39;1;1;7;39;15.0;44;1;1;40;2;43;7;34;0.0;1;1;1;2;3;2;2;0;2;1;2;3;1;45;42;40;45;17.0;1;41.705882352941174;17.0;8;8;0;3;2;0.0;3;1;0;2;3.0;42.9
0;48;48;32;1;35;37;30;15.0;0;1;2;1;35.27777777777778;45;41;1;37.2;42;1;1;7;34;15.0;45;1;1;36;2;33;7;33;0.0;1;1;2;2;3;2;2;0;2;1;2;3;1;39;41;33;50;15.0;1;38.2;15.0;7;7;0;3;2;0.0;3;1;0;2;2.0;39.8
39;43;32;40;1;36;43;30;15.0;1;1;1;1;38.22222222222222;36;40;1;36.0;39;1;1;7;36;15.0;47;1;1;30;2;37;7;30;0.0;1;1;2;2;3;2;2;0;2;1;2;3;1;39;40;32;0;17.0;1;37.411764705882355;17.0;8;8;0;3;2;0.0;3;1;0;2;2.0;36.625
44;40;48;50;1;48;50;30;15.0;1;1;1;1;34.333333333333336;47;47;1;38.733333333333334;34;1;1;7;32;15.0;44;1;1;35;2;48;7;33;0.0;1;1;2;2;3;2;2;0;2;1;2;3;1;50;50;30;40;17.0;1;42.94117647058823;17.0;8;8;0;3;2;0.0;3;1;0;2;3.0;42.0
44;47;50;45;1;46;50;38;15.0;1;1;0;1;34.77777777777778;48;46;1;40.8;50;1;1;7;34;15.0;44;1;1;45;2;45;7;34;0.0;1;1;1;2;3;2;2;0;2;1;2;3;1;47;45;36;0;17.0;1;46.411764705882355;17.0;8;8;0;3;2;0.0;3;2;0;2;3.0;42.375
37;48;40;50;1;34;43;35;15.0;1;1;0;1;34.55555555555556;35;38;1;38.2;38;1;1;7;33;15.0;44;1;1;39;2;42;7;34;0.0;1;1;1;2;3;2;2;0;2;1;2;3;1;38;50;38;0;17.0;1;39.64705882352941;17.0;8;8;0;3;2;0.0;3;1;0;2;3.0;41.0
39;43;41;50;1;33;40;37;15.0;1;4;1;1;37.72222222222222;46;38;1;36.666666666666664;44;1;1;7;33;15.0;45;1;1;41;2;43;7;35;0.0;1;1;3;2;3;2;2;0;2;1;2;3;1;33;50;23;0;17.0;1;40.470588235294116;17.0;8;8;1;3;2;0.0;3;2;0;2;2.0;33.5
42;45;50;45;1;39;50;35;15.0;1;1;0;1;35.5;43;45;1;40.93333333333333;43;1;1;7;34;15.0;48;1;1;39;2;48;7;35;0.0;1;1;1;2;3;2;2;0;2;1;2;3;1;46;50;42;0;17.0;1;43.23529411764706;17.0;8;8;0;3;2;0.0;3;2;0;2;4.0;45.5
39;41;40;45;1;44;49;39;15.0;1;1;0;1;36.888888888888886;42;42;1;36.8;36;1;1;7;32;15.0;43;1;1;37;2;43;7;30;0.0;1;1;1;2;3;2;2;0;2;1;2;3;1;42;42;34;42;17.0;1;41.470588235294116;17.0;8;8;0;3;2;0.0;3;1;0;2;2.0;39.6
40;45;47;43;1;43;50;40;15.0;1;1;0;1;35.833333333333336;43;42;1;40.666666666666664;47;1;1;7;38;15.0;34;1;1;40;2;45;7;35;0.0;1;1;1;2;3;2;2;0;2;1;2;3;1;45;50;46;0;17.0;1;44.411764705882355;17.0;8;8;0;3;2;0.0;3;1;0;2;4.0;46.625
38;48;32;42;1;41;44;32;15.0;1;1;0;1;34.111111111111114;37;35;1;34.333333333333336;37;1;1;7;34;15.0;35;1;1;39;2;30;7;32;0.0;1;1;1;2;3;2;2;0;2;1;2;3;1;37;42;30;49;17.0;1;38.705882352941174;17.0;8;8;0;3;2;0.0;3;1;0;2;2.0;38.3
40;45;48;50;1;46;45;34;15.0;1;1;1;1;35.27777777777778;42;41;1;38.46666666666667;45;1;1;7;34;15.0;41;1;1;37;2;45;7;35;0.0;1;1;2;2;3;2;2;0;2;1;2;3;1;39;47;39;0;17.0;1;44.23529411764706;17.0;8;8;0;3;2;0.0;3;1;0;2;3.0;41.0
34;44;50;43;1;39;44;42;15.0;1;1;1;1;39.166666666666664;47;41;1;35.266666666666666;44;1;1;7;35;15.0;39;1;1;35;2;32;7;34;0.0;1;1;2;2;3;2;2;0;2;1;2;3;1;39;50;41;0;17.0;1;42.294117647058826;17.0;8;8;0;3;2;0.0;3;1;0;2;2.0;34.0
43;45;46;33;1;40;49;40;15.0;1;1;0;1;35.05555555555556;43;46;1;40.666666666666664;49;1;1;7;33;15.0;42;1;1;38;2;47;7;38;0.0;1;1;1;2;3;2;2;0;2;1;2;3;1;33;50;43;0;17.0;1;43.1764705882353;17.0;8;8;0;3;2;0.0;3;1;0;2;3.0;41.0
38;40;45;49;1;40;50;38;15.0;1;1;0;1;36.0;42;43;1;40.266666666666666;40;1;1;7;37;15.0;44;1;1;43;2;46;7;33;0.0;1;1;1;2;3;2;2;0;2;1;2;3;1;38;44;50;46;17.0;1;42.35294117647059;17.0;8;8;0;3;2;0.0;3;3;0;2;3.0;44.4
39;44;43;43;1;43;39;32;15.0;1;2;0;1;35.55555555555556;40;38;1;36.733333333333334;41;1;1;7;30;15.0;47;1;1;31;2;48;7;34;0.0;1;1;1;2;3;2;2;0;2;1;2;3;1;45;45;35;0;17.0;1;40.470588235294116;17.0;8;8;1;3;2;0.0;3;1;0;2;3.0;41.25
44;44;45;50;1;49;50;37;15.0;1;1;1;1;37.05555555555556;46;44;1;38.2;37;1;1;7;34;15.0;42;1;1;33;2;45;7;32;0.0;1;1;2;2;3;2;2;0;2;1;2;3;1;45;47;39;0;17.0;1;44.35294117647059;17.0;8;8;0;3;2;0.0;3;1;0;2;3.0;43.25
41;43;50;47;1;47;0;42;15.0;1;1;0;1;42.27777777777778;43;45;1;37.8;41;0;1;7;35;15.0;43;1;1;39;2;44;7;33;0.0;1;1;1;2;3;2;2;0;2;1;2;3;1;42;50;36;0;15.0;1;44.46666666666667;15.0;7;7;0;3;2;0.0;3;1;0;2;3.0;41.75
35;47;46;42;1;37;47;32;15.0;1;1;0;1;34.44444444444444;43;35;1;36.93333333333333;43;1;1;7;37;15.0;40;1;1;35;2;42;7;30;0.0;1;1;1;2;3;2;2;0;2;1;2;3;1;39;50;35;42;17.0;1;40.64705882352941;17.0;8;8;0;3;2;0.0;3;1;0;2;3.0;40.6
44;47;44;40;1;40;49;38;15.0;1;1;0;1;36.77777777777778;47;46;1;42.4;50;1;1;7;35;15.0;47;1;1;45;2;47;7;38;0.0;1;1;1;2;3;2;2;0;2;1;2;3;1;35;43;46;0;17.0;1;43.94117647058823;17.0;8;8;0;3;2;0.0;3;1;0;2;3.0;41.125
42;44;50;47;1;45;50;33;15.0;1;2;0;1;35.72222222222222;42;42;1;37.266666666666666;31;1;1;7;30;15.0;49;1;1;40;2;44;7;30;0.0;1;1;1;2;3;2;2;0;2;1;2;3;1;30;48;38;45;17.0;1;42.11764705882353;17.0;8;8;1;3;2;0.0;3;1;0;2;2.0;39.0
36;45;41;43;1;37;47;34;15.0;1;1;2;1;36.44444444444444;42;48;1;39.0;45;1;1;7;35;15.0;45;1;2;41;2;38;7;35;0.0;1;1;2;2;3;2;2;0;2;1;2;3;1;37;45;42;43;17.0;1;40.76470588235294;17.0;8;8;0;3;2;0.0;3;1;0;2;3.0;41.3
0;0;0;0;0;0;40;0;0.0;0;0;0;0;0.0;0;0;0;0.0;0;1;0;0;0;0.0;0;0;0;0;1;0;0;0;0.0;0;0;0;2;3;2;2;0;2;0;2;3;1;0;0;0;41;2.0;0;40.0;2.0;1;1;0;3;2;0.0;3;0;0;2;3.0;41.0
43;38;34;37;1;41;0;31;15.0;1;1;3;1;36.833333333333336;44;37;1;36.8;45;0;1;7;35;15.0;43;1;2;39;2;43;7;30;0.0;1;1;2;2;3;2;2;0;2;1;2;3;1;37;46;33;0;15.0;1;39.06666666666667;15.0;7;7;0;3;2;0.0;3;1;0;2;2.0;37.75
42;47;44;38;1;38;49;30;15.0;1;1;1;1;37.388888888888886;44;42;1;39.333333333333336;43;1;1;7;33;15.0;46;1;1;40;2;46;7;37;0.0;1;1;3;2;3;2;2;0;2;1;2;3;1;46;50;39;0;17.0;1;40.94117647058823;17.0;8;8;0;3;2;0.0;3;1;0;2;3.0;44.375
40;43;50;50;1;43;50;39;15.0;1;1;1;1;37.05555555555556;41;44;1;40.733333333333334;46;1;1;7;37;15.0;45;1;1;40;2;42;7;43;0.0;1;1;2;2;3;2;2;0;2;1;2;3;1;41;50;40;39;17.0;1;45.1764705882353;17.0;8;8;0;3;2;0.0;3;1;0;2;3.0;42.1
36;37;40;44;2;33;50;34;15.0;1;1;1;1;36.111111111111114;43;48;1;37.8;44;1;1;7;33;15.0;42;1;1;36;2;39;7;37;0.0;2;1;1;2;3;2;2;0;2;1;2;3;1;34;40;35;36;17.0;1;39.76470588235294;17.0;8;8;1;3;2;0.0;3;1;0;2;2.0;35.9
38;45;34;46;1;42;50;34;15.0;1;2;0;1;33.166666666666664;44;37;1;39.13333333333333;42;1;1;7;34;15.0;47;1;1;47;2;50;7;30;0.0;1;1;1;2;3;2;2;0;2;1;2;3;1;46;42;38;0;17.0;1;41.23529411764706;17.0;8;8;1;3;2;0.0;3;1;0;2;3.0;42.0
41;43;43;41;1;45;35;35;15.0;1;1;2;1;33.72222222222222;40;46;1;36.6;32;1;1;7;34;15.0;42;1;1;34;2;45;7;30;0.0;1;1;3;2;3;2;2;0;2;1;2;3;1;45;50;35;44;17.0;1;39.05882352941177;17.0;8;8;0;3;2;0.0;3;1;0;2;3.0;42.8
37;45;44;50;1;42;50;33;15.0;1;1;1;1;34.22222222222222;35;39;1;39.93333333333333;30;1;1;7;35;15.0;43;1;1;42;2;45;7;35;0.0;1;1;3;2;3;2;2;0;2;1;2;3;1;43;50;37;0;17.0;1;40.529411764705884;17.0;8;8;0;3;2;0.0;3;1;0;2;2.0;34.0
41;45;37;46;1;42;50;30;15.0;1;1;0;1;34.5;50;42;1;41.13333333333333;42;1;1;7;31;15.0;46;1;1;47;2;50;7;30;0.0;1;1;1;2;3;2;2;0;2;1;2;3;1;45;42;36;0;17.0;1;41.470588235294116;17.0;8;8;0;3;2;0.0;3;1;0;2;3.0;40.875
46;40;44;42;1;41;43;30;15.0;1;1;1;1;35.22222222222222;40;50;1;40.0;36;1;1;7;37;15.0;45;1;1;37;2;44;7;37;0.0;1;1;2;2;3;2;2;0;2;1;2;3;1;38;50;42;0;17.0;1;40.05882352941177;17.0;8;8;0;3;2;0.0;3;1;0;2;3.0;42.5
45;35;32;39;1;41;50;37;15.0;1;2;2;1;34.166666666666664;41;44;1;35.2;30;1;1;7;30;15.0;37;1;1;32;2;42;7;31;0.0;1;1;2;2;3;2;2;0;2;1;2;3;1;46;40;30;34;17.0;1;38.470588235294116;17.0;8;8;1;3;2;0.0;3;1;0;2;2.0;37.6
42;47;48;38;1;45;45;32;15.0;1;1;1;1;42.388888888888886;47;36;1;38.2;40;1;1;7;30;15.0;46;1;1;49;2;45;7;30;0.0;1;1;2;2;3;2;2;0;2;1;2;3;1;33;50;45;0;17.0;1;41.88235294117647;17.0;8;8;0;3;2;0.0;3;1;0;2;3.0;41.75
40;41;50;47;1;44;49;41;15.0;1;1;0;1;38.333333333333336;50;45;1;38.333333333333336;35;1;1;7;32;15.0;40;1;1;34;2;47;7;37;0.0;1;1;1;2;3;2;2;0;2;1;2;3;1;39;50;50;0;17.0;1;43.05882352941177;17.0;8;8;0;3;2;0.0;3;1;0;2;4.0;45.875
40;44;50;42;1;42;37;30;15.0;1;1;1;1;36.0;48;44;1;37.266666666666666;36;1;1;7;36;15.0;47;1;1;38;2;42;7;30;0.0;1;1;2;2;3;2;2;0;2;1;2;3;1;42;50;34;0;17.0;1;39.76470588235294;17.0;8;8;0;3;2;0.0;3;1;0;2;3.0;41.0
33;45;37;30;1;38;0;34;15.0;1;1;0;1;35.27777777777778;40;45;1;37.2;33;0;1;7;39;15.0;45;1;1;33;2;42;7;32;0.0;1;1;1;2;3;2;2;0;2;1;2;3;1;50;35;33;0;15.0;1;35.06666666666667;15.0;7;7;0;3;2;0.0;3;4;0;2;2.0;39.875
47;41;48;42;1;41;50;30;15.0;1;1;1;1;36.27777777777778;48;48;1;40.86666666666667;46;1;1;7;39;15.0;49;1;1;48;2;45;7;31;0.0;1;1;2;2;3;2;2;0;2;1;2;3;1;40;50;43;41;17.0;1;43.294117647058826;17.0;8;8;0;3;2;0.0;3;1;0;2;3.0;43.1
42;45;50;44;1;45;41;38;15.0;1;1;0;1;36.888888888888886;43;42;1;38.733333333333334;44;1;1;7;32;15.0;38;1;1;38;2;44;7;34;0.0;1;1;1;2;3;2;2;0;2;1;2;3;1;41;50;31;42;17.0;1;43.64705882352941;17.0;8;8;0;3;2;0.0;3;1;0;2;2.0;40.0
43;45;46;41;1;46;49;37;15.0;1;1;2;1;39.833333333333336;44;48;1;39.06666666666667;31;1;1;7;38;15.0;39;1;1;40;2;47;7;30;0.0;1;1;2;2;3;2;2;0;2;1;2;3;1;45;50;38;0;17.0;1;41.64705882352941;17.0;8;8;0;3;2;0.0;3;1;0;2;3.0;43.625
47;46;38;38;1;43;41;30;15.0;1;2;2;1;35.333333333333336;41;36;1;39.0;34;1;1;7;34;15.0;47;1;1;45;2;43;7;36;0.0;1;1;4;2;3;2;2;0;2;1;2;3;1;45;50;44;44;17.0;1;39.11764705882353;17.0;8;8;1;3;2;0.0;3;1;0;2;4.0;45.5
42;46;30;34;1;45;43;22;15.0;1;1;2;1;35.44444444444444;50;42;1;34.06666666666667;33;1;1;6;40;12.0;36;1;1;44;2;41;7;17;3.0;1;1;4;2;3;2;2;1;2;1;2;3;1;36;50;31;38;17.0;1;36.588235294117645;15.0;8;7;0;3;2;2.0;3;1;1;2;2.0;37.7
47;41;48;44;1;48;43;38;15.0;1;1;0;1;36.166666666666664;46;46;1;42.46666666666667;45;1;1;7;37;15.0;45;1;1;46;2;47;7;35;0.0;1;1;1;2;3;2;2;0;2;1;2;3;1;41;50;42;46;17.0;1;44.705882352941174;17.0;8;8;0;3;2;0.0;3;1;0;2;3.0;44.1
44;50;42;50;1;35;50;36;15.0;1;1;0;1;38.611111111111114;50;50;1;40.4;40;1;1;7;35;15.0;41;1;1;47;2;41;7;30;0.0;1;1;1;2;3;2;2;0;2;1;2;3;1;32;50;36;37;17.0;1;42.294117647058826;17.0;8;8;0;3;2;0.0;3;1;0;2;2.0;37.8
40;32;33;39;1;35;0;31;15.0;1;1;2;1;34.55555555555556;50;43;1;34.333333333333336;41;0;1;7;32;15.0;36;1;1;33;2;34;7;34;0.0;1;1;2;2;3;2;2;0;2;1;2;3;1;31;50;34;0;15.0;1;36.4;15.0;7;7;0;3;2;0.0;3;2;0;2;2.0;36.875
41;41;35;41;1;34;0;31;15.0;1;1;1;1;33.111111111111114;40;40;1;37.0;30;0;1;7;30;15.0;43;1;1;33;2;42;7;38;0.0;1;1;3;2;3;2;2;0;2;1;2;3;1;47;50;36;0;15.0;1;35.266666666666666;15.0;7;7;0;3;2;0.0;3;2;0;2;3.0;43.625
42;45;42;37;1;37;35;30;15.0;1;1;2;1;33.5;42;37;1;37.333333333333336;39;1;1;7;32;15.0;47;1;1;32;2;46;7;37;0.0;1;1;3;2;3;2;2;0;2;1;2;3;1;36;50;45;0;17.0;1;37.94117647058823;17.0;8;8;0;3;2;0.0;3;1;0;2;3.0;42.875
34;44;37;37;1;37;42;28;15.0;1;2;1;1;37.05555555555556;50;44;1;33.46666666666667;41;1;1;6;33;12.0;38;1;1;47;2;45;7;10;3.0;1;1;2;2;3;2;2;1;2;1;2;3;1;45;48;30;0;17.0;1;37.294117647058826;15.0;8;7;1;3;2;2.0;3;1;1;2;3.0;40.125
41;43;47;40;1;49;45;30;15.0;1;1;0;1;36.05555555555556;48;48;1;38.46666666666667;40;1;1;7;33;15.0;44;1;1;34;2;45;7;33;0.0;1;1;1;2;3;2;2;0;2;1;2;3;1;40;50;42;46;17.0;1;42.11764705882353;17.0;8;8;0;3;2;0.0;3;1;0;2;3.0;43.8
35;45;34;38;1;35;0;33;15.0;1;1;1;1;37.166666666666664;35;31;1;38.06666666666667;40;0;1;7;39;15.0;47;1;1;31;2;44;7;35;0.0;1;1;2;2;3;2;2;0;2;1;2;3;1;36;50;35;0;15.0;1;36.666666666666664;15.0;7;7;0;3;2;0.0;3;1;0;2;2.0;39.125
46;44;50;42;1;41;50;31;15.0;1;1;1;1;37.166666666666664;50;49;1;39.93333333333333;45;1;1;7;35;15.0;47;1;1;37;2;44;7;35;0.0;1;1;2;2;3;2;2;0;2;1;2;3;1;41;50;40;41;17.0;1;43.529411764705884;17.0;8;8;0;3;2;0.0;3;1;0;2;3.0;42.5
37;35;36;37;1;43;0;32;15.0;1;2;2;1;36.5;42;40;1;33.46666666666667;42;0;1;7;30;15.0;30;1;2;37;2;39;7;30;0.0;1;1;3;2;3;2;2;0;2;1;2;3;1;37;45;41;0;15.0;1;38.266666666666666;15.0;7;7;1;3;2;0.0;3;1;0;2;3.0;40.5
41;50;50;43;1;0;46;33;12.0;1;1;2;1;37.6;50;48;0;35.583333333333336;0;1;1;6;31;12.0;35;1;1;30;2;30;6;38;0.0;1;0;3;2;3;2;2;0;2;1;2;3;1;0;48;0;0;11.0;0;43.27272727272727;11.0;6;6;0;3;2;0.0;3;1;0;2;4.0;48.0
41;46;49;35;1;0;50;42;12.0;1;1;0;1;33.666666666666664;42;39;0;37.75;0;1;1;6;34;12.0;43;1;1;47;2;40;6;30;0.0;1;0;1;2;3;2;2;0;2;1;2;3;1;0;50;0;45;11.0;0;43.63636363636363;11.0;6;6;0;3;2;0.0;3;1;0;2;4.0;47.5
39;42;43;39;1;0;36;35;12.0;1;2;1;1;37.46666666666667;40;34;0;37.75;0;1;1;6;36;12.0;37;1;1;37;2;47;6;36;0.0;1;0;2;2;3;2;2;0;2;1;2;3;1;0;0;0;50;11.0;0;38.72727272727273;11.0;6;6;1;3;2;0.0;3;1;0;2;1.0;25.0
30;42;49;42;1;0;40;33;12.0;1;1;2;1;34.46666666666667;48;37;0;36.25;0;1;1;6;34;12.0;47;1;1;35;2;40;6;32;0.0;1;0;3;2;3;2;2;0;2;1;2;3;1;0;42;0;37;11.0;0;39.09090909090909;11.0;6;6;0;3;2;0.0;3;2;0;2;2.0;39.5
42;45;39;47;1;0;50;35;12.0;1;1;1;1;36.4;50;45;0;40.333333333333336;0;1;1;6;34;12.0;47;1;1;46;2;41;6;35;0.0;1;0;2;2;3;2;2;0;2;1;2;3;1;0;50;0;33;11.0;0;42.81818181818182;11.0;6;6;0;3;2;0.0;3;1;0;2;3.0;41.5
44;37;40;40;1;0;46;30;12.0;1;1;2;1;34.93333333333333;41;42;0;38.0;0;1;1;6;30;12.0;35;1;1;44;2;33;6;41;0.0;1;0;2;2;3;2;2;0;2;1;2;3;1;0;45;0;42;11.0;0;39.72727272727273;11.0;6;6;0;3;2;0.0;3;1;0;2;3.0;43.5
44;36;39;39;1;0;43;32;12.0;1;1;0;1;37.2;40;43;0;40.916666666666664;0;1;1;6;33;12.0;43;1;1;47;2;47;6;36;0.0;1;0;1;2;3;2;2;0;2;1;2;3;1;0;45;0;0;11.0;0;39.09090909090909;11.0;6;6;0;3;2;0.0;3;1;0;2;3.0;45.0
43;0;0;0;0;0;42;0;9.0;1;0;1;0;31.866666666666667;44;46;0;37.44444444444444;0;1;0;4;28;7.0;41;1;1;32;2;42;5;0;2.0;1;0;0;2;3;2;2;1;2;2;2;3;1;0;0;0;40;4.0;0;42.5;4.0;2;2;0;3;2;0.0;3;0;0;2;2.0;40.0
41;36;30;35;1;0;47;30;12.0;1;2;1;1;34.13333333333333;48;46;0;39.0;0;1;1;6;38;12.0;48;1;1;37;2;44;6;30;0.0;1;0;2;2;3;2;2;0;2;1;2;3;1;0;40;0;37;11.0;0;36.54545454545455;11.0;6;6;1;3;2;0.0;3;1;0;2;2.0;38.5
31;42;30;31;1;0;37;33;12.0;1;1;2;1;34.333333333333336;33;36;0;35.25;0;1;1;6;34;12.0;37;1;2;42;2;33;6;32;0.0;1;0;1;2;3;2;2;0;2;1;2;3;1;0;40;0;0;11.0;0;33.27272727272727;11.0;6;6;0;3;2;0.0;3;1;0;2;2.0;40.0
45;45;47;47;1;0;0;39;12.0;1;1;0;1;40.733333333333334;46;42;0;37.916666666666664;0;0;1;6;37;12.0;37;1;1;30;2;46;6;36;0.0;1;0;1;2;3;2;2;0;2;1;2;3;1;0;50;0;0;9.0;0;44.55555555555556;9.0;5;5;0;3;2;0.0;3;1;0;2;4.0;50.0
40;46;49;38;1;0;0;31;12.0;1;1;0;1;33.733333333333334;38;42;0;36.0;0;0;1;6;31;12.0;44;1;1;38;2;38;6;30;0.0;1;0;1;2;3;2;2;0;2;1;2;3;1;0;50;0;0;9.0;0;40.22222222222222;9.0;5;5;0;3;2;0.0;3;2;0;2;4.0;50.0
46;47;41;40;1;0;0;32;12.0;1;1;0;1;35.2;45;40;0;37.75;0;0;1;6;30;12.0;47;1;1;44;2;41;6;32;0.0;1;0;1;2;3;2;2;0;2;1;2;3;1;0;50;0;0;9.0;0;40.55555555555556;9.0;5;5;0;3;2;0.0;3;1;0;2;4.0;50.0
44;44;48;41;1;0;0;34;12.0;1;1;1;1;36.333333333333336;42;38;0;39.833333333333336;0;0;1;6;37;12.0;50;1;1;44;2;47;6;32;0.0;1;0;2;2;3;2;2;0;2;1;2;3;1;0;50;0;0;9.0;0;42.0;9.0;5;5;0;3;2;0.0;3;1;0;2;4.0;50.0
44;48;36;43;1;0;0;30;12.0;1;1;0;1;35.2;50;42;0;37.083333333333336;0;0;1;6;35;12.0;46;1;1;45;2;31;6;31;0.0;1;0;1;2;3;2;2;0;2;1;2;3;1;0;45;0;0;9.0;0;39.333333333333336;9.0;5;5;0;3;2;0.0;3;1;0;2;3.0;45.0
38;47;38;34;1;0;0;40;12.0;1;1;0;1;32.53333333333333;42;39;0;37.083333333333336;0;0;1;6;30;12.0;38;1;1;44;2;41;6;33;0.0;1;0;1;2;3;2;2;0;2;1;2;3;1;0;42;0;0;9.0;0;38.55555555555556;9.0;5;5;0;3;2;0.0;3;2;0;2;3.0;42.0
41;45;35;35;1;0;0;33;12.0;1;1;2;1;33.266666666666666;40;43;0;37.916666666666664;0;0;1;6;32;12.0;43;1;2;42;2;44;6;30;0.0;1;0;2;2;3;2;2;0;2;1;2;3;1;0;47;0;0;9.0;0;37.0;9.0;5;5;0;3;2;0.0;3;2;0;2;4.0;47.0
42;37;38;47;1;0;0;35;12.0;1;1;0;1;35.13333333333333;40;44;0;38.5;0;0;1;6;38;12.0;46;1;1;33;2;42;6;34;0.0;1;0;1;2;3;2;2;0;2;1;2;3;1;0;50;0;0;9.0;0;40.111111111111114;9.0;5;5;0;3;2;0.0;3;1;0;2;4.0;50.0
37;48;43;30;1;0;0;30;12.0;1;1;2;1;33.2;35;42;0;38.416666666666664;0;0;1;6;36;12.0;43;2;1;48;2;38;6;30;0.0;2;0;1;2;3;2;2;0;2;1;2;3;1;0;47;0;0;9.0;0;36.44444444444444;9.0;5;5;0;3;2;0.0;3;2;0;2;4.0;47.0
35;45;47;43;1;0;0;37;12.0;1;1;1;1;36.2;47;39;0;33.5;0;0;1;6;30;12.0;46;1;1;32;2;32;6;30;0.0;1;0;2;2;3;2;2;0;2;1;2;3;1;0;50;0;0;9.0;0;41.0;9.0;5;5;0;3;2;0.0;3;1;0;2;4.0;50.0
46;46;49;44;1;0;0;34;12.0;1;1;1;1;33.86666666666667;47;45;0;39.75;0;0;1;6;38;12.0;47;1;1;48;2;30;6;36;0.0;1;0;2;2;3;2;2;0;2;1;2;3;1;0;50;0;0;9.0;0;43.55555555555556;9.0;5;5;0;3;2;0.0;3;1;0;2;4.0;50.0
32;47;39;44;1;0;0;37;12.0;1;1;0;1;33.86666666666667;44;47;0;40.833333333333336;0;0;1;6;35;12.0;44;1;1;47;2;43;6;34;0.0;1;0;1;2;3;2;2;0;2;1;2;3;1;0;50;0;0;9.0;0;39.0;9.0;5;5;0;3;2;0.0;3;2;0;2;4.0;50.0
34;44;39;34;1;0;0;0;9.0;1;0;1;1;33.2;46;43;0;40.0;0;0;1;5;35;9.0;44;1;2;35;2;45;5;0;0.0;1;0;0;2;3;2;2;0;2;1;2;3;1;0;50;0;0;7.0;0;36.857142857142854;7.0;4;4;0;3;2;0.0;3;1;0;2;4.0;50.0
33;41;35;31;1;0;0;37;12.0;1;1;0;1;31.666666666666668;37;49;0;40.083333333333336;0;0;1;6;36;12.0;48;1;1;44;2;41;6;31;0.0;1;0;1;2;3;2;2;0;2;1;2;3;1;0;50;0;0;9.0;0;34.77777777777778;9.0;5;5;0;3;2;0.0;3;1;0;2;4.0;50.0
32;32;42;32;1;0;0;33;12.0;1;1;1;1;34.266666666666666;35;32;0;35.833333333333336;0;0;1;6;30;12.0;42;1;1;47;2;34;6;34;0.0;1;0;3;2;3;2;2;0;2;1;2;3;1;0;40;0;0;9.0;0;34.44444444444444;9.0;5;5;0;3;2;0.0;3;1;0;2;2.0;40.0
38;44;38;36;1;0;0;31;12.0;1;1;1;1;33.53333333333333;43;40;0;35.0;0;0;1;6;32;12.0;40;1;1;37;2;30;6;34;0.0;1;0;2;2;3;2;2;0;2;1;2;3;1;0;50;0;0;9.0;0;36.666666666666664;9.0;5;5;0;3;2;0.0;3;1;0;2;4.0;50.0
42;42;47;47;1;0;0;45;12.0;1;1;1;1;37.6;45;47;0;40.166666666666664;0;0;1;6;36;12.0;43;1;1;33;2;45;6;39;0.0;1;0;2;2;3;2;2;0;2;1;2;3;1;0;47;0;0;9.0;0;44.888888888888886;9.0;5;5;0;3;2;0.0;3;1;0;2;4.0;47.0
43;38;46;45;1;0;0;30;12.0;1;1;0;1;34.6;38;32;0;34.666666666666664;0;0;1;6;34;12.0;40;1;1;33;2;44;6;30;0.0;1;0;1;2;3;2;2;0;2;1;2;3;1;0;45;0;0;9.0;0;40.666666666666664;9.0;5;5;0;3;2;0.0;3;1;0;2;3.0;45.0
46;46;41;43;1;0;0;35;12.0;1;1;0;1;41.53333333333333;49;38;0;39.416666666666664;0;0;1;6;35;12.0;45;1;1;45;2;48;6;32;0.0;1;0;1;2;3;2;2;0;2;1;2;3;1;0;50;0;0;9.0;0;41.77777777777778;9.0;5;5;0;3;2;0.0;3;1;0;2;4.0;50.0
41;42;39;30;1;0;0;35;10.0;1;1;0;1;38.6;43;0;0;37.8;0;0;1;5;32;10.0;43;0;1;47;2;33;5;37;0.0;1;0;1;2;3;2;2;0;2;1;2;3;1;0;42;0;0;9.0;0;36.888888888888886;9.0;5;5;0;3;2;0.0;3;1;0;2;3.0;42.0
32;37;46;44;1;0;0;32;12.0;1;2;1;1;35.53333333333333;41;41;0;39.166666666666664;0;0;1;6;32;12.0;44;1;1;43;2;43;6;36;0.0;1;0;2;2;3;2;2;0;2;1;2;3;1;0;35;0;0;9.0;0;38.333333333333336;9.0;5;5;1;3;2;0.0;3;1;0;2;2.0;35.0
48;36;40;43;1;0;0;43;12.0;1;1;1;1;35.733333333333334;42;34;0;37.833333333333336;0;0;1;6;37;12.0;44;1;1;44;2;36;6;36;0.0;1;0;2;2;3;2;2;0;2;1;2;3;1;0;50;0;0;9.0;0;42.666666666666664;9.0;5;5;0;3;2;0.0;3;1;0;2;4.0;50.0
40;42;37;45;1;0;0;33;12.0;1;1;1;1;33.8;38;36;0;37.333333333333336;0;0;1;6;32;12.0;40;1;1;38;2;44;6;36;0.0;1;0;2;2;3;2;2;0;2;1;2;3;1;0;50;0;0;9.0;0;39.111111111111114;9.0;5;5;0;3;2;0.0;3;1;0;2;4.0;50.0
36;46;44;47;1;0;0;50;12.0;1;1;0;1;36.733333333333334;48;40;0;38.666666666666664;0;0;1;6;33;12.0;44;1;1;47;2;45;6;30;0.0;1;0;1;2;3;2;2;0;2;1;2;3;1;0;47;0;0;9.0;0;44.44444444444444;9.0;5;5;0;3;2;0.0;3;1;0;2;4.0;47.0
44;40;40;43;1;0;0;39;12.0;1;1;2;1;34.86666666666667;37;40;0;38.333333333333336;0;0;1;6;37;12.0;44;1;1;46;2;34;6;34;0.0;1;0;2;2;3;2;2;0;2;1;2;3;1;0;50;0;0;9.0;0;41.333333333333336;9.0;5;5;0;3;2;0.0;3;1;0;2;4.0;50.0
41;41;42;34;1;0;0;31;12.0;1;2;0;1;33.46666666666667;35;44;0;39.5;0;0;1;6;31;12.0;46;1;1;48;2;43;6;32;0.0;1;0;1;2;3;2;2;0;2;1;2;3;1;0;35;0;0;9.0;0;37.44444444444444;9.0;5;5;1;3;2;0.0;3;2;0;2;2.0;35.0
43;41;44;45;1;0;0;33;12.0;1;1;0;1;36.06666666666667;39;35;0;37.166666666666664;0;0;1;6;38;12.0;42;1;1;35;2;46;6;32;0.0;1;0;1;2;3;2;2;0;2;1;2;3;1;0;50;0;0;9.0;0;41.22222222222222;9.0;5;5;0;3;2;0.0;3;1;0;2;4.0;50.0
44;47;42;42;1;0;0;35;12.0;1;1;1;1;35.53333333333333;43;46;0;41.583333333333336;0;0;1;6;34;12.0;45;1;1;40;2;44;6;42;0.0;1;0;2;2;3;2;2;0;2;1;2;3;1;0;50;0;0;9.0;0;41.44444444444444;9.0;5;5;0;3;2;0.0;3;1;0;2;4.0;50.0
37;41;43;39;1;0;0;31;12.0;1;1;1;1;35.53333333333333;43;43;0;37.833333333333336;0;0;1;6;33;12.0;42;1;1;39;2;46;6;30;0.0;1;0;2;2;3;2;2;0;2;1;2;3;1;0;50;0;0;9.0;0;37.888888888888886;9.0;5;5;0;3;2;0.0;3;2;0;2;4.0;50.0
42;45;40;42;1;0;0;32;12.0;1;1;0;1;37.6;44;45;0;36.833333333333336;0;0;1;6;33;12.0;35;1;1;43;2;33;6;33;0.0;1;0;1;2;3;2;2;0;2;1;2;3;1;0;50;0;0;9.0;0;39.666666666666664;9.0;5;5;0;3;2;0.0;3;1;0;2;4.0;50.0
34;43;40;43;1;0;0;30;12.0;1;1;1;1;33.8;40;30;0;36.5;0;0;1;6;31;12.0;44;1;1;41;2;44;6;34;0.0;1;0;1;2;3;2;2;0;2;1;2;3;1;0;50;0;0;9.0;0;37.44444444444444;9.0;5;5;0;3;2;0.0;3;2;0;2;4.0;50.0
40;43;35;43;1;0;0;30;12.0;1;1;2;1;37.4;37;41;0;41.0;0;0;1;6;33;12.0;47;2;1;45;2;39;6;43;0.0;1;0;2;2;3;2;2;0;2;1;2;3;1;0;50;0;0;9.0;0;37.666666666666664;9.0;5;5;0;3;2;0.0;3;2;0;2;4.0;50.0
30;34;39;35;1;0;0;31;12.0;1;1;3;1;32.666666666666664;34;33;0;34.916666666666664;0;0;1;6;32;12.0;39;1;1;30;2;41;6;36;0.0;2;0;2;2;3;2;2;0;2;2;2;3;1;0;46;0;0;9.0;0;33.77777777777778;9.0;5;5;0;3;2;0.0;3;1;0;2;4.0;46.0
38;35;35;31;1;0;0;31;12.0;1;2;2;1;35.53333333333333;38;37;0;41.25;0;0;1;6;34;12.0;43;1;1;48;2;44;6;42;0.0;1;0;3;2;3;2;2;0;2;1;2;3;1;0;50;0;0;9.0;0;33.888888888888886;9.0;5;5;1;3;2;0.0;3;1;0;2;4.0;50.0
41;46;39;33;1;0;0;30;12.0;1;1;2;1;38.8;50;50;0;41.25;0;0;1;6;31;12.0;42;1;1;46;2;41;6;39;0.0;1;0;3;2;3;2;2;0;2;1;2;3;1;0;35;0;0;9.0;0;36.888888888888886;9.0;5;5;0;3;2;0.0;3;2;0;2;2.0;35.0
33;41;34;41;1;0;0;33;12.0;1;1;1;1;35.266666666666666;40;43;0;39.166666666666664;0;0;1;6;31;12.0;44;1;1;45;2;43;6;34;0.0;1;0;1;2;3;2;2;0;2;1;2;3;1;0;48;0;0;9.0;0;35.888888888888886;9.0;5;5;0;3;2;0.0;3;2;0;2;4.0;48.0
33;45;42;44;1;0;0;33;12.0;1;1;1;1;32.86666666666667;31;40;0;39.75;0;0;1;6;37;12.0;44;1;1;47;2;43;6;33;0.0;1;0;2;2;3;2;2;0;2;1;2;3;1;0;50;0;0;9.0;0;38.77777777777778;9.0;5;5;0;3;2;0.0;3;1;0;2;4.0;50.0
42;40;38;43;1;0;0;30;12.0;1;1;2;1;37.4;45;44;0;38.583333333333336;0;0;1;6;34;12.0;47;1;1;43;2;42;6;30;0.0;1;0;2;2;3;2;2;0;2;1;2;3;1;0;50;0;0;9.0;0;38.44444444444444;9.0;5;5;0;3;2;0.0;3;1;0;2;4.0;50.0
41;42;33;39;1;0;0;31;12.0;1;1;0;1;36.6;43;40;0;37.75;0;0;1;6;32;12.0;44;1;1;32;2;48;6;35;0.0;1;0;1;2;3;2;2;0;2;1;2;3;1;0;50;0;0;9.0;0;36.666666666666664;9.0;5;5;0;3;2;0.0;3;1;0;2;4.0;50.0
41;33;40;40;1;0;0;31;12.0;1;1;0;1;35.733333333333334;41;31;0;34.833333333333336;0;0;1;6;41;12.0;43;1;1;30;2;39;6;31;0.0;1;0;1;2;3;2;2;0;2;1;2;3;1;0;45;0;0;9.0;0;37.44444444444444;9.0;5;5;0;3;2;0.0;3;1;0;2;3.0;45.0
34;46;41;40;1;0;0;32;12.0;1;1;0;1;42.46666666666667;43;40;0;37.416666666666664;0;0;1;6;33;12.0;43;1;1;48;2;37;6;30;0.0;1;0;1;2;3;2;2;0;2;1;2;3;1;0;50;0;0;9.0;0;37.77777777777778;9.0;5;5;0;3;2;0.0;3;1;0;2;4.0;50.0
30;46;43;39;1;0;0;30;12.0;1;1;1;1;35.6;44;39;0;41.25;0;0;1;6;39;12.0;47;1;1;34;2;49;6;42;0.0;1;0;3;2;3;2;2;0;2;1;2;3;1;0;50;0;0;9.0;0;36.666666666666664;9.0;5;5;0;3;2;0.0;3;2;0;2;4.0;50.0
39;46;40;35;1;0;0;31;12.0;1;1;1;1;39.733333333333334;35;34;0;37.583333333333336;0;0;1;6;35;12.0;40;1;1;45;2;39;6;35;0.0;1;0;2;2;3;2;2;0;2;1;2;3;1;0;50;0;0;9.0;0;37.333333333333336;9.0;5;5;0;3;2;0.0;3;1;0;2;4.0;50.0
44;47;40;43;1;0;0;43;12.0;1;1;0;1;45.8;48;42;0;40.75;0;0;1;6;37;12.0;45;1;1;44;2;45;6;36;0.0;1;0;1;2;3;2;2;0;2;1;2;3;1;0;50;0;0;9.0;0;43.0;9.0;5;5;0;3;2;0.0;3;1;0;2;4.0;50.0
42;46;40;44;1;0;0;32;12.0;1;1;1;1;37.266666666666666;43;41;0;40.833333333333336;0;0;1;6;37;12.0;46;1;1;39;2;48;6;38;0.0;1;0;2;2;3;2;2;0;2;1;2;3;1;0;50;0;0;9.0;0;40.22222222222222;9.0;5;5;0;3;2;0.0;3;1;0;2;4.0;50.0
44;46;47;47;1;0;0;36;12.0;1;1;0;1;40.333333333333336;48;41;0;39.083333333333336;0;0;1;6;36;12.0;41;1;1;37;2;46;6;36;0.0;1;0;1;2;3;2;2;0;2;1;2;3;1;0;50;0;0;9.0;0;43.77777777777778;9.0;5;5;0;3;2;0.0;3;1;0;2;4.0;50.0
41;40;38;42;1;0;0;30;12.0;1;3;1;1;32.266666666666666;41;36;0;35.416666666666664;0;0;1;6;31;12.0;46;1;1;46;2;30;6;31;0.0;1;0;3;2;3;2;2;0;2;1;2;3;1;0;48;0;0;9.0;0;38.0;9.0;5;5;1;3;2;0.0;3;1;0;2;4.0;48.0
46;43;41;42;1;0;0;36;12.0;1;1;0;1;38.13333333333333;49;40;0;41.166666666666664;0;0;1;6;37;12.0;46;1;1;48;2;48;6;34;0.0;1;0;1;2;3;2;2;0;2;1;2;3;1;0;50;0;0;9.0;0;41.44444444444444;9.0;5;5;0;3;2;0.0;3;1;0;2;4.0;50.0
46;50;46;45;1;0;0;42;12.0;1;1;0;1;38.46666666666667;46;43;0;42.416666666666664;0;0;1;6;45;12.0;47;1;1;47;2;45;6;34;0.0;1;0;1;2;3;2;2;0;2;1;2;3;1;0;50;0;0;9.0;0;45.333333333333336;9.0;5;5;0;3;2;0.0;3;1;0;2;4.0;50.0
36;40;40;40;1;0;0;32;12.0;1;1;2;1;37.733333333333334;45;41;0;39.0;0;0;1;6;39;12.0;49;2;1;41;2;42;6;31;0.0;1;0;2;2;3;2;2;0;2;1;2;3;1;0;50;0;0;9.0;0;37.333333333333336;9.0;5;5;0;3;2;0.0;3;1;0;2;4.0;50.0
40;32;48;39;1;0;0;31;12.0;1;1;1;1;34.666666666666664;44;30;0;34.166666666666664;0;0;1;6;35;12.0;39;1;1;33;2;32;6;37;0.0;1;0;2;2;3;2;2;0;2;1;2;3;1;0;49;0;0;9.0;0;38.666666666666664;9.0;5;5;0;3;2;0.0;3;2;0;2;4.0;49.0
40;46;41;38;1;0;0;30;10.0;1;1;0;1;32.53333333333333;39;0;0;40.4;0;0;1;5;40;10.0;47;0;1;44;2;48;5;31;0.0;1;0;1;2;3;2;2;0;2;1;2;3;1;0;50;0;0;9.0;0;38.22222222222222;9.0;5;5;0;3;2;0.0;3;1;0;2;4.0;50.0
44;43;40;43;1;0;0;40;10.0;1;1;1;1;36.4;43;0;0;37.7;0;0;1;5;33;10.0;46;0;1;36;2;44;5;35;0.0;1;0;2;2;3;2;2;0;2;1;2;3;1;0;42;0;0;9.0;0;41.888888888888886;9.0;5;5;0;3;2;0.0;3;1;0;2;3.0;42.0
38;41;41;44;1;0;0;32;12.0;1;1;1;1;33.93333333333333;35;31;0;34.416666666666664;0;0;1;6;31;12.0;43;1;1;39;2;39;6;30;0.0;1;0;2;2;3;2;2;0;2;1;2;3;1;0;50;0;0;9.0;0;39.0;9.0;5;5;0;3;2;0.0;3;1;0;2;4.0;50.0
43;44;41;47;1;0;0;38;12.0;1;1;0;1;34.266666666666666;50;42;0;38.916666666666664;0;0;1;6;40;12.0;45;1;1;41;2;43;6;30;0.0;1;0;1;2;3;2;2;0;2;1;2;3;1;0;50;0;0;9.0;0;42.44444444444444;9.0;5;5;0;3;2;0.0;3;1;0;2;4.0;50.0
41;45;40;43;1;0;0;30;12.0;1;1;1;1;36.333333333333336;36;42;0;37.0;0;0;1;6;30;12.0;40;1;1;34;2;39;6;38;0.0;1;0;2;2;3;2;2;0;2;1;2;3;1;0;45;0;0;9.0;0;39.22222222222222;9.0;5;5;0;3;2;0.0;3;2;0;2;3.0;45.0
36;44;45;42;1;0;0;31;12.0;1;1;1;1;32.8;35;35;0;41.416666666666664;0;0;1;6;44;12.0;47;1;1;46;2;46;6;36;0.0;1;0;2;2;3;2;2;0;2;1;2;3;1;0;50;0;0;9.0;0;39.111111111111114;9.0;5;5;0;3;2;0.0;3;1;0;2;4.0;50.0
44;41;41;42;1;0;0;32;12.0;1;1;0;1;35.13333333333333;50;37;0;40.916666666666664;0;0;1;6;42;12.0;47;1;1;48;2;44;6;34;0.0;1;0;1;2;3;2;2;0;2;1;2;3;1;0;50;0;0;9.0;0;39.888888888888886;9.0;5;5;0;3;2;0.0;3;1;0;2;4.0;50.0
40;46;41;36;2;0;0;30;12.0;1;1;1;1;35.4;47;45;0;37.75;0;0;1;6;34;12.0;43;1;1;34;2;47;6;30;0.0;1;0;2;2;3;2;2;0;2;1;2;3;1;0;39;0;0;9.0;0;37.77777777777778;9.0;5;5;1;3;2;0.0;3;1;0;2;2.0;39.0
41;34;40;42;1;0;0;36;12.0;1;2;0;1;36.4;40;46;0;41.166666666666664;0;0;1;6;36;12.0;39;1;1;36;2;45;6;43;0.0;1;0;1;2;3;2;2;0;2;1;2;3;1;0;50;0;0;9.0;0;39.111111111111114;9.0;5;5;1;3;2;0.0;3;1;0;2;4.0;50.0
39;50;42;38;1;0;0;31;12.0;1;2;1;1;40.666666666666664;41;40;0;38.083333333333336;0;0;1;6;41;12.0;44;1;1;43;2;36;6;31;0.0;1;0;2;2;3;2;2;0;2;1;2;3;1;0;49;0;0;9.0;0;38.888888888888886;9.0;5;5;1;3;2;0.0;3;1;0;2;4.0;49.0
43;31;46;45;1;0;0;33;12.0;1;1;1;1;36.733333333333334;44;39;0;38.5;0;0;1;6;30;12.0;47;1;1;41;2;42;6;37;0.0;1;0;2;2;3;2;2;0;2;1;2;3;1;0;49;0;0;9.0;0;40.55555555555556;9.0;5;5;0;3;2;0.0;3;1;0;2;4.0;49.0
30;44;46;42;1;0;0;37;12.0;1;1;0;1;38.6;31;30;0;35.333333333333336;0;0;1;6;35;12.0;38;1;1;35;2;48;6;30;0.0;1;0;1;2;3;2;2;0;2;1;2;3;1;0;50;0;0;9.0;0;39.333333333333336;9.0;5;5;0;3;2;0.0;3;1;0;2;4.0;50.0
42;39;38;43;1;0;0;39;12.0;1;1;0;1;36.733333333333334;45;30;0;35.5;0;0;1;6;33;12.0;40;1;1;34;2;48;6;32;0.0;1;0;1;2;3;2;2;0;2;1;2;3;1;0;45;0;0;9.0;0;40.333333333333336;9.0;5;5;0;3;2;0.0;3;1;0;2;3.0;45.0
39;43;42;45;1;0;0;35;12.0;1;1;0;1;39.93333333333333;45;41;0;39.75;0;0;1;6;37;12.0;47;1;1;48;2;44;6;30;0.0;1;0;1;2;3;2;2;0;2;1;2;3;1;0;40;0;0;9.0;0;40.55555555555556;9.0;5;5;0;3;2;0.0;3;1;0;2;2.0;40.0
45;45;46;40;1;0;0;31;12.0;1;1;0;1;40.13333333333333;50;45;0;40.083333333333336;0;0;1;6;34;12.0;45;1;1;45;2;49;6;30;0.0;1;0;1;2;3;2;2;0;2;1;2;3;1;0;45;0;0;9.0;0;41.0;9.0;5;5;0;3;2;0.0;3;1;0;2;3.0;45.0
39;47;44;42;1;0;0;34;12.0;1;1;0;1;37.666666666666664;40;38;0;40.5;0;0;1;6;41;12.0;43;1;1;44;2;49;6;33;0.0;1;0;1;2;3;2;2;0;2;1;2;3;1;0;50;0;0;9.0;0;40.55555555555556;9.0;5;5;0;3;2;0.0;3;1;0;2;4.0;50.0
49;42;41;42;1;0;0;37;12.0;1;1;0;1;37.4;50;44;0;40.416666666666664;0;0;1;6;34;12.0;45;1;1;46;2;48;6;32;0.0;1;0;1;2;3;2;2;0;2;1;2;3;1;0;48;0;0;9.0;0;42.22222222222222;9.0;5;5;0;3;2;0.0;3;1;0;2;4.0;48.0
44;35;32;32;1;0;0;32;12.0;1;3;1;1;41.6;48;47;0;40.0;0;0;1;6;35;12.0;47;1;1;42;2;37;6;37;0.0;1;0;2;2;3;2;2;0;2;1;2;3;1;0;38;0;0;9.0;0;35.0;9.0;5;5;1;3;2;0.0;3;1;0;2;2.0;38.0
41;33;43;35;1;0;0;32;12.0;1;1;0;1;39.93333333333333;44;41;0;39.25;0;0;1;6;33;12.0;32;1;1;42;2;45;6;39;0.0;1;0;1;2;3;2;2;0;2;1;2;3;1;0;45;0;0;9.0;0;37.22222222222222;9.0;5;5;0;3;2;0.0;3;1;0;2;3.0;45.0
45;43;44;37;1;0;0;33;12.0;1;1;1;1;37.0;49;39;0;35.916666666666664;0;0;1;6;31;12.0;43;1;1;32;2;47;6;30;0.0;1;0;2;2;3;2;2;0;2;1;2;3;1;0;40;0;0;9.0;0;40.111111111111114;9.0;5;5;0;3;2;0.0;3;1;0;2;2.0;40.0
36;30;40;30;1;0;0;37;12.0;1;2;1;1;38.333333333333336;41;36;0;38.0;0;0;1;6;39;12.0;44;1;1;42;2;32;6;38;0.0;1;0;2;2;3;2;2;0;2;1;2;3;1;0;50;0;0;9.0;0;35.111111111111114;9.0;5;5;1;3;2;0.0;3;1;0;2;4.0;50.0
42;45;39;39;1;0;0;44;12.0;1;1;0;1;44.2;44;41;0;40.333333333333336;0;0;1;6;39;12.0;48;1;1;45;2;45;6;32;0.0;1;0;1;2;3;2;2;0;2;1;2;3;1;0;47;0;0;9.0;0;41.44444444444444;9.0;5;5;0;3;2;0.0;3;1;0;2;4.0;47.0
36;32;37;43;1;0;0;30;12.0;1;1;0;1;39.86666666666667;50;41;0;38.166666666666664;0;0;1;6;33;12.0;44;1;1;37;2;48;6;32;0.0;1;0;1;2;3;2;2;0;2;1;2;3;1;0;50;0;0;9.0;0;36.0;9.0;5;5;0;3;2;0.0;3;1;0;2;4.0;50.0
43;35;43;44;1;0;0;30;12.0;1;1;0;1;41.733333333333334;47;41;0;37.833333333333336;0;0;1;6;30;12.0;44;1;1;37;2;46;6;34;0.0;1;0;1;2;3;2;2;0;2;1;2;3;1;0;50;0;0;9.0;0;39.44444444444444;9.0;5;5;0;3;2;0.0;3;1;0;2;4.0;50.0
44;38;32;39;1;0;0;32;12.0;1;2;0;1;42.46666666666667;42;42;0;39.0;0;0;1;6;38;12.0;50;1;1;41;2;43;6;30;0.0;1;0;1;2;3;2;2;0;2;1;2;3;1;0;45;0;0;9.0;0;36.888888888888886;9.0;5;5;1;3;2;0.0;3;1;0;2;3.0;45.0
40;40;30;32;1;0;0;39;12.0;1;1;0;1;45.2;50;38;0;40.166666666666664;0;0;1;6;37;12.0;42;1;1;49;2;45;6;34;0.0;1;0;1;2;3;2;2;0;2;1;2;3;1;0;46;0;0;9.0;0;35.77777777777778;9.0;5;5;0;3;2;0.0;3;1;0;2;4.0;46.0
43;37;42;45;1;0;0;35;12.0;1;1;0;1;39.733333333333334;49;42;0;39.0;0;0;1;6;35;12.0;48;1;1;34;2;48;6;34;0.0;1;0;1;2;3;2;2;0;2;1;2;3;1;0;50;0;0;9.0;0;40.77777777777778;9.0;5;5;0;3;2;0.0;3;1;0;2;4.0;50.0
41;45;38;38;1;0;0;30;12.0;1;1;1;1;37.8;41;41;0;37.833333333333336;0;0;1;6;39;12.0;45;2;1;37;2;38;6;33;0.0;1;0;1;2;3;2;2;0;2;1;2;3;1;0;50;0;0;9.0;0;37.666666666666664;9.0;5;5;0;3;2;0.0;3;1;0;2;4.0;50.0
33;40;43;40;1;0;0;31;12.0;1;2;1;1;38.06666666666667;39;38;0;36.0;0;0;1;6;31;12.0;45;1;1;33;2;45;6;31;0.0;2;0;1;2;3;2;2;0;2;1;2;3;1;0;43;0;0;9.0;0;37.111111111111114;9.0;5;5;1;3;2;0.0;3;1;0;2;3.0;43.0
38;40;42;38;1;0;0;36;12.0;1;1;0;1;39.2;42;33;0;37.5;0;0;1;6;40;12.0;45;1;1;33;2;44;6;35;0.0;1;0;1;2;3;2;2;0;2;1;2;3;1;0;50;0;0;9.0;0;38.666666666666664;9.0;5;5;0;3;2;0.0;3;1;0;2;4.0;50.0
44;45;46;39;1;0;0;42;12.0;1;1;0;1;43.46666666666667;43;42;0;40.916666666666664;0;0;1;6;37;12.0;46;1;1;45;2;46;6;35;0.0;1;0;1;2;3;2;2;0;2;1;2;3;1;0;47;0;0;9.0;0;43.0;9.0;5;5;0;3;2;0.0;3;1;0;2;4.0;47.0
44;46;38;40;1;0;0;32;12.0;1;1;1;1;38.2;41;40;0;37.583333333333336;0;0;1;6;39;12.0;48;1;1;34;2;39;6;33;0.0;1;0;2;2;3;2;2;0;2;1;2;3;1;0;48;0;0;9.0;0;39.333333333333336;9.0;5;5;0;3;2;0.0;3;2;0;2;4.0;48.0
42;45;41;42;1;0;0;31;12.0;1;1;1;1;39.8;50;43;0;39.666666666666664;0;0;1;6;35;12.0;45;1;1;39;2;46;6;35;0.0;1;0;2;2;3;2;2;0;2;1;2;3;1;0;40;0;0;9.0;0;39.666666666666664;9.0;5;5;0;3;2;0.0;3;1;0;2;2.0;40.0
42;43;41;37;1;0;0;33;12.0;1;1;1;1;40.86666666666667;39;45;0;36.833333333333336;0;0;1;6;33;12.0;45;1;1;36;2;38;6;31;0.0;1;0;2;2;3;2;2;0;2;1;2;3;1;0;50;0;0;9.0;0;38.77777777777778;9.0;5;5;0;3;2;0.0;3;1;0;2;4.0;50.0
38;41;40;42;1;0;0;34;12.0;1;1;1;1;38.2;44;37;0;37.666666666666664;0;0;1;6;31;12.0;42;1;1;41;2;45;6;34;0.0;1;0;2;2;3;2;2;0;2;1;2;3;1;0;50;0;0;9.0;0;38.77777777777778;9.0;5;5;0;3;2;0.0;3;1;0;2;4.0;50.0
44;41;33;30;1;0;0;30;12.0;1;1;1;1;40.2;39;39;0;38.833333333333336;0;0;1;6;33;12.0;45;1;1;45;2;47;6;31;0.0;1;0;2;2;3;2;2;0;2;1;2;3;1;0;50;0;0;9.0;0;35.0;9.0;5;5;0;3;2;0.0;3;1;0;2;4.0;50.0
41;43;41;37;1;0;0;36;12.0;1;2;0;1;37.333333333333336;41;49;0;40.25;0;0;1;6;33;12.0;36;1;1;36;2;47;6;39;0.0;1;0;1;2;3;2;2;0;2;1;2;3;1;0;45;0;0;9.0;0;39.22222222222222;9.0;5;5;1;3;2;0.0;3;1;0;2;3.0;45.0
38;44;35;31;1;0;0;34;12.0;1;1;2;1;39.0;40;35;0;37.916666666666664;0;0;1;6;37;12.0;49;1;2;41;2;45;6;30;0.0;1;0;2;2;3;2;2;0;2;1;2;3;1;0;50;0;0;9.0;0;35.55555555555556;9.0;5;5;0;3;2;0.0;3;2;0;2;4.0;50.0
45;42;45;41;1;0;0;35;12.0;1;1;1;1;40.93333333333333;44;30;0;39.333333333333336;0;0;1;6;40;12.0;49;1;1;48;2;41;6;35;0.0;1;0;2;2;3;2;2;0;2;1;2;3;1;0;45;0;0;9.0;0;41.55555555555556;9.0;5;5;0;3;2;0.0;3;1;0;2;3.0;45.0
40;47;48;39;1;0;0;0;12.0;1;0;0;1;32.86666666666667;40;45;0;34.083333333333336;0;0;1;5;35;9.0;33;1;1;36;2;39;6;22;3.0;1;0;1;2;3;2;2;1;2;1;2;3;1;0;50;0;0;7.0;0;43.0;7.0;4;4;0;3;2;0.0;3;1;0;2;4.0;50.0
39;40;46;42;1;0;0;33;12.0;1;1;0;1;38.0;37;39;0;39.583333333333336;0;0;1;6;41;12.0;47;1;1;41;2;45;6;32;0.0;1;0;1;2;3;2;2;0;2;1;2;3;1;0;50;0;0;9.0;0;40.0;9.0;5;5;0;3;2;0.0;3;1;0;2;4.0;50.0
43;40;33;38;1;0;0;32;12.0;1;1;0;1;43.0;45;39;0;38.916666666666664;0;0;1;6;41;12.0;40;1;1;40;2;44;6;33;0.0;1;0;1;2;3;2;2;0;2;1;2;3;1;0;48;0;0;9.0;0;36.888888888888886;9.0;5;5;0;3;2;0.0;3;1;0;2;4.0;48.0
44;42;42;40;1;0;0;34;12.0;1;1;1;1;40.0;44;49;0;42.0;0;0;1;6;41;12.0;46;1;1;40;2;45;6;36;0.0;1;0;3;2;3;2;2;0;2;1;2;3;1;0;45;0;0;9.0;0;40.22222222222222;9.0;5;5;0;3;2;0.0;3;1;0;2;3.0;45.0
45;45;34;43;1;0;0;33;12.0;1;1;1;1;39.93333333333333;48;47;0;40.416666666666664;0;0;1;6;38;12.0;49;1;1;42;2;46;6;30;0.0;1;0;2;2;3;2;2;0;2;1;2;3;1;0;44;0;0;9.0;0;39.44444444444444;9.0;5;5;0;3;2;0.0;3;1;0;2;3.0;44.0
42;40;44;38;1;0;0;37;12.0;1;1;1;1;40.53333333333333;42;41;0;39.833333333333336;0;0;1;6;41;12.0;49;1;1;33;2;47;6;35;0.0;1;0;2;2;3;2;2;0;2;1;2;3;1;0;43;0;0;9.0;0;40.22222222222222;9.0;5;5;0;3;2;0.0;3;1;0;2;3.0;43.0
44;42;48;39;1;0;0;35;12.0;1;1;0;1;37.53333333333333;40;45;0;38.416666666666664;0;0;1;6;38;12.0;41;1;1;40;2;42;6;30;0.0;1;0;1;2;3;2;2;0;2;1;2;3;1;0;47;0;0;9.0;0;41.55555555555556;9.0;5;5;0;3;2;0.0;3;1;0;2;4.0;47.0
34;42;34;35;1;0;0;0;12.0;1;0;1;1;32.266666666666666;30;34;0;34.333333333333336;0;0;1;6;34;12.0;40;1;1;32;2;41;6;30;0.0;1;0;2;2;3;2;2;0;2;1;2;3;1;0;50;0;0;7.0;0;35.42857142857143;7.0;4;4;0;3;2;0.0;3;1;0;2;4.0;50.0
45;39;34;39;1;0;0;30;12.0;1;1;0;1;33.06666666666667;40;43;0;36.333333333333336;0;0;1;6;36;12.0;38;1;1;41;2;34;6;30;0.0;1;0;1;2;3;2;2;0;2;1;2;3;1;0;50;0;0;9.0;0;37.22222222222222;9.0;5;5;0;3;2;0.0;3;1;0;2;4.0;50.0
47;41;48;43;1;0;0;39;12.0;1;1;0;1;40.4;45;46;0;38.75;0;0;1;6;36;12.0;41;1;1;35;2;44;6;34;0.0;1;0;1;2;3;2;2;0;2;1;2;3;1;0;50;0;0;9.0;0;43.888888888888886;9.0;5;5;0;3;2;0.0;3;1;0;2;4.0;50.0
35;42;45;39;1;0;0;31;12.0;1;1;0;1;32.93333333333333;30;39;0;36.833333333333336;0;0;1;6;36;12.0;42;1;1;34;2;46;6;30;0.0;1;0;1;2;3;2;2;0;2;1;2;3;1;0;50;0;0;9.0;0;38.0;9.0;5;5;0;3;2;0.0;3;1;0;2;4.0;50.0
38;38;48;40;1;0;0;31;12.0;1;1;1;1;36.2;44;31;0;35.75;0;0;1;6;35;12.0;46;2;1;40;2;36;6;33;0.0;1;0;1;2;3;2;2;0;2;1;2;3;1;0;46;0;0;9.0;0;39.111111111111114;9.0;5;5;0;3;2;0.0;3;1;0;2;4.0;46.0
40;42;40;41;1;0;0;30;12.0;1;1;0;1;37.333333333333336;45;37;0;39.833333333333336;0;0;1;6;41;12.0;49;1;1;43;2;44;6;33;0.0;1;0;1;2;3;2;2;0;2;1;2;3;1;0;43;0;0;9.0;0;38.22222222222222;9.0;5;5;0;3;2;0.0;3;1;0;2;3.0;43.0
38;42;40;44;1;0;0;34;12.0;1;1;0;1;40.53333333333333;45;38;0;37.083333333333336;0;0;1;6;36;12.0;43;1;1;35;2;44;6;32;0.0;1;0;1;2;3;2;2;0;2;1;2;3;1;0;50;0;0;9.0;0;39.333333333333336;9.0;5;5;0;3;2;0.0;3;1;0;2;4.0;50.0
35;43;42;40;1;0;0;36;12.0;1;1;0;1;37.666666666666664;32;35;0;38.166666666666664;0;0;1;6;38;12.0;43;1;1;37;2;45;6;35;0.0;1;0;1;2;3;2;2;0;2;1;2;3;1;0;50;0;0;9.0;0;38.77777777777778;9.0;5;5;0;3;2;0.0;3;1;0;2;4.0;50.0
41;38;46;40;1;0;0;33;12.0;1;1;0;1;34.93333333333333;37;39;0;35.583333333333336;0;0;1;6;36;12.0;33;1;1;32;2;45;6;30;0.0;1;0;1;2;3;2;2;0;2;1;2;3;1;0;50;0;0;9.0;0;39.77777777777778;9.0;5;5;0;3;2;0.0;3;1;0;2;4.0;50.0
40;43;38;36;1;0;0;32;12.0;1;2;1;1;38.13333333333333;36;41;0;39.416666666666664;0;0;1;6;35;12.0;45;1;1;36;2;42;6;40;0.0;1;0;2;2;3;2;2;0;2;1;2;3;1;0;46;0;0;9.0;0;37.22222222222222;9.0;5;5;1;3;2;0.0;3;1;0;2;4.0;46.0
42;33;43;30;1;0;0;31;12.0;1;1;1;1;33.06666666666667;39;36;0;36.25;0;0;1;6;36;12.0;42;1;1;38;2;34;6;35;0.0;1;0;2;2;3;2;2;0;2;1;2;3;1;0;50;0;0;9.0;0;36.111111111111114;9.0;5;5;0;3;2;0.0;3;1;0;2;4.0;50.0
41;33;42;34;1;0;0;35;12.0;1;2;1;1;36.46666666666667;39;44;0;37.0;0;0;1;6;33;12.0;36;1;2;38;2;44;6;30;0.0;1;0;1;2;3;2;2;0;2;1;2;3;1;0;45;0;0;9.0;0;37.44444444444444;9.0;5;5;1;3;2;0.0;3;2;0;2;3.0;45.0
42;43;48;42;1;0;0;31;12.0;1;1;1;1;36.13333333333333;39;48;0;41.75;0;0;1;6;41;12.0;44;1;1;38;2;46;6;37;0.0;1;0;2;2;3;2;2;0;2;1;2;3;1;0;50;0;0;9.0;0;41.0;9.0;5;5;0;3;2;0.0;3;1;0;2;4.0;50.0
44;30;35;36;1;0;0;36;12.0;1;1;0;1;33.666666666666664;31;34;0;36.833333333333336;0;0;1;6;33;12.0;36;1;1;47;2;41;6;32;0.0;1;0;1;2;3;2;2;0;2;1;2;3;1;0;50;0;0;9.0;0;36.888888888888886;9.0;5;5;0;3;2;0.0;3;1;0;2;4.0;50.0
34;40;43;43;1;0;0;33;12.0;1;1;0;1;37.666666666666664;48;37;0;39.166666666666664;0;0;1;6;41;12.0;47;1;1;42;2;45;6;31;0.0;1;0;1;2;3;2;2;0;2;1;2;3;1;0;46;0;0;9.0;0;38.44444444444444;9.0;5;5;0;3;2;0.0;3;1;0;2;4.0;46.0
45;40;43;42;1;0;0;34;12.0;1;1;1;1;38.4;46;46;0;38.416666666666664;0;0;1;6;36;12.0;33;1;1;40;2;47;6;30;0.0;1;0;2;2;3;2;2;0;2;1;2;3;1;0;40;0;0;9.0;0;40.888888888888886;9.0;5;5;0;3;2;0.0;3;1;0;2;2.0;40.0
41;49;48;39;1;0;0;27;12.0;1;2;1;1;33.86666666666667;40;41;0;37.0;0;0;1;6;34;12.0;44;1;1;34;2;43;6;32;0.0;1;0;2;2;3;2;2;0;2;1;2;3;1;0;46;0;0;9.0;0;39.888888888888886;7.0;5;4;1;3;2;2.0;3;2;1;2;4.0;46.0
35;43;41;39;1;0;0;30;12.0;1;2;1;1;36.13333333333333;46;40;0;37.75;0;0;1;6;38;12.0;45;1;1;37;2;44;6;30;0.0;1;0;2;2;3;2;2;0;2;1;2;3;1;0;50;0;0;9.0;0;37.0;9.0;5;5;1;3;2;0.0;3;1;0;2;4.0;50.0
38;42;43;41;1;0;0;32;12.0;1;2;1;1;38.13333333333333;36;41;0;37.583333333333336;0;0;1;6;36;12.0;49;1;1;39;2;37;6;32;0.0;1;0;2;2;3;2;2;0;2;1;2;3;1;0;43;0;0;9.0;0;38.888888888888886;9.0;5;5;1;3;2;0.0;3;1;0;2;3.0;43.0
35;42;45;39;1;0;0;30;12.0;1;1;0;1;37.6;48;46;0;40.083333333333336;0;0;1;6;38;12.0;45;1;1;47;2;36;6;34;0.0;1;0;1;2;3;2;2;0;2;1;2;3;1;0;50;0;0;9.0;0;37.77777777777778;9.0;5;5;0;3;2;0.0;3;1;0;2;4.0;50.0
42;38;44;42;1;0;0;33;12.0;1;2;0;1;35.0;44;44;0;41.583333333333336;0;0;1;6;41;12.0;42;1;1;36;2;46;6;41;0.0;1;0;1;2;3;2;2;0;2;1;2;3;1;0;50;0;0;9.0;0;40.0;9.0;5;5;1;3;2;0.0;3;1;0;2;4.0;50.0
47;40;44;41;1;0;0;33;12.0;1;1;0;1;36.4;39;38;0;36.333333333333336;0;0;1;6;37;12.0;39;1;1;41;2;33;6;33;0.0;1;0;1;2;3;2;2;0;2;1;2;3;1;0;50;0;0;9.0;0;41.111111111111114;9.0;5;5;0;3;2;0.0;3;1;0;2;4.0;50.0
35;34;41;40;1;0;0;30;12.0;1;3;0;1;33.86666666666667;33;38;0;38.25;0;0;1;6;38;12.0;42;1;1;49;2;37;6;31;0.0;1;0;1;2;3;2;2;0;2;1;2;3;1;0;46;0;0;9.0;0;36.22222222222222;9.0;5;5;1;3;2;0.0;3;2;0;2;4.0;46.0
41;42;46;42;1;0;0;34;12.0;1;1;0;1;41.266666666666666;37;40;0;38.75;0;0;1;6;34;12.0;47;1;1;44;2;46;6;30;0.0;1;0;1;2;3;2;2;0;2;1;2;3;1;0;50;0;0;9.0;0;40.888888888888886;9.0;5;5;0;3;2;0.0;3;1;0;2;4.0;50.0
36;35;41;40;1;0;0;33;12.0;1;1;1;1;34.86666666666667;37;36;0;36.416666666666664;0;0;1;6;38;12.0;42;1;1;30;2;38;6;37;0.0;1;0;2;2;3;2;2;0;2;1;2;3;1;0;46;0;0;9.0;0;37.22222222222222;9.0;5;5;0;3;2;0.0;3;1;0;2;4.0;46.0
38;38;43;36;1;0;0;0;12.0;1;0;1;1;37.266666666666666;41;44;0;37.333333333333336;0;0;1;6;36;12.0;36;1;1;36;2;45;6;30;0.0;1;0;2;2;3;2;2;0;2;1;2;3;1;0;50;0;0;7.0;0;38.857142857142854;7.0;4;4;0;3;2;0.0;3;1;0;2;4.0;50.0
44;45;41;39;1;0;0;36;12.0;1;1;0;1;41.06666666666667;43;42;0;41.416666666666664;0;0;1;6;42;12.0;48;1;1;47;2;47;6;31;0.0;1;0;1;2;3;2;2;0;2;1;2;3;1;0;43;0;0;9.0;0;40.55555555555556;9.0;5;5;0;3;2;0.0;3;1;0;2;3.0;43.0
36;41;49;39;1;0;0;38;12.0;1;1;0;1;41.13333333333333;38;40;0;41.0;0;0;1;6;43;12.0;43;1;1;39;2;44;6;39;0.0;1;0;1;2;3;2;2;0;2;1;2;3;1;0;44;0;0;9.0;0;40.55555555555556;9.0;5;5;0;3;2;0.0;3;1;0;2;3.0;44.0
31;43;44;42;1;0;0;33;12.0;1;1;0;1;35.86666666666667;37;48;0;40.416666666666664;0;0;1;6;34;12.0;45;1;1;47;2;40;6;34;0.0;1;0;1;2;3;2;2;0;2;1;2;3;1;0;47;0;0;9.0;0;38.111111111111114;9.0;5;5;0;3;2;0.0;3;1;0;2;4.0;47.0
40;43;44;43;1;0;0;34;12.0;1;1;0;1;36.93333333333333;41;40;0;38.583333333333336;0;0;1;6;34;12.0;35;1;1;50;2;42;6;32;0.0;1;0;1;2;3;2;2;0;2;1;2;3;1;0;50;0;0;9.0;0;40.55555555555556;9.0;5;5;0;3;2;0.0;3;1;0;2;4.0;50.0
40;40;37;32;1;0;0;30;12.0;1;1;0;1;35.86666666666667;42;33;0;34.25;0;0;1;6;34;12.0;40;1;1;34;2;38;6;31;0.0;1;0;1;2;3;2;2;0;2;1;2;3;1;0;50;0;0;9.0;0;35.333333333333336;9.0;5;5;0;3;2;0.0;3;1;0;2;4.0;50.0
44;38;36;43;1;0;0;35;12.0;1;1;0;1;40.266666666666666;41;35;0;39.0;0;0;1;6;42;12.0;46;1;1;47;2;42;6;30;0.0;1;0;1;2;3;2;2;0;2;1;2;3;1;0;43;0;0;9.0;0;39.333333333333336;9.0;5;5;0;3;2;0.0;3;1;0;2;3.0;43.0
41;43;46;41;1;0;0;33;12.0;1;1;0;1;34.53333333333333;46;40;0;39.0;0;0;1;6;38;12.0;40;1;1;50;2;35;6;34;0.0;1;0;1;2;3;2;2;0;2;1;2;3;1;0;50;0;0;9.0;0;40.55555555555556;9.0;5;5;0;3;2;0.0;3;1;0;2;4.0;50.0
43;47;40;41;1;0;0;30;12.0;1;2;0;1;34.333333333333336;39;42;0;37.583333333333336;0;0;1;6;38;12.0;42;1;1;36;2;42;6;31;0.0;1;0;1;2;3;2;2;0;2;1;2;3;1;0;50;0;0;9.0;0;39.44444444444444;9.0;5;5;1;3;2;0.0;3;1;0;2;4.0;50.0
0;43;0;0;1;0;49;0;6.0;0;0;0;0;32.53846153846154;35;0;0;34.833333333333336;0;1;0;3;0;6.0;43;0;0;0;2;38;3;0;0.0;1;0;0;2;3;2;2;0;2;1;2;3;1;0;0;0;37;3.0;0;47.0;3.0;2;2;0;3;2;0.0;3;0;0;2;2.0;37.0
43;42;44;40;1;0;0;35;12.0;1;1;0;1;39.266666666666666;37;42;0;41.5;0;0;1;6;40;12.0;37;1;1;41;2;49;6;39;0.0;1;0;1;2;3;2;2;0;2;1;2;3;1;0;50;0;0;9.0;0;40.666666666666664;9.0;5;5;0;3;2;0.0;3;2;0;2;4.0;50.0
43;46;40;36;1;0;0;41;12.0;1;1;1;1;43.46666666666667;50;43;0;40.916666666666664;0;0;1;6;40;12.0;47;1;1;40;2;48;6;34;0.0;1;0;2;2;3;2;2;0;2;1;2;3;1;0;50;0;0;9.0;0;40.666666666666664;9.0;5;5;0;3;2;0.0;3;1;0;2;4.0;50.0
47;46;37;39;1;0;0;0;9.0;1;0;1;1;34.8;45;47;0;39.333333333333336;0;0;1;5;33;9.0;36;1;1;41;2;38;5;0;0.0;1;0;0;2;3;2;2;0;2;2;2;3;1;0;47;0;0;7.0;0;41.714285714285715;7.0;4;4;0;3;2;0.0;3;1;0;2;4.0;47.0
44;46;42;39;1;0;0;34;12.0;1;1;0;1;36.86666666666667;44;43;0;41.0;0;0;1;6;40;12.0;46;1;1;42;2;44;6;36;0.0;1;0;1;2;3;2;2;0;2;1;2;3;1;0;50;0;0;9.0;0;40.44444444444444;9.0;5;5;0;3;2;0.0;3;1;0;2;4.0;50.0
42;40;48;38;1;45;49;34;13.0;1;2;0;1;40.94444444444444;44;0;1;38.84615384615385;41;1;1;6;39;13.0;42;0;1;48;2;44;6;30;0.0;1;1;1;2;3;2;2;0;2;1;2;3;1;36;50;34;0;17.0;1;42.35294117647059;17.0;8;8;1;3;2;0.0;3;1;0;2;2.0;38.75
34;32;39;31;1;0;0;34;12.0;1;1;0;1;35.266666666666666;36;40;0;37.666666666666664;0;0;1;6;30;12.0;38;1;1;50;2;42;6;30;0.0;1;0;1;2;3;2;2;0;2;1;2;3;1;0;50;0;0;9.0;0;34.22222222222222;9.0;5;5;0;3;2;0.0;3;1;0;2;4.0;50.0
37;47;40;38;1;0;0;0;7.0;1;0;1;1;32.916666666666664;45;41;0;37.285714285714285;0;0;1;4;0;7.0;47;1;1;31;2;35;4;0;0.0;1;0;0;2;3;2;2;0;2;2;2;3;1;0;50;0;0;7.0;0;39.57142857142857;7.0;4;4;0;3;2;0.0;3;1;0;2;4.0;50.0
31;32;35;32;1;0;0;31;12.0;1;1;1;1;35.0;42;31;0;34.166666666666664;0;0;1;6;34;12.0;45;1;1;39;2;32;6;31;0.0;1;0;1;2;3;2;2;0;2;2;2;3;1;0;50;0;0;9.0;0;32.22222222222222;9.0;5;5;0;3;2;0.0;3;1;0;2;4.0;50.0
41;44;46;45;1;0;0;38;12.0;1;1;0;1;39.93333333333333;36;43;0;38.5;0;0;1;6;41;12.0;44;1;1;36;2;44;6;30;0.0;1;0;1;2;3;2;2;0;2;1;2;3;1;0;50;0;0;9.0;0;42.666666666666664;9.0;5;5;0;3;2;0.0;3;1;0;2;4.0;50.0
45;45;42;45;1;0;0;34;12.0;1;1;0;1;36.2;39;41;0;40.916666666666664;0;0;1;6;42;12.0;45;1;1;50;2;45;6;30;0.0;1;0;1;2;3;2;2;0;2;1;2;3;1;0;47;0;0;9.0;0;41.888888888888886;9.0;5;5;0;3;2;0.0;3;1;0;2;4.0;47.0
30;43;42;34;1;0;0;34;12.0;1;2;0;1;36.4;37;35;0;34.5;0;0;1;6;36;12.0;36;1;1;36;2;37;6;30;0.0;1;0;1;2;3;2;2;0;2;1;2;3;1;0;50;0;0;9.0;0;35.888888888888886;9.0;5;5;1;3;2;0.0;3;1;0;2;4.0;50.0
46;47;48;40;1;0;0;0;12.0;1;0;1;1;36.8;49;48;0;40.833333333333336;0;0;1;6;39;12.0;48;1;1;41;2;48;6;30;0.0;1;0;2;2;3;2;2;0;2;1;2;3;1;0;45;0;0;7.0;0;45.0;7.0;4;4;0;3;2;0.0;3;1;0;2;3.0;45.0
43;45;48;42;1;0;0;33;12.0;1;1;0;1;38.8;45;43;0;39.333333333333336;0;0;1;6;42;12.0;48;1;1;42;2;37;6;32;0.0;1;0;1;2;3;2;2;0;2;1;2;3;1;0;50;0;0;9.0;0;41.888888888888886;9.0;5;5;0;3;2;0.0;3;1;0;2;4.0;50.0
42;45;48;42;1;0;0;37;12.0;1;1;0;1;41.86666666666667;39;49;0;39.333333333333336;0;0;1;6;42;12.0;48;1;1;36;2;37;6;32;0.0;1;0;1;2;3;2;2;0;2;1;2;3;1;0;45;0;0;9.0;0;42.55555555555556;9.0;5;5;0;3;2;0.0;3;1;0;2;3.0;45.0
41;35;38;37;1;0;0;0;12.0;1;0;1;1;36.2;35;46;0;36.333333333333336;0;0;1;5;36;9.0;42;1;1;41;2;47;6;18;3.0;1;0;2;2;3;2;2;1;2;1;2;3;1;0;46;0;0;7.0;0;38.142857142857146;7.0;4;4;0;3;2;0.0;3;1;0;2;4.0;46.0
40;43;44;37;1;0;0;38;12.0;1;2;0;1;38.53333333333333;39;38;0;36.25;0;0;1;6;38;12.0;41;1;1;36;2;34;6;34;0.0;1;0;1;2;3;2;2;0;2;1;2;3;1;0;45;0;0;9.0;0;40.111111111111114;9.0;5;5;1;3;2;0.0;3;1;0;2;3.0;45.0
43;40;47;40;1;0;0;37;12.0;1;1;0;1;44.733333333333334;50;46;0;41.666666666666664;0;0;1;6;40;12.0;44;1;1;44;2;44;6;36;0.0;1;0;1;2;3;2;2;0;2;1;2;3;1;0;43;0;0;9.0;0;41.55555555555556;9.0;5;5;0;3;2;0.0;3;1;0;2;3.0;43.0
41;36;37;40;1;0;0;32;12.0;1;1;0;1;36.6;44;43;0;38.666666666666664;0;0;1;6;38;12.0;35;1;1;42;2;45;6;31;0.0;1;0;1;2;3;2;2;0;2;1;2;3;1;0;38;0;0;9.0;0;37.333333333333336;9.0;5;5;0;3;2;0.0;3;1;0;2;2.0;38.0
38;30;41;42;1;0;0;31;12.0;1;1;0;1;41.733333333333334;49;34;0;35.5;0;0;1;6;38;12.0;46;1;1;32;2;35;6;34;0.0;1;0;1;2;3;2;2;0;2;1;2;3;1;0;50;0;0;9.0;0;37.111111111111114;9.0;5;5;0;3;2;0.0;3;1;0;2;4.0;50.0
42;42;45;33;1;0;0;33;12.0;1;1;1;1;35.333333333333336;36;43;0;37.583333333333336;0;0;1;6;32;12.0;42;1;1;42;2;41;6;31;0.0;1;0;1;2;3;2;2;0;2;1;2;3;1;0;46;0;0;9.0;0;38.666666666666664;9.0;5;5;0;3;2;0.0;3;1;0;2;4.0;46.0
44;46;41;39;1;0;0;31;12.0;1;1;0;1;32.266666666666666;46;39;0;35.0;0;0;1;6;34;12.0;42;1;1;36;2;35;6;30;0.0;1;0;1;2;3;2;2;0;2;1;2;3;1;0;46;0;0;9.0;0;39.55555555555556;9.0;5;5;0;3;2;0.0;3;1;0;2;4.0;46.0
41;35;45;35;1;0;0;36;12.0;1;1;0;1;33.93333333333333;45;45;0;38.333333333333336;0;0;1;6;30;12.0;45;1;1;42;2;44;6;31;0.0;1;0;1;2;3;2;2;0;2;1;2;3;1;0;50;0;0;9.0;0;38.77777777777778;9.0;5;5;0;3;2;0.0;3;1;0;2;4.0;50.0
44;39;49;40;1;0;0;33;12.0;1;1;1;1;36.13333333333333;30;40;0;41.166666666666664;0;0;1;6;37;12.0;47;1;1;44;2;47;6;37;0.0;2;0;1;2;3;2;2;0;2;1;2;3;1;0;44;0;0;9.0;0;41.22222222222222;9.0;5;5;0;3;2;0.0;3;1;0;2;3.0;44.0
45;43;48;39;1;0;0;32;12.0;1;1;0;1;37.2;46;47;0;40.5;0;0;1;6;37;12.0;44;1;1;37;2;46;6;36;0.0;1;0;1;2;3;2;2;0;2;1;2;3;1;0;46;0;0;9.0;0;41.22222222222222;9.0;5;5;0;3;2;0.0;3;1;0;2;4.0;46.0
46;44;45;36;1;0;0;32;12.0;1;1;0;1;36.93333333333333;48;49;0;41.083333333333336;0;0;1;6;39;12.0;44;1;1;44;2;43;6;33;0.0;1;0;1;2;3;2;2;0;2;1;2;3;1;0;50;0;0;9.0;0;40.22222222222222;9.0;5;5;0;3;2;0.0;3;1;0;2;4.0;50.0
45;43;48;47;1;0;0;41;12.0;1;1;0;1;37.333333333333336;43;49;0;42.5;0;0;1;6;45;12.0;47;1;1;45;2;43;6;33;0.0;1;0;1;2;3;2;2;0;2;1;2;3;1;0;50;0;0;9.0;0;45.0;9.0;5;5;0;3;2;0.0;3;1;0;2;4.0;50.0
41;46;43;48;1;0;0;30;12.0;1;1;0;1;35.53333333333333;42;36;0;39.416666666666664;0;0;1;6;42;12.0;48;1;1;40;2;45;6;33;0.0;1;0;1;2;3;2;2;0;2;1;2;3;1;0;50;0;0;9.0;0;41.111111111111114;9.0;5;5;0;3;2;0.0;3;1;0;2;4.0;50.0
41;45;38;42;1;34;37;0;13.0;1;0;0;1;35.27777777777778;49;39;1;38.46153846153846;0;1;1;5;0;10.0;44;1;1;41;2;49;6;20;3.0;1;0;1;2;3;2;2;1;2;1;2;3;1;0;0;0;42;12.0;0;38.583333333333336;12.0;6;6;0;3;2;0.0;3;0;0;2;3.0;42.0
0;0;40;30;0;0;0;34;10.0;0;1;0;1;35.15384615384615;33;0;0;35.6;0;0;1;5;31;10.0;45;0;1;36;2;42;5;31;0.0;1;0;1;2;3;2;2;0;2;1;2;3;1;0;48;0;0;6.0;0;34.666666666666664;6.0;3;3;0;3;2;0.0;3;1;0;2;4.0;48.0
44;39;0;50;1;0;0;0;12.0;1;0;1;0;38.666666666666664;43;46;0;39.166666666666664;0;0;1;6;41;12.0;47;1;1;30;2;48;6;31;0.0;1;0;2;2;3;2;2;0;2;1;2;3;1;0;50;0;0;5.0;0;45.4;5.0;3;3;0;3;2;0.0;3;1;0;2;4.0;50.0
43;38;45;43;1;0;0;33;12.0;1;1;0;1;33.2;41;40;0;40.333333333333336;0;0;1;6;45;12.0;41;1;1;35;2;46;6;37;0.0;1;0;1;2;3;2;2;0;2;1;2;3;1;0;48;0;0;9.0;0;40.666666666666664;9.0;5;5;0;3;2;0.0;3;1;0;2;4.0;48.0
44;47;43;43;1;0;0;37;12.0;1;1;0;1;37.86666666666667;43;32;0;37.75;0;0;1;6;33;12.0;43;1;1;38;2;42;6;40;0.0;1;0;1;2;3;2;2;0;2;1;2;3;1;0;45;0;0;9.0;0;42.333333333333336;9.0;5;5;0;3;2;0.0;3;1;0;2;3.0;45.0
